-- phpMyAdmin SQL Dump
-- version 4.8.4
-- https://www.phpmyadmin.net/
--
-- Host: 127.0.0.1
-- Waktu pembuatan: 02 Sep 2020 pada 05.45
-- Versi server: 10.1.37-MariaDB
-- Versi PHP: 7.3.1

SET SQL_MODE = "NO_AUTO_VALUE_ON_ZERO";
SET AUTOCOMMIT = 0;
START TRANSACTION;
SET time_zone = "+00:00";


/*!40101 SET @OLD_CHARACTER_SET_CLIENT=@@CHARACTER_SET_CLIENT */;
/*!40101 SET @OLD_CHARACTER_SET_RESULTS=@@CHARACTER_SET_RESULTS */;
/*!40101 SET @OLD_COLLATION_CONNECTION=@@COLLATION_CONNECTION */;
/*!40101 SET NAMES utf8mb4 */;

--
-- Database: `skripsi`
--

-- --------------------------------------------------------

--
-- Struktur dari tabel `tb_aturan`
--

CREATE TABLE `tb_aturan` (
  `id_aturan` bigint(20) NOT NULL,
  `status_aturan` enum('Normal','Sedang','Tinggi') NOT NULL,
  `cf_aturan` double NOT NULL
) ENGINE=InnoDB DEFAULT CHARSET=latin1;

--
-- Dumping data untuk tabel `tb_aturan`
--

INSERT INTO `tb_aturan` (`id_aturan`, `status_aturan`, `cf_aturan`) VALUES
(1, 'Normal', 0.8),
(2, 'Normal', 0.8),
(3, 'Normal', 0.8),
(4, 'Normal', 0.8),
(5, 'Normal', 0.8),
(6, 'Normal', 0.8),
(7, 'Normal', 0.8),
(8, 'Normal', 0.8),
(9, 'Normal', 0.8),
(10, 'Normal', 0.8),
(11, 'Normal', 0.8),
(12, 'Normal', 0.8),
(13, 'Normal', 0.8),
(14, 'Normal', 0.8),
(15, 'Normal', 0.8),
(16, 'Normal', 0.8),
(17, 'Normal', 0.8),
(18, 'Normal', 0.8),
(19, 'Normal', 0.8),
(20, 'Normal', 0.8),
(21, 'Normal', 0.8),
(22, 'Normal', 0.8),
(23, 'Normal', 0.8),
(24, 'Normal', 0.8),
(25, 'Normal', 0.8),
(26, 'Normal', 0.8),
(27, 'Normal', 0.8),
(28, 'Normal', 0.8),
(29, 'Normal', 0.8),
(30, 'Normal', 0.8),
(31, 'Normal', 0.8),
(32, 'Normal', 0.8),
(33, 'Normal', 0.8),
(34, 'Normal', 0.8),
(35, 'Normal', 0.8),
(36, 'Normal', 0.8),
(37, 'Normal', 0.8),
(38, 'Normal', 0.8),
(39, 'Normal', 0.8),
(40, 'Normal', 0.8),
(41, 'Normal', 0.8),
(42, 'Normal', 0.8),
(43, 'Normal', 0.8),
(44, 'Normal', 0.8),
(45, 'Normal', 0.8),
(46, 'Normal', 0.8),
(47, 'Normal', 0.8),
(48, 'Normal', 0.8),
(49, 'Normal', 0.8),
(50, 'Normal', 0.8),
(51, 'Normal', 0.8),
(52, 'Normal', 0.8),
(53, 'Normal', 0.8),
(54, 'Normal', 0.8),
(55, 'Normal', 0.8),
(56, 'Normal', 0.8),
(57, 'Normal', 0.8),
(58, 'Normal', 0.8),
(59, 'Normal', 0.8),
(60, 'Normal', 0.8),
(61, 'Normal', 0.8),
(62, 'Normal', 0.8),
(63, 'Normal', 0.8),
(64, 'Normal', 0.8),
(65, 'Normal', 0.8),
(66, 'Normal', 0.8),
(67, 'Normal', 0.8),
(68, 'Normal', 0.8),
(69, 'Normal', 0.8),
(70, 'Normal', 0.8),
(71, 'Normal', 0.8),
(72, 'Normal', 0.8),
(73, 'Normal', 0.8),
(74, 'Normal', 0.8),
(75, 'Normal', 0.8),
(76, 'Normal', 0.8),
(77, 'Normal', 0.8),
(78, 'Normal', 0.8),
(79, 'Normal', 0.8),
(80, 'Normal', 0.8),
(81, 'Normal', 0.8),
(82, 'Normal', 0.8),
(83, 'Normal', 0.8),
(84, 'Normal', 0.8),
(85, 'Normal', 0.8),
(86, 'Normal', 0.8),
(87, 'Normal', 0.8),
(88, 'Normal', 0.8),
(89, 'Normal', 0.8),
(90, 'Normal', 0.8),
(91, 'Normal', 0.8),
(92, 'Normal', 0.8),
(93, 'Normal', 0.8),
(94, 'Normal', 0.8),
(95, 'Normal', 0.8),
(96, 'Normal', 0.8),
(97, 'Normal', 0.8),
(98, 'Normal', 0.8),
(99, 'Normal', 0.8),
(100, 'Normal', 0.8),
(101, 'Normal', 0.8),
(102, 'Normal', 0.8),
(103, 'Normal', 0.8),
(104, 'Normal', 0.8),
(105, 'Normal', 0.8),
(106, 'Normal', 0.8),
(107, 'Normal', 0.8),
(108, 'Normal', 0.8),
(109, 'Normal', 0.8),
(110, 'Normal', 0.8),
(111, 'Normal', 0.8),
(112, 'Normal', 0.8),
(113, 'Normal', 0.8),
(114, 'Normal', 0.8),
(115, 'Normal', 0.8),
(116, 'Normal', 0.8),
(117, 'Normal', 0.8),
(118, 'Normal', 0.8),
(119, 'Normal', 0.8),
(120, 'Normal', 0.8),
(121, 'Normal', 0.8),
(122, 'Normal', 0.8),
(123, 'Normal', 0.8),
(124, 'Normal', 0.8),
(125, 'Normal', 0.8),
(126, 'Normal', 0.8),
(127, 'Normal', 0.8),
(128, 'Normal', 0.8),
(129, 'Normal', 0.8),
(130, 'Normal', 0.8),
(131, 'Normal', 0.8),
(132, 'Normal', 0.8),
(133, 'Normal', 0.8),
(134, 'Normal', 0.8),
(135, 'Normal', 0.8),
(136, 'Normal', 0.8),
(137, 'Normal', 0.8),
(138, 'Normal', 0.8),
(139, 'Normal', 0.8),
(140, 'Normal', 0.8),
(141, 'Normal', 0.8),
(142, 'Normal', 0.8),
(143, 'Normal', 0.8),
(144, 'Normal', 0.8),
(145, 'Normal', 0.8),
(146, 'Normal', 0.8),
(147, 'Normal', 0.8),
(148, 'Normal', 0.8),
(149, 'Normal', 0.8),
(150, 'Normal', 0.8),
(151, 'Normal', 0.8),
(152, 'Normal', 0.8),
(153, 'Normal', 0.8),
(154, 'Normal', 0.8),
(155, 'Normal', 0.8),
(156, 'Normal', 0.8),
(157, 'Normal', 0.8),
(158, 'Normal', 0.8),
(159, 'Normal', 0.8),
(160, 'Normal', 0.8),
(161, 'Normal', 0.8),
(162, 'Normal', 0.8),
(163, 'Normal', 0.8),
(164, 'Normal', 0.8),
(165, 'Normal', 0.8),
(166, 'Normal', 0.8),
(167, 'Normal', 0.8),
(168, 'Normal', 0.8),
(169, 'Normal', 0.8),
(170, 'Normal', 0.8),
(171, 'Normal', 0.8),
(172, 'Normal', 0.8),
(173, 'Normal', 0.8),
(174, 'Normal', 0.8),
(175, 'Normal', 0.8),
(176, 'Normal', 0.8),
(177, 'Normal', 0.8),
(178, 'Normal', 0.8),
(179, 'Normal', 0.8),
(180, 'Normal', 0.8),
(181, 'Normal', 0.8),
(182, 'Normal', 0.8),
(183, 'Normal', 0.8),
(184, 'Normal', 0.8),
(185, 'Normal', 0.8),
(186, 'Normal', 0.8),
(187, 'Normal', 0.8),
(188, 'Normal', 0.8),
(189, 'Normal', 0.8),
(190, 'Normal', 0.8),
(191, 'Normal', 0.8),
(192, 'Normal', 0.8),
(193, 'Normal', 0.8),
(194, 'Normal', 0.8),
(195, 'Normal', 0.8),
(196, 'Normal', 0.8),
(197, 'Normal', 0.8),
(198, 'Normal', 0.8),
(199, 'Normal', 0.8),
(200, 'Normal', 0.8),
(201, 'Normal', 0.8),
(202, 'Normal', 0.8),
(203, 'Normal', 0.8),
(204, 'Normal', 0.8),
(205, 'Sedang', 0.8),
(206, 'Sedang', 0.8),
(207, 'Sedang', 0.8),
(208, 'Sedang', 0.8),
(209, 'Sedang', 0.8),
(210, 'Sedang', 0.8),
(211, 'Normal', 0.8),
(212, 'Normal', 0.8),
(213, 'Normal', 0.8),
(214, 'Normal', 0.8),
(215, 'Normal', 0.8),
(216, 'Normal', 0.8),
(217, 'Normal', 0.8),
(218, 'Normal', 0.8),
(219, 'Normal', 0.8),
(220, 'Normal', 0.8),
(221, 'Normal', 0.8),
(222, 'Normal', 0.8),
(223, 'Normal', 0.8),
(224, 'Normal', 0.8),
(225, 'Normal', 0.8),
(226, 'Normal', 0.8),
(227, 'Normal', 0.8),
(228, 'Normal', 0.8),
(229, 'Normal', 0.8),
(230, 'Normal', 0.8),
(231, 'Normal', 0.8),
(232, 'Normal', 0.8),
(233, 'Normal', 0.8),
(234, 'Normal', 0.8),
(235, 'Normal', 0.8),
(236, 'Normal', 0.8),
(237, 'Normal', 0.8),
(238, 'Normal', 0.8),
(239, 'Normal', 0.8),
(240, 'Normal', 0.8),
(241, 'Normal', 0.8),
(242, 'Normal', 0.8),
(243, 'Normal', 0.8),
(244, 'Normal', 0.8),
(245, 'Normal', 0.8),
(246, 'Normal', 0.8),
(247, 'Normal', 0.8),
(248, 'Normal', 0.8),
(249, 'Normal', 0.8),
(250, 'Normal', 0.8),
(251, 'Normal', 0.8),
(252, 'Normal', 0.8),
(253, 'Normal', 0.8),
(254, 'Normal', 0.8),
(255, 'Normal', 0.8),
(256, 'Normal', 0.8),
(257, 'Normal', 0.8),
(258, 'Normal', 0.8),
(259, 'Normal', 0.8),
(260, 'Normal', 0.8),
(261, 'Normal', 0.8),
(262, 'Normal', 0.8),
(263, 'Normal', 0.8),
(264, 'Normal', 0.8),
(265, 'Sedang', 0.8),
(266, 'Sedang', 0.8),
(267, 'Sedang', 0.8),
(268, 'Sedang', 0.8),
(269, 'Sedang', 0.8),
(270, 'Sedang', 0.8),
(271, 'Normal', 0.8),
(272, 'Normal', 0.8),
(273, 'Normal', 0.8),
(274, 'Normal', 0.8),
(275, 'Normal', 0.8),
(276, 'Normal', 0.8),
(277, 'Normal', 0.8),
(278, 'Normal', 0.8),
(279, 'Normal', 0.8),
(280, 'Normal', 0.8),
(281, 'Normal', 0.8),
(282, 'Normal', 0.8),
(283, 'Normal', 0.8),
(284, 'Normal', 0.8),
(285, 'Normal', 0.8),
(286, 'Normal', 0.8),
(287, 'Normal', 0.8),
(288, 'Normal', 0.8),
(289, 'Normal', 0.8),
(290, 'Normal', 0.8),
(291, 'Normal', 0.8),
(292, 'Normal', 0.8),
(293, 'Normal', 0.8),
(294, 'Normal', 0.8),
(295, 'Normal', 0.8),
(296, 'Normal', 0.8),
(297, 'Normal', 0.8),
(298, 'Normal', 0.8),
(299, 'Normal', 0.8),
(300, 'Normal', 0.8),
(301, 'Normal', 0.8),
(302, 'Normal', 0.8),
(303, 'Normal', 0.8),
(304, 'Normal', 0.8),
(305, 'Normal', 0.8),
(306, 'Normal', 0.8),
(307, 'Normal', 0.8),
(308, 'Normal', 0.8),
(309, 'Normal', 0.8),
(310, 'Normal', 0.8),
(311, 'Normal', 0.8),
(312, 'Normal', 0.8),
(313, 'Sedang', 0.8),
(314, 'Sedang', 0.8),
(315, 'Sedang', 0.8),
(316, 'Sedang', 0.8),
(317, 'Sedang', 0.8),
(318, 'Sedang', 0.8),
(319, 'Sedang', 0.8),
(320, 'Sedang', 0.8),
(321, 'Sedang', 0.8),
(322, 'Sedang', 0.8),
(323, 'Sedang', 0.8),
(324, 'Sedang', 0.8),
(325, 'Normal', 0.8),
(326, 'Normal', 0.8),
(327, 'Normal', 0.8),
(328, 'Normal', 0.8),
(329, 'Normal', 0.8),
(330, 'Normal', 0.8),
(331, 'Sedang', 0.8),
(332, 'Sedang', 0.8),
(333, 'Sedang', 0.8),
(334, 'Sedang', 0.8),
(335, 'Sedang', 0.8),
(336, 'Sedang', 0.8),
(337, 'Sedang', 0.8),
(338, 'Sedang', 0.8),
(339, 'Sedang', 0.8),
(340, 'Sedang', 0.8),
(341, 'Sedang', 0.8),
(342, 'Sedang', 0.8),
(343, 'Normal', 0.8),
(344, 'Normal', 0.8),
(345, 'Normal', 0.8),
(346, 'Normal', 0.8),
(347, 'Normal', 0.8),
(348, 'Normal', 0.8),
(349, 'Normal', 0.8),
(350, 'Normal', 0.8),
(351, 'Normal', 0.8),
(352, 'Normal', 0.8),
(353, 'Normal', 0.8),
(354, 'Normal', 0.8),
(355, 'Sedang', 0.8),
(356, 'Sedang', 0.8),
(357, 'Sedang', 0.8),
(358, 'Sedang', 0.8),
(359, 'Sedang', 0.8),
(360, 'Sedang', 0.8),
(361, 'Normal', 0.8),
(362, 'Normal', 0.8),
(363, 'Normal', 0.8),
(364, 'Normal', 0.8),
(365, 'Normal', 0.8),
(366, 'Normal', 0.8),
(367, 'Sedang', 0.8),
(368, 'Sedang', 0.8),
(369, 'Sedang', 0.8),
(370, 'Sedang', 0.8),
(371, 'Sedang', 0.8),
(372, 'Sedang', 0.8),
(373, 'Tinggi', 0.8),
(374, 'Tinggi', 0.8),
(375, 'Tinggi', 0.8),
(376, 'Tinggi', 0.8),
(377, 'Tinggi', 0.8),
(378, 'Tinggi', 0.8),
(379, 'Normal', 0.8),
(380, 'Normal', 0.8),
(381, 'Normal', 0.8),
(382, 'Normal', 0.8),
(383, 'Normal', 0.8),
(384, 'Normal', 0.8),
(385, 'Sedang', 0.8),
(386, 'Sedang', 0.8),
(387, 'Sedang', 0.8),
(388, 'Sedang', 0.8),
(389, 'Sedang', 0.8),
(390, 'Sedang', 0.8),
(391, 'Sedang', 0.8),
(392, 'Sedang', 0.8),
(393, 'Sedang', 0.8),
(394, 'Sedang', 0.8),
(395, 'Sedang', 0.8),
(396, 'Sedang', 0.8),
(397, 'Normal', 0.8),
(398, 'Normal', 0.8),
(399, 'Normal', 0.8),
(400, 'Normal', 0.8),
(401, 'Normal', 0.8),
(402, 'Normal', 0.8),
(403, 'Normal', 0.8),
(404, 'Normal', 0.8),
(405, 'Normal', 0.8),
(406, 'Normal', 0.8),
(407, 'Normal', 0.8),
(408, 'Normal', 0.8),
(409, 'Sedang', 0.8),
(410, 'Sedang', 0.8),
(411, 'Sedang', 0.8),
(412, 'Sedang', 0.8),
(413, 'Sedang', 0.8),
(414, 'Sedang', 0.8),
(415, 'Normal', 0.8),
(416, 'Normal', 0.8),
(417, 'Normal', 0.8),
(418, 'Normal', 0.8),
(419, 'Normal', 0.8),
(420, 'Normal', 0.8),
(421, 'Sedang', 0.8),
(422, 'Sedang', 0.8),
(423, 'Sedang', 0.8),
(424, 'Sedang', 0.8),
(425, 'Sedang', 0.8),
(426, 'Sedang', 0.8),
(427, 'Tinggi', 0.8),
(428, 'Tinggi', 0.8),
(429, 'Tinggi', 0.8),
(430, 'Tinggi', 0.8),
(431, 'Tinggi', 0.8),
(432, 'Tinggi', 0.8),
(433, 'Normal', 0.8),
(434, 'Normal', 0.8),
(435, 'Normal', 0.8),
(436, 'Normal', 0.8),
(437, 'Normal', 0.8),
(438, 'Normal', 0.8),
(439, 'Normal', 0.8),
(440, 'Normal', 0.8),
(441, 'Normal', 0.8),
(442, 'Normal', 0.8),
(443, 'Normal', 0.8),
(444, 'Normal', 0.8),
(445, 'Sedang', 0.8),
(446, 'Sedang', 0.8),
(447, 'Sedang', 0.8),
(448, 'Sedang', 0.8),
(449, 'Sedang', 0.8),
(450, 'Sedang', 0.8),
(451, 'Normal', 0.8),
(452, 'Normal', 0.8),
(453, 'Normal', 0.8),
(454, 'Normal', 0.8),
(455, 'Normal', 0.8),
(456, 'Normal', 0.8),
(457, 'Sedang', 0.8),
(458, 'Sedang', 0.8),
(459, 'Sedang', 0.8),
(460, 'Sedang', 0.8),
(461, 'Sedang', 0.8),
(462, 'Sedang', 0.8),
(463, 'Sedang', 0.8),
(464, 'Sedang', 0.8),
(465, 'Sedang', 0.8),
(466, 'Sedang', 0.8),
(467, 'Sedang', 0.8),
(468, 'Sedang', 0.8),
(469, 'Normal', 0.8),
(470, 'Normal', 0.8),
(471, 'Normal', 0.8),
(472, 'Normal', 0.8),
(473, 'Normal', 0.8),
(474, 'Normal', 0.8),
(475, 'Tinggi', 0.8),
(476, 'Tinggi', 0.8),
(477, 'Tinggi', 0.8),
(478, 'Tinggi', 0.8),
(479, 'Tinggi', 0.8),
(480, 'Tinggi', 0.8),
(481, 'Tinggi', 0.8),
(482, 'Tinggi', 0.8),
(483, 'Tinggi', 0.8),
(484, 'Tinggi', 0.8),
(485, 'Tinggi', 0.8),
(486, 'Tinggi', 0.8),
(487, 'Normal', 0.8),
(488, 'Normal', 0.8),
(489, 'Normal', 0.8),
(490, 'Normal', 0.8),
(491, 'Normal', 0.8),
(492, 'Normal', 0.8),
(493, 'Normal', 0.8),
(494, 'Normal', 0.8),
(495, 'Normal', 0.8),
(496, 'Normal', 0.8),
(497, 'Normal', 0.8),
(498, 'Normal', 0.8),
(499, 'Sedang', 0.8),
(500, 'Sedang', 0.8),
(501, 'Sedang', 0.8),
(502, 'Sedang', 0.8),
(503, 'Sedang', 0.8),
(504, 'Sedang', 0.8),
(505, 'Normal', 0.8),
(506, 'Normal', 0.8),
(507, 'Normal', 0.8),
(508, 'Normal', 0.8),
(509, 'Normal', 0.8),
(510, 'Normal', 0.8),
(511, 'Normal', 0.8),
(512, 'Normal', 0.8),
(513, 'Normal', 0.8),
(514, 'Normal', 0.8),
(515, 'Normal', 0.8),
(516, 'Normal', 0.8),
(517, 'Normal', 0.8),
(518, 'Normal', 0.8),
(519, 'Normal', 0.8),
(520, 'Normal', 0.8),
(521, 'Normal', 0.8),
(522, 'Normal', 0.8),
(523, 'Normal', 0.8),
(524, 'Normal', 0.8),
(525, 'Normal', 0.8),
(526, 'Normal', 0.8),
(527, 'Normal', 0.8),
(528, 'Normal', 0.8),
(529, 'Normal', 0.8),
(530, 'Normal', 0.8),
(531, 'Normal', 0.8),
(532, 'Normal', 0.8),
(533, 'Normal', 0.8),
(534, 'Normal', 0.8),
(535, 'Normal', 0.8),
(536, 'Normal', 0.8),
(537, 'Normal', 0.8),
(538, 'Normal', 0.8),
(539, 'Normal', 0.8),
(540, 'Normal', 0.8),
(541, 'Normal', 0.8),
(542, 'Normal', 0.8),
(543, 'Normal', 0.8),
(544, 'Normal', 0.8),
(545, 'Normal', 0.8),
(546, 'Normal', 0.8),
(547, 'Normal', 0.8),
(548, 'Normal', 0.8),
(549, 'Normal', 0.8),
(550, 'Normal', 0.8),
(551, 'Normal', 0.8),
(552, 'Normal', 0.8),
(553, 'Sedang', 0.8),
(554, 'Sedang', 0.8),
(555, 'Sedang', 0.8),
(556, 'Sedang', 0.8),
(557, 'Sedang', 0.8),
(558, 'Sedang', 0.8),
(559, 'Normal', 0.8),
(560, 'Normal', 0.8),
(561, 'Normal', 0.8),
(562, 'Normal', 0.8),
(563, 'Normal', 0.8),
(564, 'Normal', 0.8),
(565, 'Normal', 0.8),
(566, 'Normal', 0.8),
(567, 'Normal', 0.8),
(568, 'Normal', 0.8),
(569, 'Normal', 0.8),
(570, 'Normal', 0.8),
(571, 'Normal', 0.8),
(572, 'Normal', 0.8),
(573, 'Normal', 0.8),
(574, 'Normal', 0.8),
(575, 'Normal', 0.8),
(576, 'Normal', 0.8),
(577, 'Normal', 0.8),
(578, 'Normal', 0.8),
(579, 'Normal', 0.8),
(580, 'Normal', 0.8),
(581, 'Normal', 0.8),
(582, 'Normal', 0.8),
(583, 'Normal', 0.8),
(584, 'Normal', 0.8),
(585, 'Normal', 0.8),
(586, 'Normal', 0.8),
(587, 'Normal', 0.8),
(588, 'Normal', 0.8),
(589, 'Normal', 0.8),
(590, 'Normal', 0.8),
(591, 'Normal', 0.8),
(592, 'Normal', 0.8),
(593, 'Normal', 0.8),
(594, 'Normal', 0.8),
(595, 'Normal', 0.8),
(596, 'Normal', 0.8),
(597, 'Normal', 0.8),
(598, 'Normal', 0.8),
(599, 'Normal', 0.8),
(600, 'Normal', 0.8),
(601, 'Normal', 0.8),
(602, 'Normal', 0.8),
(603, 'Normal', 0.8),
(604, 'Normal', 0.8),
(605, 'Normal', 0.8),
(606, 'Normal', 0.8),
(607, 'Sedang', 0.8),
(608, 'Sedang', 0.8),
(609, 'Sedang', 0.8),
(610, 'Sedang', 0.8),
(611, 'Sedang', 0.8),
(612, 'Sedang', 0.8),
(613, 'Normal', 0.8),
(614, 'Normal', 0.8),
(615, 'Normal', 0.8),
(616, 'Normal', 0.8),
(617, 'Normal', 0.8),
(618, 'Normal', 0.8),
(619, 'Normal', 0.8),
(620, 'Normal', 0.8),
(621, 'Normal', 0.8),
(622, 'Normal', 0.8),
(623, 'Normal', 0.8),
(624, 'Normal', 0.8),
(625, 'Normal', 0.8),
(626, 'Normal', 0.8),
(627, 'Normal', 0.8),
(628, 'Normal', 0.8),
(629, 'Normal', 0.8),
(630, 'Normal', 0.8),
(631, 'Normal', 0.8),
(632, 'Normal', 0.8),
(633, 'Normal', 0.8),
(634, 'Normal', 0.8),
(635, 'Normal', 0.8),
(636, 'Normal', 0.8),
(637, 'Normal', 0.8),
(638, 'Normal', 0.8),
(639, 'Normal', 0.8),
(640, 'Normal', 0.8),
(641, 'Normal', 0.8),
(642, 'Normal', 0.8),
(643, 'Normal', 0.8),
(644, 'Normal', 0.8),
(645, 'Normal', 0.8),
(646, 'Normal', 0.8),
(647, 'Normal', 0.8),
(648, 'Normal', 0.8),
(649, 'Normal', 0.8),
(650, 'Normal', 0.8),
(651, 'Normal', 0.8),
(652, 'Normal', 0.8),
(653, 'Normal', 0.8),
(654, 'Normal', 0.8),
(655, 'Normal', 0.8),
(656, 'Normal', 0.8),
(657, 'Normal', 0.8),
(658, 'Normal', 0.8),
(659, 'Normal', 0.8),
(660, 'Normal', 0.8),
(661, 'Normal', 0.8),
(662, 'Normal', 0.8),
(663, 'Normal', 0.8),
(664, 'Normal', 0.8),
(665, 'Normal', 0.8),
(666, 'Normal', 0.8),
(667, 'Normal', 0.8),
(668, 'Normal', 0.8),
(669, 'Normal', 0.8),
(670, 'Normal', 0.8),
(671, 'Normal', 0.8),
(672, 'Normal', 0.8),
(673, 'Normal', 0.8),
(674, 'Normal', 0.8),
(675, 'Normal', 0.8),
(676, 'Normal', 0.8),
(677, 'Normal', 0.8),
(678, 'Normal', 0.8),
(679, 'Normal', 0.8),
(680, 'Normal', 0.8),
(681, 'Normal', 0.8),
(682, 'Normal', 0.8),
(683, 'Normal', 0.8),
(684, 'Normal', 0.8),
(685, 'Sedang', 0.8),
(686, 'Sedang', 0.8),
(687, 'Sedang', 0.8),
(688, 'Sedang', 0.8),
(689, 'Sedang', 0.8),
(690, 'Sedang', 0.8),
(691, 'Sedang', 0.8),
(692, 'Sedang', 0.8),
(693, 'Sedang', 0.8),
(694, 'Sedang', 0.8),
(695, 'Sedang', 0.8),
(696, 'Sedang', 0.8),
(697, 'Sedang', 0.8),
(698, 'Sedang', 0.8),
(699, 'Sedang', 0.8),
(700, 'Sedang', 0.8),
(701, 'Sedang', 0.8),
(702, 'Sedang', 0.8),
(703, 'Normal', 0.8),
(704, 'Normal', 0.8),
(705, 'Normal', 0.8),
(706, 'Normal', 0.8),
(707, 'Normal', 0.8),
(708, 'Normal', 0.8),
(709, 'Normal', 0.8),
(710, 'Normal', 0.8),
(711, 'Normal', 0.8),
(712, 'Normal', 0.8),
(713, 'Normal', 0.8),
(714, 'Normal', 0.8),
(715, 'Normal', 0.8),
(716, 'Normal', 0.8),
(717, 'Normal', 0.8),
(718, 'Normal', 0.8),
(719, 'Normal', 0.8),
(720, 'Normal', 0.8),
(721, 'Normal', 0.8),
(722, 'Normal', 0.8),
(723, 'Normal', 0.8),
(724, 'Normal', 0.8),
(725, 'Normal', 0.8),
(726, 'Normal', 0.8),
(727, 'Normal', 0.8),
(728, 'Normal', 0.8),
(729, 'Normal', 0.8),
(730, 'Normal', 0.8),
(731, 'Normal', 0.8),
(732, 'Normal', 0.8),
(733, 'Normal', 0.8),
(734, 'Normal', 0.8),
(735, 'Normal', 0.8),
(736, 'Normal', 0.8),
(737, 'Normal', 0.8),
(738, 'Normal', 0.8),
(739, 'Sedang', 0.8),
(740, 'Sedang', 0.8),
(741, 'Sedang', 0.8),
(742, 'Sedang', 0.8),
(743, 'Sedang', 0.8),
(744, 'Sedang', 0.8),
(745, 'Sedang', 0.8),
(746, 'Sedang', 0.8),
(747, 'Sedang', 0.8),
(748, 'Sedang', 0.8),
(749, 'Sedang', 0.8),
(750, 'Sedang', 0.8),
(751, 'Sedang', 0.8),
(752, 'Sedang', 0.8),
(753, 'Sedang', 0.8),
(754, 'Sedang', 0.8),
(755, 'Sedang', 0.8),
(756, 'Sedang', 0.8),
(757, 'Normal', 0.8),
(758, 'Normal', 0.8),
(759, 'Normal', 0.8),
(760, 'Normal', 0.8),
(761, 'Normal', 0.8),
(762, 'Normal', 0.8),
(763, 'Normal', 0.8),
(764, 'Normal', 0.8),
(765, 'Normal', 0.8),
(766, 'Normal', 0.8),
(767, 'Normal', 0.8),
(768, 'Normal', 0.8),
(769, 'Normal', 0.8),
(770, 'Normal', 0.8),
(771, 'Normal', 0.8),
(772, 'Normal', 0.8),
(773, 'Normal', 0.8),
(774, 'Normal', 0.8),
(775, 'Normal', 0.8),
(776, 'Normal', 0.8),
(777, 'Normal', 0.8),
(778, 'Normal', 0.8),
(779, 'Normal', 0.8),
(780, 'Normal', 0.8),
(781, 'Normal', 0.8),
(782, 'Normal', 0.8),
(783, 'Normal', 0.8),
(784, 'Normal', 0.8),
(785, 'Normal', 0.8),
(786, 'Normal', 0.8),
(787, 'Normal', 0.8),
(788, 'Normal', 0.8),
(789, 'Normal', 0.8),
(790, 'Normal', 0.8),
(791, 'Normal', 0.8),
(792, 'Normal', 0.8),
(793, 'Sedang', 0.8),
(794, 'Sedang', 0.8),
(795, 'Sedang', 0.8),
(796, 'Sedang', 0.8),
(797, 'Sedang', 0.8),
(798, 'Sedang', 0.8),
(799, 'Sedang', 0.8),
(800, 'Sedang', 0.8),
(801, 'Sedang', 0.8),
(802, 'Sedang', 0.8),
(803, 'Sedang', 0.8),
(804, 'Sedang', 0.8),
(805, 'Sedang', 0.8),
(806, 'Sedang', 0.8),
(807, 'Sedang', 0.8),
(808, 'Sedang', 0.8),
(809, 'Sedang', 0.8),
(810, 'Sedang', 0.8),
(811, 'Sedang', 0.8),
(812, 'Sedang', 0.8),
(813, 'Sedang', 0.8),
(814, 'Sedang', 0.8),
(815, 'Sedang', 0.8),
(816, 'Sedang', 0.8),
(817, 'Sedang', 0.8),
(818, 'Sedang', 0.8),
(819, 'Sedang', 0.8),
(820, 'Sedang', 0.8),
(821, 'Sedang', 0.8),
(822, 'Sedang', 0.8),
(823, 'Sedang', 0.8),
(824, 'Sedang', 0.8),
(825, 'Sedang', 0.8),
(826, 'Sedang', 0.8),
(827, 'Sedang', 0.8),
(828, 'Sedang', 0.8),
(829, 'Sedang', 0.8),
(830, 'Sedang', 0.8),
(831, 'Sedang', 0.8),
(832, 'Sedang', 0.8),
(833, 'Sedang', 0.8),
(834, 'Sedang', 0.8),
(835, 'Sedang', 0.8),
(836, 'Sedang', 0.8),
(837, 'Sedang', 0.8),
(838, 'Sedang', 0.8),
(839, 'Sedang', 0.8),
(840, 'Sedang', 0.8),
(841, 'Sedang', 0.8),
(842, 'Sedang', 0.8),
(843, 'Sedang', 0.8),
(844, 'Sedang', 0.8),
(845, 'Sedang', 0.8),
(846, 'Sedang', 0.8),
(847, 'Sedang', 0.8),
(848, 'Sedang', 0.8),
(849, 'Sedang', 0.8),
(850, 'Sedang', 0.8),
(851, 'Sedang', 0.8),
(852, 'Sedang', 0.8),
(853, 'Tinggi', 0.8),
(854, 'Tinggi', 0.8),
(855, 'Tinggi', 0.8),
(856, 'Tinggi', 0.8),
(857, 'Tinggi', 0.8),
(858, 'Tinggi', 0.8),
(859, 'Tinggi', 0.8),
(860, 'Tinggi', 0.8),
(861, 'Tinggi', 0.8),
(862, 'Tinggi', 0.8),
(863, 'Tinggi', 0.8),
(864, 'Tinggi', 0.8),
(865, 'Sedang', 0.8),
(866, 'Sedang', 0.8),
(867, 'Sedang', 0.8),
(868, 'Sedang', 0.8),
(869, 'Sedang', 0.8),
(870, 'Sedang', 0.8),
(871, 'Sedang', 0.8),
(872, 'Sedang', 0.8),
(873, 'Sedang', 0.8),
(874, 'Sedang', 0.8),
(875, 'Sedang', 0.8),
(876, 'Sedang', 0.8),
(877, 'Sedang', 0.8),
(878, 'Sedang', 0.8),
(879, 'Sedang', 0.8),
(880, 'Sedang', 0.8),
(881, 'Sedang', 0.8),
(882, 'Sedang', 0.8),
(883, 'Sedang', 0.8),
(884, 'Sedang', 0.8),
(885, 'Sedang', 0.8),
(886, 'Sedang', 0.8),
(887, 'Sedang', 0.8),
(888, 'Sedang', 0.8),
(889, 'Sedang', 0.8),
(890, 'Sedang', 0.8),
(891, 'Sedang', 0.8),
(892, 'Sedang', 0.8),
(893, 'Sedang', 0.8),
(894, 'Sedang', 0.8),
(895, 'Sedang', 0.8),
(896, 'Sedang', 0.8),
(897, 'Sedang', 0.8),
(898, 'Sedang', 0.8),
(899, 'Sedang', 0.8),
(900, 'Sedang', 0.8),
(901, 'Sedang', 0.8),
(902, 'Sedang', 0.8),
(903, 'Sedang', 0.8),
(904, 'Sedang', 0.8),
(905, 'Sedang', 0.8),
(906, 'Sedang', 0.8),
(907, 'Tinggi', 0.8),
(908, 'Tinggi', 0.8),
(909, 'Tinggi', 0.8),
(910, 'Tinggi', 0.8),
(911, 'Tinggi', 0.8),
(912, 'Tinggi', 0.8),
(913, 'Tinggi', 0.8),
(914, 'Tinggi', 0.8),
(915, 'Tinggi', 0.8),
(916, 'Tinggi', 0.8),
(917, 'Tinggi', 0.8),
(918, 'Tinggi', 0.8),
(919, 'Sedang', 0.8),
(920, 'Sedang', 0.8),
(921, 'Sedang', 0.8),
(922, 'Sedang', 0.8),
(923, 'Sedang', 0.8),
(924, 'Sedang', 0.8),
(925, 'Sedang', 0.8),
(926, 'Sedang', 0.8),
(927, 'Sedang', 0.8),
(928, 'Sedang', 0.8),
(929, 'Sedang', 0.8),
(930, 'Sedang', 0.8),
(931, 'Sedang', 0.8),
(932, 'Sedang', 0.8),
(933, 'Sedang', 0.8),
(934, 'Sedang', 0.8),
(935, 'Sedang', 0.8),
(936, 'Sedang', 0.8),
(937, 'Sedang', 0.8),
(938, 'Sedang', 0.8),
(939, 'Sedang', 0.8),
(940, 'Sedang', 0.8),
(941, 'Sedang', 0.8),
(942, 'Sedang', 0.8),
(943, 'Sedang', 0.8),
(944, 'Sedang', 0.8),
(945, 'Sedang', 0.8),
(946, 'Sedang', 0.8),
(947, 'Sedang', 0.8),
(948, 'Sedang', 0.8),
(949, 'Sedang', 0.8),
(950, 'Sedang', 0.8),
(951, 'Sedang', 0.8),
(952, 'Sedang', 0.8),
(953, 'Sedang', 0.8),
(954, 'Sedang', 0.8),
(955, 'Sedang', 0.8),
(956, 'Sedang', 0.8),
(957, 'Sedang', 0.8),
(958, 'Sedang', 0.8),
(959, 'Sedang', 0.8),
(960, 'Sedang', 0.8),
(961, 'Tinggi', 0.8),
(962, 'Tinggi', 0.8),
(963, 'Tinggi', 0.8),
(964, 'Tinggi', 0.8),
(965, 'Tinggi', 0.8),
(966, 'Tinggi', 0.8),
(967, 'Tinggi', 0.8),
(968, 'Tinggi', 0.8),
(969, 'Tinggi', 0.8),
(970, 'Tinggi', 0.8),
(971, 'Tinggi', 0.8),
(972, 'Tinggi', 0.8),
(973, 'Normal', 0.8),
(974, 'Normal', 0.8),
(975, 'Normal', 0.8),
(976, 'Normal', 0.8),
(977, 'Normal', 0.8),
(978, 'Normal', 0.8),
(979, 'Normal', 0.8),
(980, 'Normal', 0.8),
(981, 'Normal', 0.8),
(982, 'Normal', 0.8),
(983, 'Normal', 0.8),
(984, 'Normal', 0.8),
(985, 'Normal', 0.8),
(986, 'Normal', 0.8),
(987, 'Normal', 0.8),
(988, 'Normal', 0.8),
(989, 'Normal', 0.8),
(990, 'Normal', 0.8),
(991, 'Normal', 0.8),
(992, 'Normal', 0.8),
(993, 'Normal', 0.8),
(994, 'Normal', 0.8),
(995, 'Normal', 0.8),
(996, 'Normal', 0.8),
(997, 'Normal', 0.8),
(998, 'Normal', 0.8),
(999, 'Normal', 0.8),
(1000, 'Normal', 0.8),
(1001, 'Normal', 0.8),
(1002, 'Normal', 0.8),
(1003, 'Normal', 0.8),
(1004, 'Normal', 0.8),
(1005, 'Normal', 0.8),
(1006, 'Normal', 0.8),
(1007, 'Normal', 0.8),
(1008, 'Normal', 0.8),
(1009, 'Normal', 0.8),
(1010, 'Normal', 0.8),
(1011, 'Normal', 0.8),
(1012, 'Normal', 0.8),
(1013, 'Normal', 0.8),
(1014, 'Normal', 0.8),
(1015, 'Normal', 0.8),
(1016, 'Normal', 0.8),
(1017, 'Normal', 0.8),
(1018, 'Normal', 0.8),
(1019, 'Normal', 0.8),
(1020, 'Normal', 0.8),
(1021, 'Normal', 0.8),
(1022, 'Normal', 0.8),
(1023, 'Normal', 0.8),
(1024, 'Normal', 0.8),
(1025, 'Normal', 0.8),
(1026, 'Normal', 0.8),
(1027, 'Normal', 0.8),
(1028, 'Normal', 0.8),
(1029, 'Normal', 0.8),
(1030, 'Normal', 0.8),
(1031, 'Normal', 0.8),
(1032, 'Normal', 0.8),
(1033, 'Normal', 0.8),
(1034, 'Normal', 0.8),
(1035, 'Normal', 0.8),
(1036, 'Normal', 0.8),
(1037, 'Normal', 0.8),
(1038, 'Normal', 0.8),
(1039, 'Normal', 0.8),
(1040, 'Normal', 0.8),
(1041, 'Normal', 0.8),
(1042, 'Normal', 0.8),
(1043, 'Normal', 0.8),
(1044, 'Normal', 0.8),
(1045, 'Normal', 0.8),
(1046, 'Normal', 0.8),
(1047, 'Normal', 0.8),
(1048, 'Normal', 0.8),
(1049, 'Normal', 0.8),
(1050, 'Normal', 0.8),
(1051, 'Normal', 0.8),
(1052, 'Normal', 0.8),
(1053, 'Normal', 0.8),
(1054, 'Normal', 0.8),
(1055, 'Normal', 0.8),
(1056, 'Normal', 0.8),
(1057, 'Normal', 0.8),
(1058, 'Normal', 0.8),
(1059, 'Normal', 0.8),
(1060, 'Normal', 0.8),
(1061, 'Normal', 0.8),
(1062, 'Normal', 0.8),
(1063, 'Normal', 0.8),
(1064, 'Normal', 0.8),
(1065, 'Normal', 0.8),
(1066, 'Normal', 0.8),
(1067, 'Normal', 0.8),
(1068, 'Normal', 0.8),
(1069, 'Normal', 0.8),
(1070, 'Normal', 0.8),
(1071, 'Normal', 0.8),
(1072, 'Normal', 0.8),
(1073, 'Normal', 0.8),
(1074, 'Normal', 0.8),
(1075, 'Normal', 0.8),
(1076, 'Normal', 0.8),
(1077, 'Normal', 0.8),
(1078, 'Normal', 0.8),
(1079, 'Normal', 0.8),
(1080, 'Normal', 0.8),
(1081, 'Normal', 0.8),
(1082, 'Normal', 0.8),
(1083, 'Normal', 0.8),
(1084, 'Normal', 0.8),
(1085, 'Normal', 0.8),
(1086, 'Normal', 0.8),
(1087, 'Normal', 0.8),
(1088, 'Normal', 0.8),
(1089, 'Normal', 0.8),
(1090, 'Normal', 0.8),
(1091, 'Normal', 0.8),
(1092, 'Normal', 0.8),
(1093, 'Normal', 0.8),
(1094, 'Normal', 0.8),
(1095, 'Normal', 0.8),
(1096, 'Normal', 0.8),
(1097, 'Normal', 0.8),
(1098, 'Normal', 0.8),
(1099, 'Normal', 0.8),
(1100, 'Normal', 0.8),
(1101, 'Normal', 0.8),
(1102, 'Normal', 0.8),
(1103, 'Normal', 0.8),
(1104, 'Normal', 0.8),
(1105, 'Normal', 0.8),
(1106, 'Normal', 0.8),
(1107, 'Normal', 0.8),
(1108, 'Normal', 0.8),
(1109, 'Normal', 0.8),
(1110, 'Normal', 0.8),
(1111, 'Normal', 0.8),
(1112, 'Normal', 0.8),
(1113, 'Normal', 0.8),
(1114, 'Normal', 0.8),
(1115, 'Normal', 0.8),
(1116, 'Normal', 0.8),
(1117, 'Normal', 0.8),
(1118, 'Normal', 0.8),
(1119, 'Normal', 0.8),
(1120, 'Normal', 0.8),
(1121, 'Normal', 0.8),
(1122, 'Normal', 0.8),
(1123, 'Sedang', 0.8),
(1124, 'Sedang', 0.8),
(1125, 'Sedang', 0.8),
(1126, 'Sedang', 0.8),
(1127, 'Sedang', 0.8),
(1128, 'Sedang', 0.8),
(1129, 'Sedang', 0.8),
(1130, 'Sedang', 0.8),
(1131, 'Sedang', 0.8),
(1132, 'Sedang', 0.8),
(1133, 'Sedang', 0.8),
(1134, 'Sedang', 0.8),
(1135, 'Sedang', 0.8),
(1136, 'Sedang', 0.8),
(1137, 'Sedang', 0.8),
(1138, 'Sedang', 0.8),
(1139, 'Sedang', 0.8),
(1140, 'Sedang', 0.8),
(1141, 'Sedang', 0.8),
(1142, 'Sedang', 0.8),
(1143, 'Sedang', 0.8),
(1144, 'Sedang', 0.8),
(1145, 'Sedang', 0.8),
(1146, 'Sedang', 0.8),
(1147, 'Sedang', 0.8),
(1148, 'Sedang', 0.8),
(1149, 'Sedang', 0.8),
(1150, 'Sedang', 0.8),
(1151, 'Sedang', 0.8),
(1152, 'Sedang', 0.8),
(1153, 'Sedang', 0.8),
(1154, 'Sedang', 0.8),
(1155, 'Sedang', 0.8),
(1156, 'Sedang', 0.8),
(1157, 'Sedang', 0.8),
(1158, 'Sedang', 0.8),
(1159, 'Sedang', 0.8),
(1160, 'Sedang', 0.8),
(1161, 'Sedang', 0.8),
(1162, 'Sedang', 0.8),
(1163, 'Sedang', 0.8),
(1164, 'Sedang', 0.8),
(1165, 'Sedang', 0.8),
(1166, 'Sedang', 0.8),
(1167, 'Sedang', 0.8),
(1168, 'Sedang', 0.8),
(1169, 'Sedang', 0.8),
(1170, 'Sedang', 0.8),
(1171, 'Sedang', 0.8),
(1172, 'Sedang', 0.8),
(1173, 'Sedang', 0.8),
(1174, 'Sedang', 0.8),
(1175, 'Sedang', 0.8),
(1176, 'Sedang', 0.8),
(1177, 'Sedang', 0.8),
(1178, 'Sedang', 0.8),
(1179, 'Sedang', 0.8),
(1180, 'Sedang', 0.8),
(1181, 'Sedang', 0.8),
(1182, 'Sedang', 0.8),
(1183, 'Sedang', 0.8),
(1184, 'Sedang', 0.8),
(1185, 'Sedang', 0.8),
(1186, 'Sedang', 0.8),
(1187, 'Sedang', 0.8),
(1188, 'Sedang', 0.8),
(1189, 'Sedang', 0.8),
(1190, 'Sedang', 0.8),
(1191, 'Sedang', 0.8),
(1192, 'Sedang', 0.8),
(1193, 'Sedang', 0.8),
(1194, 'Sedang', 0.8),
(1195, 'Sedang', 0.8),
(1196, 'Sedang', 0.8),
(1197, 'Sedang', 0.8),
(1198, 'Sedang', 0.8),
(1199, 'Sedang', 0.8),
(1200, 'Sedang', 0.8),
(1201, 'Sedang', 0.8),
(1202, 'Sedang', 0.8),
(1203, 'Sedang', 0.8),
(1204, 'Sedang', 0.8),
(1205, 'Sedang', 0.8),
(1206, 'Sedang', 0.8),
(1207, 'Sedang', 0.8),
(1208, 'Sedang', 0.8),
(1209, 'Sedang', 0.8),
(1210, 'Sedang', 0.8),
(1211, 'Sedang', 0.8),
(1212, 'Sedang', 0.8),
(1213, 'Sedang', 0.8),
(1214, 'Sedang', 0.8),
(1215, 'Sedang', 0.8),
(1216, 'Sedang', 0.8),
(1217, 'Sedang', 0.8),
(1218, 'Sedang', 0.8),
(1219, 'Sedang', 0.8),
(1220, 'Sedang', 0.8),
(1221, 'Sedang', 0.8),
(1222, 'Sedang', 0.8),
(1223, 'Sedang', 0.8),
(1224, 'Sedang', 0.8),
(1225, 'Sedang', 0.8),
(1226, 'Sedang', 0.8),
(1227, 'Sedang', 0.8),
(1228, 'Sedang', 0.8),
(1229, 'Sedang', 0.8),
(1230, 'Sedang', 0.8),
(1231, 'Sedang', 0.8),
(1232, 'Sedang', 0.8),
(1233, 'Sedang', 0.8),
(1234, 'Sedang', 0.8),
(1235, 'Sedang', 0.8),
(1236, 'Sedang', 0.8),
(1237, 'Sedang', 0.8),
(1238, 'Sedang', 0.8),
(1239, 'Sedang', 0.8),
(1240, 'Sedang', 0.8),
(1241, 'Sedang', 0.8),
(1242, 'Sedang', 0.8),
(1243, 'Sedang', 0.8),
(1244, 'Sedang', 0.8),
(1245, 'Sedang', 0.8),
(1246, 'Sedang', 0.8),
(1247, 'Sedang', 0.8),
(1248, 'Sedang', 0.8),
(1249, 'Sedang', 0.8),
(1250, 'Sedang', 0.8),
(1251, 'Sedang', 0.8),
(1252, 'Sedang', 0.8),
(1253, 'Sedang', 0.8),
(1254, 'Sedang', 0.8),
(1255, 'Sedang', 0.8),
(1256, 'Sedang', 0.8),
(1257, 'Sedang', 0.8),
(1258, 'Sedang', 0.8),
(1259, 'Sedang', 0.8),
(1260, 'Sedang', 0.8),
(1261, 'Sedang', 0.8),
(1262, 'Sedang', 0.8),
(1263, 'Sedang', 0.8),
(1264, 'Sedang', 0.8),
(1265, 'Sedang', 0.8),
(1266, 'Sedang', 0.8),
(1267, 'Sedang', 0.8),
(1268, 'Sedang', 0.8),
(1269, 'Sedang', 0.8),
(1270, 'Sedang', 0.8),
(1271, 'Sedang', 0.8),
(1272, 'Sedang', 0.8),
(1273, 'Sedang', 0.8),
(1274, 'Sedang', 0.8),
(1275, 'Sedang', 0.8),
(1276, 'Sedang', 0.8),
(1277, 'Sedang', 0.8),
(1278, 'Sedang', 0.8),
(1279, 'Sedang', 0.8),
(1280, 'Sedang', 0.8),
(1281, 'Sedang', 0.8),
(1282, 'Sedang', 0.8),
(1283, 'Sedang', 0.8),
(1284, 'Sedang', 0.8),
(1285, 'Sedang', 0.8),
(1286, 'Sedang', 0.8),
(1287, 'Sedang', 0.8),
(1288, 'Sedang', 0.8),
(1289, 'Sedang', 0.8),
(1290, 'Sedang', 0.8),
(1291, 'Sedang', 0.8),
(1292, 'Sedang', 0.8),
(1293, 'Sedang', 0.8),
(1294, 'Sedang', 0.8),
(1295, 'Sedang', 0.8),
(1296, 'Sedang', 0.8),
(1297, 'Sedang', 0.8),
(1298, 'Sedang', 0.8),
(1299, 'Sedang', 0.8),
(1300, 'Sedang', 0.8),
(1301, 'Sedang', 0.8),
(1302, 'Sedang', 0.8),
(1303, 'Sedang', 0.8),
(1304, 'Sedang', 0.8),
(1305, 'Sedang', 0.8),
(1306, 'Sedang', 0.8),
(1307, 'Sedang', 0.8),
(1308, 'Sedang', 0.8),
(1309, 'Sedang', 0.8),
(1310, 'Sedang', 0.8),
(1311, 'Sedang', 0.8),
(1312, 'Sedang', 0.8),
(1313, 'Sedang', 0.8),
(1314, 'Sedang', 0.8),
(1315, 'Sedang', 0.8),
(1316, 'Sedang', 0.8),
(1317, 'Sedang', 0.8),
(1318, 'Sedang', 0.8),
(1319, 'Sedang', 0.8),
(1320, 'Sedang', 0.8),
(1321, 'Sedang', 0.8),
(1322, 'Sedang', 0.8),
(1323, 'Sedang', 0.8),
(1324, 'Sedang', 0.8),
(1325, 'Sedang', 0.8),
(1326, 'Sedang', 0.8),
(1327, 'Sedang', 0.8),
(1328, 'Sedang', 0.8),
(1329, 'Sedang', 0.8),
(1330, 'Sedang', 0.8),
(1331, 'Sedang', 0.8),
(1332, 'Sedang', 0.8),
(1333, 'Tinggi', 0.8),
(1334, 'Tinggi', 0.8),
(1335, 'Tinggi', 0.8),
(1336, 'Tinggi', 0.8),
(1337, 'Tinggi', 0.8),
(1338, 'Tinggi', 0.8),
(1339, 'Tinggi', 0.8),
(1340, 'Tinggi', 0.8),
(1341, 'Tinggi', 0.8),
(1342, 'Tinggi', 0.8),
(1343, 'Tinggi', 0.8),
(1344, 'Tinggi', 0.8),
(1345, 'Tinggi', 0.8),
(1346, 'Tinggi', 0.8),
(1347, 'Tinggi', 0.8),
(1348, 'Tinggi', 0.8),
(1349, 'Tinggi', 0.8),
(1350, 'Tinggi', 0.8),
(1351, 'Sedang', 0.8),
(1352, 'Sedang', 0.8),
(1353, 'Sedang', 0.8),
(1354, 'Sedang', 0.8),
(1355, 'Sedang', 0.8),
(1356, 'Sedang', 0.8),
(1357, 'Sedang', 0.8),
(1358, 'Sedang', 0.8),
(1359, 'Sedang', 0.8),
(1360, 'Sedang', 0.8),
(1361, 'Sedang', 0.8),
(1362, 'Sedang', 0.8),
(1363, 'Sedang', 0.8),
(1364, 'Sedang', 0.8),
(1365, 'Sedang', 0.8),
(1366, 'Sedang', 0.8),
(1367, 'Sedang', 0.8),
(1368, 'Sedang', 0.8),
(1369, 'Sedang', 0.8),
(1370, 'Sedang', 0.8),
(1371, 'Sedang', 0.8),
(1372, 'Sedang', 0.8),
(1373, 'Sedang', 0.8),
(1374, 'Sedang', 0.8),
(1375, 'Sedang', 0.8),
(1376, 'Sedang', 0.8),
(1377, 'Sedang', 0.8),
(1378, 'Sedang', 0.8),
(1379, 'Sedang', 0.8),
(1380, 'Sedang', 0.8),
(1381, 'Sedang', 0.8),
(1382, 'Sedang', 0.8),
(1383, 'Sedang', 0.8),
(1384, 'Sedang', 0.8),
(1385, 'Sedang', 0.8),
(1386, 'Sedang', 0.8),
(1387, 'Tinggi', 0.8),
(1388, 'Tinggi', 0.8),
(1389, 'Tinggi', 0.8),
(1390, 'Tinggi', 0.8),
(1391, 'Tinggi', 0.8),
(1392, 'Tinggi', 0.8),
(1393, 'Tinggi', 0.8),
(1394, 'Tinggi', 0.8),
(1395, 'Tinggi', 0.8),
(1396, 'Tinggi', 0.8),
(1397, 'Tinggi', 0.8),
(1398, 'Tinggi', 0.8),
(1399, 'Tinggi', 0.8),
(1400, 'Tinggi', 0.8),
(1401, 'Tinggi', 0.8),
(1402, 'Tinggi', 0.8),
(1403, 'Tinggi', 0.8),
(1404, 'Tinggi', 0.8),
(1405, 'Sedang', 0.8),
(1406, 'Sedang', 0.8),
(1407, 'Sedang', 0.8),
(1408, 'Sedang', 0.8),
(1409, 'Sedang', 0.8),
(1410, 'Sedang', 0.8),
(1411, 'Sedang', 0.8),
(1412, 'Sedang', 0.8),
(1413, 'Sedang', 0.8),
(1414, 'Sedang', 0.8),
(1415, 'Sedang', 0.8),
(1416, 'Sedang', 0.8),
(1417, 'Sedang', 0.8),
(1418, 'Sedang', 0.8),
(1419, 'Sedang', 0.8),
(1420, 'Sedang', 0.8),
(1421, 'Sedang', 0.8),
(1422, 'Sedang', 0.8),
(1423, 'Sedang', 0.8),
(1424, 'Sedang', 0.8),
(1425, 'Sedang', 0.8),
(1426, 'Sedang', 0.8),
(1427, 'Sedang', 0.8),
(1428, 'Sedang', 0.8),
(1429, 'Sedang', 0.8),
(1430, 'Sedang', 0.8),
(1431, 'Sedang', 0.8),
(1432, 'Sedang', 0.8),
(1433, 'Sedang', 0.8),
(1434, 'Sedang', 0.8),
(1435, 'Sedang', 0.8),
(1436, 'Sedang', 0.8),
(1437, 'Sedang', 0.8),
(1438, 'Sedang', 0.8),
(1439, 'Sedang', 0.8),
(1440, 'Sedang', 0.8),
(1441, 'Tinggi', 0.8),
(1442, 'Tinggi', 0.8),
(1443, 'Tinggi', 0.8),
(1444, 'Tinggi', 0.8),
(1445, 'Tinggi', 0.8),
(1446, 'Tinggi', 0.8),
(1447, 'Tinggi', 0.8),
(1448, 'Tinggi', 0.8),
(1449, 'Tinggi', 0.8),
(1450, 'Tinggi', 0.8),
(1451, 'Tinggi', 0.8),
(1452, 'Tinggi', 0.8),
(1453, 'Tinggi', 0.8),
(1454, 'Tinggi', 0.8),
(1455, 'Tinggi', 0.8),
(1456, 'Tinggi', 0.8),
(1457, 'Tinggi', 0.8),
(1458, 'Tinggi', 0.8);

-- --------------------------------------------------------

--
-- Struktur dari tabel `tb_detail_aturan`
--

CREATE TABLE `tb_detail_aturan` (
  `id_detail_aturan` bigint(20) NOT NULL,
  `id_aturan` bigint(20) NOT NULL,
  `id_kategori_gejala` bigint(20) NOT NULL
) ENGINE=InnoDB DEFAULT CHARSET=latin1;

--
-- Dumping data untuk tabel `tb_detail_aturan`
--

INSERT INTO `tb_detail_aturan` (`id_detail_aturan`, `id_aturan`, `id_kategori_gejala`) VALUES
(1, 1, 21),
(2, 1, 1),
(3, 1, 14),
(4, 1, 7),
(5, 1, 10),
(6, 1, 16),
(7, 1, 18),
(8, 2, 21),
(9, 2, 1),
(10, 2, 14),
(11, 2, 7),
(12, 2, 10),
(13, 2, 16),
(14, 2, 19),
(15, 3, 21),
(16, 3, 1),
(17, 3, 14),
(18, 3, 7),
(19, 3, 10),
(20, 3, 16),
(21, 3, 20),
(22, 4, 21),
(23, 4, 1),
(24, 4, 14),
(25, 4, 7),
(26, 4, 10),
(27, 4, 17),
(28, 4, 18),
(29, 5, 21),
(30, 5, 1),
(31, 5, 14),
(32, 5, 7),
(33, 5, 10),
(34, 5, 17),
(35, 5, 19),
(36, 6, 21),
(37, 6, 1),
(38, 6, 14),
(39, 6, 7),
(40, 6, 10),
(41, 6, 17),
(42, 6, 20),
(43, 7, 21),
(44, 7, 1),
(45, 7, 14),
(46, 7, 7),
(47, 7, 11),
(48, 7, 16),
(49, 7, 18),
(50, 8, 21),
(51, 8, 1),
(52, 8, 14),
(53, 8, 7),
(54, 8, 11),
(55, 8, 16),
(56, 8, 19),
(57, 9, 21),
(58, 9, 1),
(59, 9, 14),
(60, 9, 7),
(61, 9, 11),
(62, 9, 16),
(63, 9, 20),
(64, 10, 21),
(65, 10, 1),
(66, 10, 14),
(67, 10, 7),
(68, 10, 11),
(69, 10, 17),
(70, 10, 18),
(71, 11, 21),
(72, 11, 1),
(73, 11, 14),
(74, 11, 7),
(75, 11, 11),
(76, 11, 17),
(77, 11, 19),
(78, 12, 21),
(79, 12, 1),
(80, 12, 14),
(81, 12, 7),
(82, 12, 11),
(83, 12, 17),
(84, 12, 20),
(85, 13, 21),
(86, 13, 1),
(87, 13, 14),
(88, 13, 7),
(89, 13, 12),
(90, 13, 16),
(91, 13, 18),
(92, 14, 21),
(93, 14, 1),
(94, 14, 14),
(95, 14, 7),
(96, 14, 12),
(97, 14, 16),
(98, 14, 19),
(99, 15, 21),
(100, 15, 1),
(101, 15, 14),
(102, 15, 7),
(103, 15, 12),
(104, 15, 16),
(105, 15, 20),
(106, 16, 21),
(107, 16, 1),
(108, 16, 14),
(109, 16, 7),
(110, 16, 12),
(111, 16, 17),
(112, 16, 18),
(113, 17, 21),
(114, 17, 1),
(115, 17, 14),
(116, 17, 7),
(117, 17, 12),
(118, 17, 17),
(119, 17, 19),
(120, 18, 21),
(121, 18, 1),
(122, 18, 14),
(123, 18, 7),
(124, 18, 12),
(125, 18, 17),
(126, 18, 20),
(127, 19, 21),
(128, 19, 1),
(129, 19, 14),
(130, 19, 8),
(131, 19, 10),
(132, 19, 16),
(133, 19, 18),
(134, 20, 21),
(135, 20, 1),
(136, 20, 14),
(137, 20, 8),
(138, 20, 10),
(139, 20, 16),
(140, 20, 19),
(141, 21, 21),
(142, 21, 1),
(143, 21, 14),
(144, 21, 8),
(145, 21, 10),
(146, 21, 16),
(147, 21, 20),
(148, 22, 21),
(149, 22, 1),
(150, 22, 14),
(151, 22, 8),
(152, 22, 10),
(153, 22, 17),
(154, 22, 18),
(155, 23, 21),
(156, 23, 1),
(157, 23, 14),
(158, 23, 8),
(159, 23, 10),
(160, 23, 17),
(161, 23, 19),
(162, 24, 21),
(163, 24, 1),
(164, 24, 14),
(165, 24, 8),
(166, 24, 10),
(167, 24, 17),
(168, 24, 20),
(169, 25, 21),
(170, 25, 1),
(171, 25, 14),
(172, 25, 8),
(173, 25, 11),
(174, 25, 16),
(175, 25, 18),
(176, 26, 21),
(177, 26, 1),
(178, 26, 14),
(179, 26, 8),
(180, 26, 11),
(181, 26, 16),
(182, 26, 19),
(183, 27, 21),
(184, 27, 1),
(185, 27, 14),
(186, 27, 8),
(187, 27, 11),
(188, 27, 16),
(189, 27, 20),
(190, 28, 21),
(191, 28, 1),
(192, 28, 14),
(193, 28, 8),
(194, 28, 11),
(195, 28, 17),
(196, 28, 18),
(197, 29, 21),
(198, 29, 1),
(199, 29, 14),
(200, 29, 8),
(201, 29, 11),
(202, 29, 17),
(203, 29, 19),
(204, 30, 21),
(205, 30, 1),
(206, 30, 14),
(207, 30, 8),
(208, 30, 11),
(209, 30, 17),
(210, 30, 20),
(211, 31, 21),
(212, 31, 1),
(213, 31, 14),
(214, 31, 8),
(215, 31, 12),
(216, 31, 16),
(217, 31, 18),
(218, 32, 21),
(219, 32, 1),
(220, 32, 14),
(221, 32, 8),
(222, 32, 12),
(223, 32, 16),
(224, 32, 19),
(225, 33, 21),
(226, 33, 1),
(227, 33, 14),
(228, 33, 8),
(229, 33, 12),
(230, 33, 16),
(231, 33, 20),
(232, 34, 21),
(233, 34, 1),
(234, 34, 14),
(235, 34, 8),
(236, 34, 12),
(237, 34, 17),
(238, 34, 18),
(239, 35, 21),
(240, 35, 1),
(241, 35, 14),
(242, 35, 8),
(243, 35, 12),
(244, 35, 17),
(245, 35, 19),
(246, 36, 21),
(247, 36, 1),
(248, 36, 14),
(249, 36, 8),
(250, 36, 12),
(251, 36, 17),
(252, 36, 20),
(253, 37, 21),
(254, 37, 1),
(255, 37, 14),
(256, 37, 9),
(257, 37, 10),
(258, 37, 17),
(259, 37, 18),
(260, 38, 21),
(261, 38, 1),
(262, 38, 14),
(263, 38, 9),
(264, 38, 10),
(265, 38, 17),
(266, 38, 19),
(267, 39, 21),
(268, 39, 1),
(269, 39, 14),
(270, 39, 9),
(271, 39, 10),
(272, 39, 17),
(273, 39, 20),
(274, 40, 21),
(275, 40, 1),
(276, 40, 14),
(277, 40, 9),
(278, 40, 10),
(279, 40, 16),
(280, 40, 18),
(281, 41, 21),
(282, 41, 1),
(283, 41, 14),
(284, 41, 9),
(285, 41, 10),
(286, 41, 16),
(287, 41, 19),
(288, 42, 21),
(289, 42, 1),
(290, 42, 14),
(291, 42, 9),
(292, 42, 10),
(293, 42, 16),
(294, 42, 20),
(295, 43, 21),
(296, 43, 1),
(297, 43, 14),
(298, 43, 9),
(299, 43, 11),
(300, 43, 17),
(301, 43, 18),
(302, 44, 21),
(303, 44, 1),
(304, 44, 14),
(305, 44, 9),
(306, 44, 11),
(307, 44, 17),
(308, 44, 19),
(309, 45, 21),
(310, 45, 1),
(311, 45, 14),
(312, 45, 9),
(313, 45, 11),
(314, 45, 17),
(315, 45, 20),
(316, 46, 21),
(317, 46, 1),
(318, 46, 14),
(319, 46, 9),
(320, 46, 11),
(321, 46, 16),
(322, 46, 18),
(323, 47, 21),
(324, 47, 1),
(325, 47, 14),
(326, 47, 9),
(327, 47, 11),
(328, 47, 16),
(329, 47, 19),
(330, 48, 21),
(331, 48, 1),
(332, 48, 14),
(333, 48, 9),
(334, 48, 11),
(335, 48, 16),
(336, 48, 20),
(337, 49, 21),
(338, 49, 1),
(339, 49, 14),
(340, 49, 9),
(341, 49, 12),
(342, 49, 17),
(343, 49, 18),
(344, 50, 21),
(345, 50, 1),
(346, 50, 14),
(347, 50, 9),
(348, 50, 12),
(349, 50, 17),
(350, 50, 19),
(351, 51, 21),
(352, 51, 1),
(353, 51, 14),
(354, 51, 9),
(355, 51, 12),
(356, 51, 17),
(357, 51, 20),
(358, 52, 21),
(359, 52, 1),
(360, 52, 14),
(361, 52, 9),
(362, 52, 12),
(363, 52, 16),
(364, 52, 18),
(365, 53, 21),
(366, 53, 1),
(367, 53, 14),
(368, 53, 9),
(369, 53, 12),
(370, 53, 16),
(371, 53, 19),
(372, 54, 21),
(373, 54, 1),
(374, 54, 14),
(375, 54, 9),
(376, 54, 12),
(377, 54, 16),
(378, 54, 20),
(379, 55, 21),
(380, 55, 1),
(381, 55, 13),
(382, 55, 7),
(383, 55, 10),
(384, 55, 17),
(385, 55, 18),
(386, 56, 21),
(387, 56, 1),
(388, 56, 13),
(389, 56, 7),
(390, 56, 10),
(391, 56, 17),
(392, 56, 19),
(393, 57, 21),
(394, 57, 1),
(395, 57, 13),
(396, 57, 7),
(397, 57, 10),
(398, 57, 17),
(399, 57, 20),
(400, 58, 21),
(401, 58, 1),
(402, 58, 13),
(403, 58, 7),
(404, 58, 10),
(405, 58, 16),
(406, 58, 18),
(407, 59, 21),
(408, 59, 1),
(409, 59, 13),
(410, 59, 7),
(411, 59, 10),
(412, 59, 16),
(413, 59, 19),
(414, 60, 21),
(415, 60, 1),
(416, 60, 13),
(417, 60, 7),
(418, 60, 10),
(419, 60, 16),
(420, 60, 20),
(421, 61, 21),
(422, 61, 1),
(423, 61, 13),
(424, 61, 7),
(425, 61, 11),
(426, 61, 17),
(427, 61, 18),
(428, 62, 21),
(429, 62, 1),
(430, 62, 13),
(431, 62, 7),
(432, 62, 11),
(433, 62, 17),
(434, 62, 19),
(435, 63, 21),
(436, 63, 1),
(437, 63, 13),
(438, 63, 7),
(439, 63, 11),
(440, 63, 17),
(441, 63, 20),
(442, 64, 21),
(443, 64, 1),
(444, 64, 13),
(445, 64, 7),
(446, 64, 11),
(447, 64, 16),
(448, 64, 18),
(449, 65, 21),
(450, 65, 1),
(451, 65, 13),
(452, 65, 7),
(453, 65, 11),
(454, 65, 16),
(455, 65, 19),
(456, 66, 21),
(457, 66, 1),
(458, 66, 13),
(459, 66, 7),
(460, 66, 11),
(461, 66, 16),
(462, 66, 20),
(463, 67, 21),
(464, 67, 1),
(465, 67, 13),
(466, 67, 7),
(467, 67, 12),
(468, 67, 17),
(469, 67, 18),
(470, 68, 21),
(471, 68, 1),
(472, 68, 13),
(473, 68, 7),
(474, 68, 12),
(475, 68, 17),
(476, 68, 19),
(477, 69, 21),
(478, 69, 1),
(479, 69, 13),
(480, 69, 7),
(481, 69, 12),
(482, 69, 17),
(483, 69, 20),
(484, 70, 21),
(485, 70, 1),
(486, 70, 13),
(487, 70, 7),
(488, 70, 12),
(489, 70, 16),
(490, 70, 18),
(491, 71, 21),
(492, 71, 1),
(493, 71, 13),
(494, 71, 7),
(495, 71, 12),
(496, 71, 16),
(497, 71, 19),
(498, 72, 21),
(499, 72, 1),
(500, 72, 13),
(501, 72, 7),
(502, 72, 12),
(503, 72, 16),
(504, 72, 20),
(505, 73, 21),
(506, 73, 1),
(507, 73, 13),
(508, 73, 8),
(509, 73, 10),
(510, 73, 17),
(511, 73, 18),
(512, 74, 21),
(513, 74, 1),
(514, 74, 13),
(515, 74, 8),
(516, 74, 10),
(517, 74, 17),
(518, 74, 19),
(519, 75, 21),
(520, 75, 1),
(521, 75, 13),
(522, 75, 8),
(523, 75, 10),
(524, 75, 17),
(525, 75, 20),
(526, 76, 21),
(527, 76, 1),
(528, 76, 13),
(529, 76, 8),
(530, 76, 10),
(531, 76, 16),
(532, 76, 18),
(533, 77, 21),
(534, 77, 1),
(535, 77, 13),
(536, 77, 8),
(537, 77, 10),
(538, 77, 16),
(539, 77, 19),
(540, 78, 21),
(541, 78, 1),
(542, 78, 13),
(543, 78, 8),
(544, 78, 10),
(545, 78, 16),
(546, 78, 20),
(547, 79, 21),
(548, 79, 1),
(549, 79, 13),
(550, 79, 8),
(551, 79, 11),
(552, 79, 17),
(553, 79, 18),
(554, 80, 21),
(555, 80, 1),
(556, 80, 13),
(557, 80, 8),
(558, 80, 11),
(559, 80, 17),
(560, 80, 19),
(561, 81, 21),
(562, 81, 1),
(563, 81, 13),
(564, 81, 8),
(565, 81, 11),
(566, 81, 17),
(567, 81, 20),
(568, 82, 21),
(569, 82, 1),
(570, 82, 13),
(571, 82, 8),
(572, 82, 11),
(573, 82, 16),
(574, 82, 18),
(575, 83, 21),
(576, 83, 1),
(577, 83, 13),
(578, 83, 8),
(579, 83, 11),
(580, 83, 16),
(581, 83, 19),
(582, 84, 21),
(583, 84, 1),
(584, 84, 13),
(585, 84, 8),
(586, 84, 11),
(587, 84, 16),
(588, 84, 20),
(589, 85, 21),
(590, 85, 1),
(591, 85, 13),
(592, 85, 8),
(593, 85, 12),
(594, 85, 17),
(595, 85, 18),
(596, 86, 21),
(597, 86, 1),
(598, 86, 13),
(599, 86, 8),
(600, 86, 12),
(601, 86, 17),
(602, 86, 19),
(603, 87, 21),
(604, 87, 1),
(605, 87, 13),
(606, 87, 8),
(607, 87, 12),
(608, 87, 17),
(609, 87, 20),
(610, 88, 21),
(611, 88, 1),
(612, 88, 13),
(613, 88, 8),
(614, 88, 12),
(615, 88, 16),
(616, 88, 18),
(617, 89, 21),
(618, 89, 1),
(619, 89, 13),
(620, 89, 8),
(621, 89, 12),
(622, 89, 16),
(623, 89, 19),
(624, 90, 21),
(625, 90, 1),
(626, 90, 13),
(627, 90, 8),
(628, 90, 12),
(629, 90, 16),
(630, 90, 20),
(631, 91, 21),
(632, 91, 1),
(633, 91, 13),
(634, 91, 9),
(635, 91, 10),
(636, 91, 17),
(637, 91, 18),
(638, 92, 21),
(639, 92, 1),
(640, 92, 13),
(641, 92, 9),
(642, 92, 10),
(643, 92, 17),
(644, 92, 19),
(645, 93, 21),
(646, 93, 1),
(647, 93, 13),
(648, 93, 9),
(649, 93, 10),
(650, 93, 17),
(651, 93, 20),
(652, 94, 21),
(653, 94, 1),
(654, 94, 13),
(655, 94, 9),
(656, 94, 10),
(657, 94, 16),
(658, 94, 18),
(659, 95, 21),
(660, 95, 1),
(661, 95, 13),
(662, 95, 9),
(663, 95, 10),
(664, 95, 16),
(665, 95, 19),
(666, 96, 21),
(667, 96, 1),
(668, 96, 13),
(669, 96, 9),
(670, 96, 10),
(671, 96, 16),
(672, 96, 20),
(673, 97, 21),
(674, 97, 1),
(675, 97, 13),
(676, 97, 9),
(677, 97, 11),
(678, 97, 17),
(679, 97, 18),
(680, 98, 21),
(681, 98, 1),
(682, 98, 13),
(683, 98, 9),
(684, 98, 11),
(685, 98, 17),
(686, 98, 19),
(687, 99, 21),
(688, 99, 1),
(689, 99, 13),
(690, 99, 9),
(691, 99, 11),
(692, 99, 17),
(693, 99, 20),
(694, 100, 21),
(695, 100, 1),
(696, 100, 13),
(697, 100, 9),
(698, 100, 11),
(699, 100, 16),
(700, 100, 18),
(701, 101, 21),
(702, 101, 1),
(703, 101, 13),
(704, 101, 9),
(705, 101, 11),
(706, 101, 16),
(707, 101, 19),
(708, 102, 21),
(709, 102, 1),
(710, 102, 13),
(711, 102, 9),
(712, 102, 11),
(713, 102, 16),
(714, 102, 20),
(715, 103, 21),
(716, 103, 1),
(717, 103, 13),
(718, 103, 9),
(719, 103, 12),
(720, 103, 17),
(721, 103, 18),
(722, 104, 21),
(723, 104, 1),
(724, 104, 13),
(725, 104, 9),
(726, 104, 12),
(727, 104, 17),
(728, 104, 19),
(729, 105, 21),
(730, 105, 1),
(731, 105, 13),
(732, 105, 9),
(733, 105, 12),
(734, 105, 17),
(735, 105, 20),
(736, 106, 21),
(737, 106, 1),
(738, 106, 13),
(739, 106, 9),
(740, 106, 12),
(741, 106, 16),
(742, 106, 18),
(743, 107, 21),
(744, 107, 1),
(745, 107, 13),
(746, 107, 9),
(747, 107, 12),
(748, 107, 16),
(749, 107, 19),
(750, 108, 21),
(751, 108, 1),
(752, 108, 13),
(753, 108, 9),
(754, 108, 12),
(755, 108, 16),
(756, 108, 20),
(757, 109, 21),
(758, 109, 1),
(759, 109, 15),
(760, 109, 7),
(761, 109, 10),
(762, 109, 17),
(763, 109, 18),
(764, 110, 21),
(765, 110, 1),
(766, 110, 15),
(767, 110, 7),
(768, 110, 10),
(769, 110, 17),
(770, 110, 19),
(771, 111, 21),
(772, 111, 1),
(773, 111, 15),
(774, 111, 7),
(775, 111, 10),
(776, 111, 17),
(777, 111, 20),
(778, 112, 21),
(779, 112, 1),
(780, 112, 15),
(781, 112, 7),
(782, 112, 10),
(783, 112, 16),
(784, 112, 18),
(785, 113, 21),
(786, 113, 1),
(787, 113, 15),
(788, 113, 7),
(789, 113, 10),
(790, 113, 16),
(791, 113, 19),
(792, 114, 21),
(793, 114, 1),
(794, 114, 15),
(795, 114, 7),
(796, 114, 10),
(797, 114, 16),
(798, 114, 20),
(799, 115, 21),
(800, 115, 1),
(801, 115, 15),
(802, 115, 7),
(803, 115, 11),
(804, 115, 17),
(805, 115, 18),
(806, 116, 21),
(807, 116, 1),
(808, 116, 15),
(809, 116, 7),
(810, 116, 11),
(811, 116, 17),
(812, 116, 19),
(813, 117, 21),
(814, 117, 1),
(815, 117, 15),
(816, 117, 7),
(817, 117, 11),
(818, 117, 17),
(819, 117, 20),
(820, 118, 21),
(821, 118, 1),
(822, 118, 15),
(823, 118, 7),
(824, 118, 11),
(825, 118, 16),
(826, 118, 18),
(827, 119, 21),
(828, 119, 1),
(829, 119, 15),
(830, 119, 7),
(831, 119, 11),
(832, 119, 16),
(833, 119, 19),
(834, 120, 21),
(835, 120, 1),
(836, 120, 15),
(837, 120, 7),
(838, 120, 11),
(839, 120, 16),
(840, 120, 20),
(841, 121, 21),
(842, 121, 1),
(843, 121, 15),
(844, 121, 7),
(845, 121, 12),
(846, 121, 17),
(847, 121, 18),
(848, 122, 21),
(849, 122, 1),
(850, 122, 15),
(851, 122, 7),
(852, 122, 12),
(853, 122, 17),
(854, 122, 19),
(855, 123, 21),
(856, 123, 1),
(857, 123, 15),
(858, 123, 7),
(859, 123, 12),
(860, 123, 17),
(861, 123, 20),
(862, 124, 21),
(863, 124, 1),
(864, 124, 15),
(865, 124, 7),
(866, 124, 12),
(867, 124, 16),
(868, 124, 18),
(869, 125, 21),
(870, 125, 1),
(871, 125, 15),
(872, 125, 7),
(873, 125, 12),
(874, 125, 16),
(875, 125, 19),
(876, 126, 21),
(877, 126, 1),
(878, 126, 15),
(879, 126, 7),
(880, 126, 12),
(881, 126, 16),
(882, 126, 20),
(883, 127, 21),
(884, 127, 1),
(885, 127, 15),
(886, 127, 8),
(887, 127, 10),
(888, 127, 17),
(889, 127, 18),
(890, 128, 21),
(891, 128, 1),
(892, 128, 15),
(893, 128, 8),
(894, 128, 10),
(895, 128, 17),
(896, 128, 19),
(897, 129, 21),
(898, 129, 1),
(899, 129, 15),
(900, 129, 8),
(901, 129, 10),
(902, 129, 17),
(903, 129, 20),
(904, 130, 21),
(905, 130, 1),
(906, 130, 15),
(907, 130, 8),
(908, 130, 10),
(909, 130, 16),
(910, 130, 18),
(911, 131, 21),
(912, 131, 1),
(913, 131, 15),
(914, 131, 8),
(915, 131, 10),
(916, 131, 16),
(917, 131, 19),
(918, 132, 21),
(919, 132, 1),
(920, 132, 15),
(921, 132, 8),
(922, 132, 10),
(923, 132, 16),
(924, 132, 20),
(925, 133, 21),
(926, 133, 1),
(927, 133, 15),
(928, 133, 8),
(929, 133, 11),
(930, 133, 17),
(931, 133, 18),
(932, 134, 21),
(933, 134, 1),
(934, 134, 15),
(935, 134, 8),
(936, 134, 11),
(937, 134, 17),
(938, 134, 19),
(939, 135, 21),
(940, 135, 1),
(941, 135, 15),
(942, 135, 8),
(943, 135, 11),
(944, 135, 17),
(945, 135, 20),
(946, 136, 21),
(947, 136, 1),
(948, 136, 15),
(949, 136, 8),
(950, 136, 11),
(951, 136, 16),
(952, 136, 18),
(953, 137, 21),
(954, 137, 1),
(955, 137, 15),
(956, 137, 8),
(957, 137, 11),
(958, 137, 16),
(959, 137, 19),
(960, 138, 21),
(961, 138, 1),
(962, 138, 15),
(963, 138, 8),
(964, 138, 11),
(965, 138, 16),
(966, 138, 20),
(967, 139, 21),
(968, 139, 1),
(969, 139, 15),
(970, 139, 8),
(971, 139, 12),
(972, 139, 17),
(973, 139, 18),
(974, 140, 21),
(975, 140, 1),
(976, 140, 15),
(977, 140, 8),
(978, 140, 12),
(979, 140, 17),
(980, 140, 19),
(981, 141, 21),
(982, 141, 1),
(983, 141, 15),
(984, 141, 8),
(985, 141, 12),
(986, 141, 17),
(987, 141, 20),
(988, 142, 21),
(989, 142, 1),
(990, 142, 15),
(991, 142, 8),
(992, 142, 12),
(993, 142, 16),
(994, 142, 18),
(995, 143, 21),
(996, 143, 1),
(997, 143, 15),
(998, 143, 8),
(999, 143, 12),
(1000, 143, 16),
(1001, 143, 19),
(1002, 144, 21),
(1003, 144, 1),
(1004, 144, 15),
(1005, 144, 8),
(1006, 144, 12),
(1007, 144, 16),
(1008, 144, 20),
(1009, 145, 21),
(1010, 145, 1),
(1011, 145, 15),
(1012, 145, 9),
(1013, 145, 10),
(1014, 145, 17),
(1015, 145, 18),
(1016, 146, 21),
(1017, 146, 1),
(1018, 146, 15),
(1019, 146, 9),
(1020, 146, 10),
(1021, 146, 17),
(1022, 146, 19),
(1023, 147, 21),
(1024, 147, 1),
(1025, 147, 15),
(1026, 147, 9),
(1027, 147, 10),
(1028, 147, 17),
(1029, 147, 20),
(1030, 148, 21),
(1031, 148, 1),
(1032, 148, 15),
(1033, 148, 9),
(1034, 148, 10),
(1035, 148, 16),
(1036, 148, 18),
(1037, 149, 21),
(1038, 149, 1),
(1039, 149, 15),
(1040, 149, 9),
(1041, 149, 10),
(1042, 149, 16),
(1043, 149, 19),
(1044, 150, 21),
(1045, 150, 1),
(1046, 150, 15),
(1047, 150, 9),
(1048, 150, 10),
(1049, 150, 16),
(1050, 150, 20),
(1051, 151, 21),
(1052, 151, 1),
(1053, 151, 15),
(1054, 151, 9),
(1055, 151, 11),
(1056, 151, 17),
(1057, 151, 18),
(1058, 152, 21),
(1059, 152, 1),
(1060, 152, 15),
(1061, 152, 9),
(1062, 152, 11),
(1063, 152, 17),
(1064, 152, 19),
(1065, 153, 21),
(1066, 153, 1),
(1067, 153, 15),
(1068, 153, 9),
(1069, 153, 11),
(1070, 153, 17),
(1071, 153, 20),
(1072, 154, 21),
(1073, 154, 1),
(1074, 154, 15),
(1075, 154, 9),
(1076, 154, 11),
(1077, 154, 16),
(1078, 154, 18),
(1079, 155, 21),
(1080, 155, 1),
(1081, 155, 15),
(1082, 155, 9),
(1083, 155, 11),
(1084, 155, 16),
(1085, 155, 19),
(1086, 156, 21),
(1087, 156, 1),
(1088, 156, 15),
(1089, 156, 9),
(1090, 156, 11),
(1091, 156, 16),
(1092, 156, 20),
(1093, 157, 21),
(1094, 157, 1),
(1095, 157, 15),
(1096, 157, 9),
(1097, 157, 12),
(1098, 157, 17),
(1099, 157, 18),
(1100, 158, 21),
(1101, 158, 1),
(1102, 158, 15),
(1103, 158, 9),
(1104, 158, 12),
(1105, 158, 17),
(1106, 158, 19),
(1107, 159, 21),
(1108, 159, 1),
(1109, 159, 15),
(1110, 159, 9),
(1111, 159, 12),
(1112, 159, 17),
(1113, 159, 20),
(1114, 160, 21),
(1115, 160, 1),
(1116, 160, 15),
(1117, 160, 9),
(1118, 160, 12),
(1119, 160, 16),
(1120, 160, 18),
(1121, 161, 21),
(1122, 161, 1),
(1123, 161, 15),
(1124, 161, 9),
(1125, 161, 12),
(1126, 161, 16),
(1127, 161, 19),
(1128, 162, 21),
(1129, 162, 1),
(1130, 162, 15),
(1131, 162, 9),
(1132, 162, 12),
(1133, 162, 16),
(1134, 162, 20),
(1135, 163, 21),
(1136, 163, 2),
(1137, 163, 14),
(1138, 163, 7),
(1139, 163, 10),
(1140, 163, 17),
(1141, 163, 18),
(1142, 164, 21),
(1143, 164, 2),
(1144, 164, 14),
(1145, 164, 7),
(1146, 164, 10),
(1147, 164, 17),
(1148, 164, 19),
(1149, 165, 21),
(1150, 165, 2),
(1151, 165, 14),
(1152, 165, 7),
(1153, 165, 10),
(1154, 165, 17),
(1155, 165, 20),
(1156, 166, 21),
(1157, 166, 2),
(1158, 166, 14),
(1159, 166, 7),
(1160, 166, 10),
(1161, 166, 16),
(1162, 166, 18),
(1163, 167, 21),
(1164, 167, 2),
(1165, 167, 14),
(1166, 167, 7),
(1167, 167, 10),
(1168, 167, 16),
(1169, 167, 19),
(1170, 168, 21),
(1171, 168, 2),
(1172, 168, 14),
(1173, 168, 7),
(1174, 168, 10),
(1175, 168, 16),
(1176, 168, 20),
(1177, 169, 21),
(1178, 169, 2),
(1179, 169, 14),
(1180, 169, 7),
(1181, 169, 11),
(1182, 169, 17),
(1183, 169, 18),
(1184, 170, 21),
(1185, 170, 2),
(1186, 170, 14),
(1187, 170, 7),
(1188, 170, 11),
(1189, 170, 17),
(1190, 170, 19),
(1191, 171, 21),
(1192, 171, 2),
(1193, 171, 14),
(1194, 171, 7),
(1195, 171, 11),
(1196, 171, 17),
(1197, 171, 20),
(1198, 172, 21),
(1199, 172, 2),
(1200, 172, 14),
(1201, 172, 7),
(1202, 172, 11),
(1203, 172, 16),
(1204, 172, 18),
(1205, 173, 21),
(1206, 173, 2),
(1207, 173, 14),
(1208, 173, 7),
(1209, 173, 11),
(1210, 173, 16),
(1211, 173, 19),
(1212, 174, 21),
(1213, 174, 2),
(1214, 174, 14),
(1215, 174, 7),
(1216, 174, 11),
(1217, 174, 16),
(1218, 174, 20),
(1219, 175, 21),
(1220, 175, 2),
(1221, 175, 14),
(1222, 175, 7),
(1223, 175, 12),
(1224, 175, 17),
(1225, 175, 18),
(1226, 176, 21),
(1227, 176, 2),
(1228, 176, 14),
(1229, 176, 7),
(1230, 176, 12),
(1231, 176, 17),
(1232, 176, 19),
(1233, 177, 21),
(1234, 177, 2),
(1235, 177, 14),
(1236, 177, 7),
(1237, 177, 12),
(1238, 177, 17),
(1239, 177, 20),
(1240, 178, 21),
(1241, 178, 2),
(1242, 178, 14),
(1243, 178, 7),
(1244, 178, 12),
(1245, 178, 16),
(1246, 178, 18),
(1247, 179, 21),
(1248, 179, 2),
(1249, 179, 14),
(1250, 179, 7),
(1251, 179, 12),
(1252, 179, 16),
(1253, 179, 19),
(1254, 180, 21),
(1255, 180, 2),
(1256, 180, 14),
(1257, 180, 7),
(1258, 180, 12),
(1259, 180, 16),
(1260, 180, 20),
(1261, 181, 21),
(1262, 181, 2),
(1263, 181, 14),
(1264, 181, 8),
(1265, 181, 10),
(1266, 181, 17),
(1267, 181, 18),
(1268, 182, 21),
(1269, 182, 2),
(1270, 182, 14),
(1271, 182, 8),
(1272, 182, 10),
(1273, 182, 17),
(1274, 182, 19),
(1275, 183, 21),
(1276, 183, 2),
(1277, 183, 14),
(1278, 183, 8),
(1279, 183, 10),
(1280, 183, 17),
(1281, 183, 20),
(1282, 184, 21),
(1283, 184, 2),
(1284, 184, 14),
(1285, 184, 8),
(1286, 184, 10),
(1287, 184, 16),
(1288, 184, 18),
(1289, 185, 21),
(1290, 185, 2),
(1291, 185, 14),
(1292, 185, 8),
(1293, 185, 10),
(1294, 185, 16),
(1295, 185, 19),
(1296, 186, 21),
(1297, 186, 2),
(1298, 186, 14),
(1299, 186, 8),
(1300, 186, 10),
(1301, 186, 16),
(1302, 186, 20),
(1303, 187, 21),
(1304, 187, 2),
(1305, 187, 14),
(1306, 187, 8),
(1307, 187, 11),
(1308, 187, 17),
(1309, 187, 18),
(1310, 188, 21),
(1311, 188, 2),
(1312, 188, 14),
(1313, 188, 8),
(1314, 188, 11),
(1315, 188, 17),
(1316, 188, 19),
(1317, 189, 21),
(1318, 189, 2),
(1319, 189, 14),
(1320, 189, 8),
(1321, 189, 11),
(1322, 189, 17),
(1323, 189, 20),
(1324, 190, 21),
(1325, 190, 2),
(1326, 190, 14),
(1327, 190, 8),
(1328, 190, 11),
(1329, 190, 16),
(1330, 190, 18),
(1331, 191, 21),
(1332, 191, 2),
(1333, 191, 14),
(1334, 191, 8),
(1335, 191, 11),
(1336, 191, 16),
(1337, 191, 19),
(1338, 192, 21),
(1339, 192, 2),
(1340, 192, 14),
(1341, 192, 8),
(1342, 192, 11),
(1343, 192, 16),
(1344, 192, 20),
(1345, 193, 21),
(1346, 193, 2),
(1347, 193, 14),
(1348, 193, 8),
(1349, 193, 12),
(1350, 193, 17),
(1351, 193, 18),
(1352, 194, 21),
(1353, 194, 2),
(1354, 194, 14),
(1355, 194, 8),
(1356, 194, 12),
(1357, 194, 17),
(1358, 194, 19),
(1359, 195, 21),
(1360, 195, 2),
(1361, 195, 14),
(1362, 195, 8),
(1363, 195, 12),
(1364, 195, 17),
(1365, 195, 20),
(1366, 196, 21),
(1367, 196, 2),
(1368, 196, 14),
(1369, 196, 8),
(1370, 196, 12),
(1371, 196, 16),
(1372, 196, 18),
(1373, 197, 21),
(1374, 197, 2),
(1375, 197, 14),
(1376, 197, 8),
(1377, 197, 12),
(1378, 197, 16),
(1379, 197, 19),
(1380, 198, 21),
(1381, 198, 2),
(1382, 198, 14),
(1383, 198, 8),
(1384, 198, 12),
(1385, 198, 16),
(1386, 198, 20),
(1387, 199, 21),
(1388, 199, 2),
(1389, 199, 14),
(1390, 199, 9),
(1391, 199, 10),
(1392, 199, 17),
(1393, 199, 18),
(1394, 200, 21),
(1395, 200, 2),
(1396, 200, 14),
(1397, 200, 9),
(1398, 200, 10),
(1399, 200, 17),
(1400, 200, 19),
(1401, 201, 21),
(1402, 201, 2),
(1403, 201, 14),
(1404, 201, 9),
(1405, 201, 10),
(1406, 201, 17),
(1407, 201, 20),
(1408, 202, 21),
(1409, 202, 2),
(1410, 202, 14),
(1411, 202, 9),
(1412, 202, 10),
(1413, 202, 16),
(1414, 202, 18),
(1415, 203, 21),
(1416, 203, 2),
(1417, 203, 14),
(1418, 203, 9),
(1419, 203, 10),
(1420, 203, 16),
(1421, 203, 19),
(1422, 204, 21),
(1423, 204, 2),
(1424, 204, 14),
(1425, 204, 9),
(1426, 204, 10),
(1427, 204, 16),
(1428, 204, 20),
(1429, 205, 21),
(1430, 205, 2),
(1431, 205, 14),
(1432, 205, 9),
(1433, 205, 11),
(1434, 205, 17),
(1435, 205, 18),
(1436, 206, 21),
(1437, 206, 2),
(1438, 206, 14),
(1439, 206, 9),
(1440, 206, 11),
(1441, 206, 17),
(1442, 206, 19),
(1443, 207, 21),
(1444, 207, 2),
(1445, 207, 14),
(1446, 207, 9),
(1447, 207, 11),
(1448, 207, 17),
(1449, 207, 20),
(1450, 208, 21),
(1451, 208, 2),
(1452, 208, 14),
(1453, 208, 9),
(1454, 208, 11),
(1455, 208, 16),
(1456, 208, 18),
(1457, 209, 21),
(1458, 209, 2),
(1459, 209, 14),
(1460, 209, 9),
(1461, 209, 11),
(1462, 209, 16),
(1463, 209, 19),
(1464, 210, 21),
(1465, 210, 2),
(1466, 210, 14),
(1467, 210, 9),
(1468, 210, 11),
(1469, 210, 16),
(1470, 210, 20),
(1471, 211, 21),
(1472, 211, 2),
(1473, 211, 14),
(1474, 211, 9),
(1475, 211, 12),
(1476, 211, 17),
(1477, 211, 18),
(1478, 212, 21),
(1479, 212, 2),
(1480, 212, 14),
(1481, 212, 9),
(1482, 212, 12),
(1483, 212, 17),
(1484, 212, 19),
(1485, 213, 21),
(1486, 213, 2),
(1487, 213, 14),
(1488, 213, 9),
(1489, 213, 12),
(1490, 213, 17),
(1491, 213, 20),
(1492, 214, 21),
(1493, 214, 2),
(1494, 214, 14),
(1495, 214, 9),
(1496, 214, 12),
(1497, 214, 16),
(1498, 214, 18),
(1499, 215, 21),
(1500, 215, 2),
(1501, 215, 14),
(1502, 215, 9),
(1503, 215, 12),
(1504, 215, 16),
(1505, 215, 19),
(1506, 216, 21),
(1507, 216, 2),
(1508, 216, 14),
(1509, 216, 9),
(1510, 216, 12),
(1511, 216, 16),
(1512, 216, 20),
(1513, 217, 21),
(1514, 217, 2),
(1515, 217, 13),
(1516, 217, 7),
(1517, 217, 10),
(1518, 217, 17),
(1519, 217, 18),
(1520, 218, 21),
(1521, 218, 2),
(1522, 218, 13),
(1523, 218, 7),
(1524, 218, 10),
(1525, 218, 17),
(1526, 218, 19),
(1527, 219, 21),
(1528, 219, 2),
(1529, 219, 13),
(1530, 219, 7),
(1531, 219, 10),
(1532, 219, 17),
(1533, 219, 20),
(1534, 220, 21),
(1535, 220, 2),
(1536, 220, 13),
(1537, 220, 7),
(1538, 220, 10),
(1539, 220, 16),
(1540, 220, 18),
(1541, 221, 21),
(1542, 221, 2),
(1543, 221, 13),
(1544, 221, 7),
(1545, 221, 10),
(1546, 221, 16),
(1547, 221, 19),
(1548, 222, 21),
(1549, 222, 2),
(1550, 222, 13),
(1551, 222, 7),
(1552, 222, 10),
(1553, 222, 16),
(1554, 222, 20),
(1555, 223, 21),
(1556, 223, 2),
(1557, 223, 13),
(1558, 223, 7),
(1559, 223, 11),
(1560, 223, 17),
(1561, 223, 18),
(1562, 224, 21),
(1563, 224, 2),
(1564, 224, 13),
(1565, 224, 7),
(1566, 224, 11),
(1567, 224, 17),
(1568, 224, 19),
(1569, 225, 21),
(1570, 225, 2),
(1571, 225, 13),
(1572, 225, 7),
(1573, 225, 11),
(1574, 225, 17),
(1575, 225, 20),
(1576, 226, 21),
(1577, 226, 2),
(1578, 226, 13),
(1579, 226, 7),
(1580, 226, 11),
(1581, 226, 16),
(1582, 226, 18),
(1583, 227, 21),
(1584, 227, 2),
(1585, 227, 13),
(1586, 227, 7),
(1587, 227, 11),
(1588, 227, 16),
(1589, 227, 19),
(1590, 228, 21),
(1591, 228, 2),
(1592, 228, 13),
(1593, 228, 7),
(1594, 228, 11),
(1595, 228, 16),
(1596, 228, 20),
(1597, 229, 21),
(1598, 229, 2),
(1599, 229, 13),
(1600, 229, 7),
(1601, 229, 12),
(1602, 229, 17),
(1603, 229, 18),
(1604, 230, 21),
(1605, 230, 2),
(1606, 230, 13),
(1607, 230, 7),
(1608, 230, 12),
(1609, 230, 17),
(1610, 230, 19),
(1611, 231, 21),
(1612, 231, 2),
(1613, 231, 13),
(1614, 231, 7),
(1615, 231, 12),
(1616, 231, 17),
(1617, 231, 20),
(1618, 232, 21),
(1619, 232, 2),
(1620, 232, 13),
(1621, 232, 7),
(1622, 232, 12),
(1623, 232, 16),
(1624, 232, 18),
(1625, 233, 21),
(1626, 233, 2),
(1627, 233, 13),
(1628, 233, 7),
(1629, 233, 12),
(1630, 233, 16),
(1631, 233, 19),
(1632, 234, 21),
(1633, 234, 2),
(1634, 234, 13),
(1635, 234, 7),
(1636, 234, 12),
(1637, 234, 16),
(1638, 234, 20),
(1639, 235, 21),
(1640, 235, 2),
(1641, 235, 13),
(1642, 235, 8),
(1643, 235, 10),
(1644, 235, 17),
(1645, 235, 18),
(1646, 236, 21),
(1647, 236, 2),
(1648, 236, 13),
(1649, 236, 8),
(1650, 236, 10),
(1651, 236, 17),
(1652, 236, 19),
(1653, 237, 21),
(1654, 237, 2),
(1655, 237, 13),
(1656, 237, 8),
(1657, 237, 10),
(1658, 237, 17),
(1659, 237, 20),
(1660, 238, 21),
(1661, 238, 2),
(1662, 238, 13),
(1663, 238, 8),
(1664, 238, 10),
(1665, 238, 16),
(1666, 238, 18),
(1667, 239, 21),
(1668, 239, 2),
(1669, 239, 13),
(1670, 239, 8),
(1671, 239, 10),
(1672, 239, 16),
(1673, 239, 19),
(1674, 240, 21),
(1675, 240, 2),
(1676, 240, 13),
(1677, 240, 8),
(1678, 240, 10),
(1679, 240, 16),
(1680, 240, 20),
(1681, 241, 21),
(1682, 241, 2),
(1683, 241, 13),
(1684, 241, 8),
(1685, 241, 11),
(1686, 241, 17),
(1687, 241, 18),
(1688, 242, 21),
(1689, 242, 2),
(1690, 242, 13),
(1691, 242, 8),
(1692, 242, 11),
(1693, 242, 17),
(1694, 242, 19),
(1695, 243, 21),
(1696, 243, 2),
(1697, 243, 13),
(1698, 243, 8),
(1699, 243, 11),
(1700, 243, 17),
(1701, 243, 20),
(1702, 244, 21),
(1703, 244, 2),
(1704, 244, 13),
(1705, 244, 8),
(1706, 244, 11),
(1707, 244, 16),
(1708, 244, 18),
(1709, 245, 21),
(1710, 245, 2),
(1711, 245, 13),
(1712, 245, 8),
(1713, 245, 11),
(1714, 245, 16),
(1715, 245, 19),
(1716, 246, 21),
(1717, 246, 2),
(1718, 246, 13),
(1719, 246, 8),
(1720, 246, 11),
(1721, 246, 16),
(1722, 246, 20),
(1723, 247, 21),
(1724, 247, 2),
(1725, 247, 13),
(1726, 247, 8),
(1727, 247, 12),
(1728, 247, 17),
(1729, 247, 18),
(1730, 248, 21),
(1731, 248, 2),
(1732, 248, 13),
(1733, 248, 8),
(1734, 248, 12),
(1735, 248, 17),
(1736, 248, 19),
(1737, 249, 21),
(1738, 249, 2),
(1739, 249, 13),
(1740, 249, 8),
(1741, 249, 12),
(1742, 249, 17),
(1743, 249, 20),
(1744, 250, 21),
(1745, 250, 2),
(1746, 250, 13),
(1747, 250, 8),
(1748, 250, 12),
(1749, 250, 16),
(1750, 250, 18),
(1751, 251, 21),
(1752, 251, 2),
(1753, 251, 13),
(1754, 251, 8),
(1755, 251, 12),
(1756, 251, 16),
(1757, 251, 19),
(1758, 252, 21),
(1759, 252, 2),
(1760, 252, 13),
(1761, 252, 8),
(1762, 252, 12),
(1763, 252, 16),
(1764, 252, 20),
(1765, 253, 21),
(1766, 253, 2),
(1767, 253, 13),
(1768, 253, 9),
(1769, 253, 10),
(1770, 253, 17),
(1771, 253, 18),
(1772, 254, 21),
(1773, 254, 2),
(1774, 254, 13),
(1775, 254, 9),
(1776, 254, 10),
(1777, 254, 17),
(1778, 254, 19),
(1779, 255, 21),
(1780, 255, 2),
(1781, 255, 13),
(1782, 255, 9),
(1783, 255, 10),
(1784, 255, 17),
(1785, 255, 20),
(1786, 256, 21),
(1787, 256, 2),
(1788, 256, 13),
(1789, 256, 9),
(1790, 256, 10),
(1791, 256, 16),
(1792, 256, 18),
(1793, 257, 21),
(1794, 257, 2),
(1795, 257, 13),
(1796, 257, 9),
(1797, 257, 10),
(1798, 257, 16),
(1799, 257, 19),
(1800, 258, 21),
(1801, 258, 2),
(1802, 258, 13),
(1803, 258, 9),
(1804, 258, 10),
(1805, 258, 16),
(1806, 258, 20),
(1807, 259, 21),
(1808, 259, 2),
(1809, 259, 13),
(1810, 259, 9),
(1811, 259, 11),
(1812, 259, 17),
(1813, 259, 18),
(1814, 260, 21),
(1815, 260, 2),
(1816, 260, 13),
(1817, 260, 9),
(1818, 260, 11),
(1819, 260, 17),
(1820, 260, 19),
(1821, 261, 21),
(1822, 261, 2),
(1823, 261, 13),
(1824, 261, 9),
(1825, 261, 11),
(1826, 261, 17),
(1827, 261, 20),
(1828, 262, 21),
(1829, 262, 2),
(1830, 262, 13),
(1831, 262, 9),
(1832, 262, 11),
(1833, 262, 16),
(1834, 262, 18),
(1835, 263, 21),
(1836, 263, 2),
(1837, 263, 13),
(1838, 263, 9),
(1839, 263, 11),
(1840, 263, 16),
(1841, 263, 19),
(1842, 264, 21),
(1843, 264, 2),
(1844, 264, 13),
(1845, 264, 9),
(1846, 264, 11),
(1847, 264, 16),
(1848, 264, 20),
(1849, 265, 21),
(1850, 265, 2),
(1851, 265, 13),
(1852, 265, 9),
(1853, 265, 12),
(1854, 265, 17),
(1855, 265, 18),
(1856, 266, 21),
(1857, 266, 2),
(1858, 266, 13),
(1859, 266, 9),
(1860, 266, 12),
(1861, 266, 17),
(1862, 266, 19),
(1863, 267, 21),
(1864, 267, 2),
(1865, 267, 13),
(1866, 267, 9),
(1867, 267, 12),
(1868, 267, 17),
(1869, 267, 20),
(1870, 268, 21),
(1871, 268, 2),
(1872, 268, 13),
(1873, 268, 9),
(1874, 268, 12),
(1875, 268, 16),
(1876, 268, 18),
(1877, 269, 21),
(1878, 269, 2),
(1879, 269, 13),
(1880, 269, 9),
(1881, 269, 12),
(1882, 269, 16),
(1883, 269, 19),
(1884, 270, 21),
(1885, 270, 2),
(1886, 270, 13),
(1887, 270, 9),
(1888, 270, 12),
(1889, 270, 16),
(1890, 270, 20),
(1891, 271, 21),
(1892, 271, 2),
(1893, 271, 15),
(1894, 271, 7),
(1895, 271, 10),
(1896, 271, 17),
(1897, 271, 18),
(1898, 272, 21),
(1899, 272, 2),
(1900, 272, 15),
(1901, 272, 7),
(1902, 272, 10),
(1903, 272, 17),
(1904, 272, 19),
(1905, 273, 21),
(1906, 273, 2),
(1907, 273, 15),
(1908, 273, 7),
(1909, 273, 10),
(1910, 273, 17),
(1911, 273, 20),
(1912, 274, 21),
(1913, 274, 2),
(1914, 274, 15),
(1915, 274, 7),
(1916, 274, 10),
(1917, 274, 16),
(1918, 274, 18),
(1919, 275, 21),
(1920, 275, 2),
(1921, 275, 15),
(1922, 275, 7),
(1923, 275, 10),
(1924, 275, 16),
(1925, 275, 19),
(1926, 276, 21),
(1927, 276, 2),
(1928, 276, 15),
(1929, 276, 7),
(1930, 276, 10),
(1931, 276, 16),
(1932, 276, 20),
(1933, 277, 21),
(1934, 277, 2),
(1935, 277, 15),
(1936, 277, 7),
(1937, 277, 11),
(1938, 277, 17),
(1939, 277, 18),
(1940, 278, 21),
(1941, 278, 2),
(1942, 278, 15),
(1943, 278, 7),
(1944, 278, 11),
(1945, 278, 17),
(1946, 278, 19),
(1947, 279, 21),
(1948, 279, 2),
(1949, 279, 15),
(1950, 279, 7),
(1951, 279, 11),
(1952, 279, 17),
(1953, 279, 20),
(1954, 280, 21),
(1955, 280, 2),
(1956, 280, 15),
(1957, 280, 7),
(1958, 280, 11),
(1959, 280, 16),
(1960, 280, 18),
(1961, 281, 21),
(1962, 281, 2),
(1963, 281, 15),
(1964, 281, 7),
(1965, 281, 11),
(1966, 281, 16),
(1967, 281, 19),
(1968, 282, 21),
(1969, 282, 2),
(1970, 282, 15),
(1971, 282, 7),
(1972, 282, 11),
(1973, 282, 16),
(1974, 282, 20),
(1975, 283, 21),
(1976, 283, 2),
(1977, 283, 15),
(1978, 283, 7),
(1979, 283, 12),
(1980, 283, 17),
(1981, 283, 18),
(1982, 284, 21),
(1983, 284, 2),
(1984, 284, 15),
(1985, 284, 7),
(1986, 284, 12),
(1987, 284, 17),
(1988, 284, 19),
(1989, 285, 21),
(1990, 285, 2),
(1991, 285, 15),
(1992, 285, 7),
(1993, 285, 12),
(1994, 285, 17),
(1995, 285, 20),
(1996, 286, 21),
(1997, 286, 2),
(1998, 286, 15),
(1999, 286, 7),
(2000, 286, 12),
(2001, 286, 16),
(2002, 286, 18),
(2003, 287, 21),
(2004, 287, 2),
(2005, 287, 15),
(2006, 287, 7),
(2007, 287, 12),
(2008, 287, 16),
(2009, 287, 19),
(2010, 288, 21),
(2011, 288, 2),
(2012, 288, 15),
(2013, 288, 7),
(2014, 288, 12),
(2015, 288, 16),
(2016, 288, 20),
(2017, 289, 21),
(2018, 289, 2),
(2019, 289, 15),
(2020, 289, 8),
(2021, 289, 10),
(2022, 289, 17),
(2023, 289, 18),
(2024, 290, 21),
(2025, 290, 2),
(2026, 290, 15),
(2027, 290, 8),
(2028, 290, 10),
(2029, 290, 17),
(2030, 290, 19),
(2031, 291, 21),
(2032, 291, 2),
(2033, 291, 15),
(2034, 291, 8),
(2035, 291, 10),
(2036, 291, 17),
(2037, 291, 20),
(2038, 292, 21),
(2039, 292, 2),
(2040, 292, 15),
(2041, 292, 8),
(2042, 292, 10),
(2043, 292, 16),
(2044, 292, 18),
(2045, 293, 21),
(2046, 293, 2),
(2047, 293, 15),
(2048, 293, 8),
(2049, 293, 10),
(2050, 293, 16),
(2051, 293, 19),
(2052, 294, 21),
(2053, 294, 2),
(2054, 294, 15),
(2055, 294, 8),
(2056, 294, 10),
(2057, 294, 16),
(2058, 294, 20),
(2059, 295, 21),
(2060, 295, 2),
(2061, 295, 15),
(2062, 295, 8),
(2063, 295, 11),
(2064, 295, 17),
(2065, 295, 18),
(2066, 296, 21),
(2067, 296, 2),
(2068, 296, 15),
(2069, 296, 8),
(2070, 296, 11),
(2071, 296, 17),
(2072, 296, 19),
(2073, 297, 21),
(2074, 297, 2),
(2075, 297, 15),
(2076, 297, 8),
(2077, 297, 11),
(2078, 297, 17),
(2079, 297, 20),
(2080, 298, 21),
(2081, 298, 2),
(2082, 298, 15),
(2083, 298, 8),
(2084, 298, 11),
(2085, 298, 16),
(2086, 298, 18),
(2087, 299, 21),
(2088, 299, 2),
(2089, 299, 15),
(2090, 299, 8),
(2091, 299, 11),
(2092, 299, 16),
(2093, 299, 19),
(2094, 300, 21),
(2095, 300, 2),
(2096, 300, 15),
(2097, 300, 8),
(2098, 300, 11),
(2099, 300, 16),
(2100, 300, 20),
(2101, 301, 21),
(2102, 301, 2),
(2103, 301, 15),
(2104, 301, 8),
(2105, 301, 12),
(2106, 301, 17),
(2107, 301, 18),
(2108, 302, 21),
(2109, 302, 2),
(2110, 302, 15),
(2111, 302, 8),
(2112, 302, 12),
(2113, 302, 17),
(2114, 302, 19),
(2115, 303, 21),
(2116, 303, 2),
(2117, 303, 15),
(2118, 303, 8),
(2119, 303, 12),
(2120, 303, 17),
(2121, 303, 20),
(2122, 304, 21),
(2123, 304, 2),
(2124, 304, 15),
(2125, 304, 8),
(2126, 304, 12),
(2127, 304, 16),
(2128, 304, 18),
(2129, 305, 21),
(2130, 305, 2),
(2131, 305, 15),
(2132, 305, 8),
(2133, 305, 12),
(2134, 305, 16),
(2135, 305, 19),
(2136, 306, 21),
(2137, 306, 2),
(2138, 306, 15),
(2139, 306, 8),
(2140, 306, 12),
(2141, 306, 16),
(2142, 306, 20),
(2143, 307, 21),
(2144, 307, 2),
(2145, 307, 15),
(2146, 307, 9),
(2147, 307, 10),
(2148, 307, 17),
(2149, 307, 18),
(2150, 308, 21),
(2151, 308, 2),
(2152, 308, 15),
(2153, 308, 9),
(2154, 308, 10),
(2155, 308, 17),
(2156, 308, 19),
(2157, 309, 21),
(2158, 309, 2),
(2159, 309, 15),
(2160, 309, 9),
(2161, 309, 10),
(2162, 309, 17),
(2163, 309, 20),
(2164, 310, 21),
(2165, 310, 2),
(2166, 310, 15),
(2167, 310, 9),
(2168, 310, 10),
(2169, 310, 16),
(2170, 310, 18),
(2171, 311, 21),
(2172, 311, 2),
(2173, 311, 15),
(2174, 311, 9),
(2175, 311, 10),
(2176, 311, 16),
(2177, 311, 19),
(2178, 312, 21),
(2179, 312, 2),
(2180, 312, 15),
(2181, 312, 9),
(2182, 312, 10),
(2183, 312, 16),
(2184, 312, 20),
(2185, 313, 21),
(2186, 313, 2),
(2187, 313, 15),
(2188, 313, 9),
(2189, 313, 11),
(2190, 313, 17),
(2191, 313, 18),
(2192, 314, 21),
(2193, 314, 2),
(2194, 314, 15),
(2195, 314, 9),
(2196, 314, 11),
(2197, 314, 17),
(2198, 314, 19),
(2199, 315, 21),
(2200, 315, 2),
(2201, 315, 15),
(2202, 315, 9),
(2203, 315, 11),
(2204, 315, 17),
(2205, 315, 20),
(2206, 316, 21),
(2207, 316, 2),
(2208, 316, 15),
(2209, 316, 9),
(2210, 316, 11),
(2211, 316, 16),
(2212, 316, 18),
(2213, 317, 21),
(2214, 317, 2),
(2215, 317, 15),
(2216, 317, 9),
(2217, 317, 11),
(2218, 317, 16),
(2219, 317, 19),
(2220, 318, 21),
(2221, 318, 2),
(2222, 318, 15),
(2223, 318, 9),
(2224, 318, 11),
(2225, 318, 16),
(2226, 318, 20),
(2227, 319, 21),
(2228, 319, 2),
(2229, 319, 15),
(2230, 319, 9),
(2231, 319, 12),
(2232, 319, 17),
(2233, 319, 18),
(2234, 320, 21),
(2235, 320, 2),
(2236, 320, 15),
(2237, 320, 9),
(2238, 320, 12),
(2239, 320, 17),
(2240, 320, 19),
(2241, 321, 21),
(2242, 321, 2),
(2243, 321, 15),
(2244, 321, 9),
(2245, 321, 12),
(2246, 321, 17),
(2247, 321, 20),
(2248, 322, 21),
(2249, 322, 2),
(2250, 322, 15),
(2251, 322, 9),
(2252, 322, 12),
(2253, 322, 16),
(2254, 322, 18),
(2255, 323, 21),
(2256, 323, 2),
(2257, 323, 15),
(2258, 323, 9),
(2259, 323, 12),
(2260, 323, 16),
(2261, 323, 19),
(2262, 324, 21),
(2263, 324, 2),
(2264, 324, 15),
(2265, 324, 9),
(2266, 324, 12),
(2267, 324, 16),
(2268, 324, 20),
(2269, 325, 21),
(2270, 325, 3),
(2271, 325, 14),
(2272, 325, 7),
(2273, 325, 10),
(2274, 325, 17),
(2275, 325, 18),
(2276, 326, 21),
(2277, 326, 3),
(2278, 326, 14),
(2279, 326, 7),
(2280, 326, 10),
(2281, 326, 17),
(2282, 326, 19),
(2283, 327, 21),
(2284, 327, 3),
(2285, 327, 14),
(2286, 327, 7),
(2287, 327, 10),
(2288, 327, 17),
(2289, 327, 20),
(2290, 328, 21),
(2291, 328, 3),
(2292, 328, 14),
(2293, 328, 7),
(2294, 328, 10),
(2295, 328, 16),
(2296, 328, 18),
(2297, 329, 21),
(2298, 329, 3),
(2299, 329, 14),
(2300, 329, 7),
(2301, 329, 10),
(2302, 329, 16),
(2303, 329, 19),
(2304, 330, 21),
(2305, 330, 3),
(2306, 330, 14),
(2307, 330, 7),
(2308, 330, 10),
(2309, 330, 16),
(2310, 330, 20),
(2311, 331, 21),
(2312, 331, 3),
(2313, 331, 14),
(2314, 331, 7),
(2315, 331, 11),
(2316, 331, 17),
(2317, 331, 18),
(2318, 332, 21),
(2319, 332, 3),
(2320, 332, 14),
(2321, 332, 7),
(2322, 332, 11),
(2323, 332, 17),
(2324, 332, 19),
(2325, 333, 21),
(2326, 333, 3),
(2327, 333, 14),
(2328, 333, 7),
(2329, 333, 11),
(2330, 333, 17),
(2331, 333, 20),
(2332, 334, 21),
(2333, 334, 3),
(2334, 334, 14),
(2335, 334, 7),
(2336, 334, 11),
(2337, 334, 16),
(2338, 334, 18),
(2339, 335, 21),
(2340, 335, 3),
(2341, 335, 14),
(2342, 335, 7),
(2343, 335, 11),
(2344, 335, 16),
(2345, 335, 19),
(2346, 336, 21),
(2347, 336, 3),
(2348, 336, 14),
(2349, 336, 7),
(2350, 336, 11),
(2351, 336, 16),
(2352, 336, 20),
(2353, 337, 21),
(2354, 337, 3),
(2355, 337, 14),
(2356, 337, 7),
(2357, 337, 12),
(2358, 337, 17),
(2359, 337, 18),
(2360, 338, 21),
(2361, 338, 3),
(2362, 338, 14),
(2363, 338, 7),
(2364, 338, 12),
(2365, 338, 17),
(2366, 338, 19),
(2367, 339, 21),
(2368, 339, 3),
(2369, 339, 14),
(2370, 339, 7),
(2371, 339, 12),
(2372, 339, 17),
(2373, 339, 20),
(2374, 340, 21),
(2375, 340, 3),
(2376, 340, 14),
(2377, 340, 7),
(2378, 340, 12),
(2379, 340, 16),
(2380, 340, 18),
(2381, 341, 21),
(2382, 341, 3),
(2383, 341, 14),
(2384, 341, 7),
(2385, 341, 12),
(2386, 341, 16),
(2387, 341, 19),
(2388, 342, 21),
(2389, 342, 3),
(2390, 342, 14),
(2391, 342, 7),
(2392, 342, 12),
(2393, 342, 16),
(2394, 342, 20),
(2395, 343, 21),
(2396, 343, 3),
(2397, 343, 14),
(2398, 343, 8),
(2399, 343, 10),
(2400, 343, 17),
(2401, 343, 18),
(2402, 344, 21),
(2403, 344, 3),
(2404, 344, 14),
(2405, 344, 8),
(2406, 344, 10),
(2407, 344, 17),
(2408, 344, 19),
(2409, 345, 21),
(2410, 345, 3),
(2411, 345, 14),
(2412, 345, 8),
(2413, 345, 10),
(2414, 345, 17),
(2415, 345, 20),
(2416, 346, 21),
(2417, 346, 3),
(2418, 346, 14),
(2419, 346, 8),
(2420, 346, 10),
(2421, 346, 16),
(2422, 346, 18),
(2423, 347, 21),
(2424, 347, 3),
(2425, 347, 14),
(2426, 347, 8),
(2427, 347, 10),
(2428, 347, 16),
(2429, 347, 19),
(2430, 348, 21),
(2431, 348, 3),
(2432, 348, 14),
(2433, 348, 8),
(2434, 348, 10),
(2435, 348, 16),
(2436, 348, 20),
(2437, 349, 21),
(2438, 349, 3),
(2439, 349, 14),
(2440, 349, 8),
(2441, 349, 11),
(2442, 349, 17),
(2443, 349, 18),
(2444, 350, 21),
(2445, 350, 3),
(2446, 350, 14),
(2447, 350, 8),
(2448, 350, 11),
(2449, 350, 17),
(2450, 350, 19),
(2451, 351, 21),
(2452, 351, 3),
(2453, 351, 14),
(2454, 351, 8),
(2455, 351, 11),
(2456, 351, 17),
(2457, 351, 20),
(2458, 352, 21),
(2459, 352, 3),
(2460, 352, 14),
(2461, 352, 8),
(2462, 352, 11),
(2463, 352, 16),
(2464, 352, 18),
(2465, 353, 21),
(2466, 353, 3),
(2467, 353, 14),
(2468, 353, 8),
(2469, 353, 11),
(2470, 353, 16),
(2471, 353, 19),
(2472, 354, 21),
(2473, 354, 3),
(2474, 354, 14),
(2475, 354, 8),
(2476, 354, 11),
(2477, 354, 16),
(2478, 354, 20),
(2479, 355, 21),
(2480, 355, 3),
(2481, 355, 14),
(2482, 355, 8),
(2483, 355, 12),
(2484, 355, 17),
(2485, 355, 18),
(2486, 356, 21),
(2487, 356, 3),
(2488, 356, 14),
(2489, 356, 8),
(2490, 356, 12),
(2491, 356, 17),
(2492, 356, 19),
(2493, 357, 21),
(2494, 357, 3),
(2495, 357, 14),
(2496, 357, 8),
(2497, 357, 12),
(2498, 357, 17),
(2499, 357, 20),
(2500, 358, 21),
(2501, 358, 3),
(2502, 358, 14),
(2503, 358, 8),
(2504, 358, 12),
(2505, 358, 16),
(2506, 358, 18),
(2507, 359, 21),
(2508, 359, 3),
(2509, 359, 14),
(2510, 359, 8),
(2511, 359, 12),
(2512, 359, 16),
(2513, 359, 19),
(2514, 360, 21),
(2515, 360, 3),
(2516, 360, 14),
(2517, 360, 8),
(2518, 360, 12),
(2519, 360, 16),
(2520, 360, 20),
(2521, 361, 21),
(2522, 361, 3),
(2523, 361, 14),
(2524, 361, 9),
(2525, 361, 10),
(2526, 361, 17),
(2527, 361, 18),
(2528, 362, 21),
(2529, 362, 3),
(2530, 362, 14),
(2531, 362, 9),
(2532, 362, 10),
(2533, 362, 17),
(2534, 362, 19),
(2535, 363, 21),
(2536, 363, 3),
(2537, 363, 14),
(2538, 363, 9),
(2539, 363, 10),
(2540, 363, 17),
(2541, 363, 20),
(2542, 364, 21),
(2543, 364, 3),
(2544, 364, 14),
(2545, 364, 9),
(2546, 364, 10),
(2547, 364, 16),
(2548, 364, 18),
(2549, 365, 21),
(2550, 365, 3),
(2551, 365, 14),
(2552, 365, 9),
(2553, 365, 10),
(2554, 365, 16),
(2555, 365, 19),
(2556, 366, 21),
(2557, 366, 3),
(2558, 366, 14),
(2559, 366, 9),
(2560, 366, 10),
(2561, 366, 16),
(2562, 366, 20),
(2563, 367, 21),
(2564, 367, 3),
(2565, 367, 14),
(2566, 367, 9),
(2567, 367, 11),
(2568, 367, 17),
(2569, 367, 18),
(2570, 368, 21),
(2571, 368, 3),
(2572, 368, 14),
(2573, 368, 9),
(2574, 368, 11),
(2575, 368, 17),
(2576, 368, 19),
(2577, 369, 21),
(2578, 369, 3),
(2579, 369, 14),
(2580, 369, 9),
(2581, 369, 11),
(2582, 369, 17),
(2583, 369, 20),
(2584, 370, 21),
(2585, 370, 3),
(2586, 370, 14),
(2587, 370, 9),
(2588, 370, 11),
(2589, 370, 16),
(2590, 370, 18),
(2591, 371, 21),
(2592, 371, 3),
(2593, 371, 14),
(2594, 371, 9),
(2595, 371, 11),
(2596, 371, 16),
(2597, 371, 19),
(2598, 372, 21),
(2599, 372, 3),
(2600, 372, 14),
(2601, 372, 9),
(2602, 372, 11),
(2603, 372, 16),
(2604, 372, 20),
(2605, 373, 21),
(2606, 373, 3),
(2607, 373, 14),
(2608, 373, 9),
(2609, 373, 12),
(2610, 373, 17),
(2611, 373, 18),
(2612, 374, 21),
(2613, 374, 3),
(2614, 374, 14),
(2615, 374, 9),
(2616, 374, 12),
(2617, 374, 17),
(2618, 374, 19),
(2619, 375, 21),
(2620, 375, 3),
(2621, 375, 14),
(2622, 375, 9),
(2623, 375, 12),
(2624, 375, 17),
(2625, 375, 20),
(2626, 376, 21),
(2627, 376, 3),
(2628, 376, 14),
(2629, 376, 9),
(2630, 376, 12),
(2631, 376, 16),
(2632, 376, 18),
(2633, 377, 21),
(2634, 377, 3),
(2635, 377, 14),
(2636, 377, 9),
(2637, 377, 12),
(2638, 377, 16),
(2639, 377, 19),
(2640, 378, 21),
(2641, 378, 3),
(2642, 378, 14),
(2643, 378, 9),
(2644, 378, 12),
(2645, 378, 16),
(2646, 378, 20),
(2647, 379, 21),
(2648, 379, 3),
(2649, 379, 13),
(2650, 379, 7),
(2651, 379, 10),
(2652, 379, 17),
(2653, 379, 18),
(2654, 380, 21),
(2655, 380, 3),
(2656, 380, 13),
(2657, 380, 7),
(2658, 380, 10),
(2659, 380, 17),
(2660, 380, 19),
(2661, 381, 21),
(2662, 381, 3),
(2663, 381, 13),
(2664, 381, 7),
(2665, 381, 10),
(2666, 381, 17),
(2667, 381, 20),
(2668, 382, 21),
(2669, 382, 3),
(2670, 382, 13),
(2671, 382, 7),
(2672, 382, 10),
(2673, 382, 16),
(2674, 382, 18),
(2675, 383, 21),
(2676, 383, 3),
(2677, 383, 13),
(2678, 383, 7),
(2679, 383, 10),
(2680, 383, 16),
(2681, 383, 19),
(2682, 384, 21),
(2683, 384, 3),
(2684, 384, 13),
(2685, 384, 7),
(2686, 384, 10),
(2687, 384, 16),
(2688, 384, 20),
(2689, 385, 21),
(2690, 385, 3),
(2691, 385, 13),
(2692, 385, 7),
(2693, 385, 11),
(2694, 385, 17),
(2695, 385, 18),
(2696, 386, 21),
(2697, 386, 3),
(2698, 386, 13),
(2699, 386, 7),
(2700, 386, 11),
(2701, 386, 17),
(2702, 386, 19),
(2703, 387, 21),
(2704, 387, 3),
(2705, 387, 13),
(2706, 387, 7),
(2707, 387, 11),
(2708, 387, 17),
(2709, 387, 20),
(2710, 388, 21),
(2711, 388, 3),
(2712, 388, 13),
(2713, 388, 7),
(2714, 388, 11),
(2715, 388, 16),
(2716, 388, 18),
(2717, 389, 21),
(2718, 389, 3),
(2719, 389, 13),
(2720, 389, 7),
(2721, 389, 11),
(2722, 389, 16),
(2723, 389, 19),
(2724, 390, 21),
(2725, 390, 3),
(2726, 390, 13),
(2727, 390, 7),
(2728, 390, 11),
(2729, 390, 16),
(2730, 390, 20),
(2731, 391, 21),
(2732, 391, 3),
(2733, 391, 13),
(2734, 391, 7),
(2735, 391, 12),
(2736, 391, 17),
(2737, 391, 18),
(2738, 392, 21),
(2739, 392, 3),
(2740, 392, 13),
(2741, 392, 7),
(2742, 392, 12),
(2743, 392, 17),
(2744, 392, 19),
(2745, 393, 21),
(2746, 393, 3),
(2747, 393, 13),
(2748, 393, 7),
(2749, 393, 12),
(2750, 393, 17),
(2751, 393, 20),
(2752, 394, 21),
(2753, 394, 3),
(2754, 394, 13),
(2755, 394, 7),
(2756, 394, 12),
(2757, 394, 16),
(2758, 394, 18),
(2759, 395, 21),
(2760, 395, 3),
(2761, 395, 13),
(2762, 395, 7),
(2763, 395, 12),
(2764, 395, 16),
(2765, 395, 19),
(2766, 396, 21),
(2767, 396, 3),
(2768, 396, 13),
(2769, 396, 7),
(2770, 396, 12),
(2771, 396, 16),
(2772, 396, 20),
(2773, 397, 21),
(2774, 397, 3),
(2775, 397, 13),
(2776, 397, 8),
(2777, 397, 10),
(2778, 397, 17),
(2779, 397, 18),
(2780, 398, 21),
(2781, 398, 3),
(2782, 398, 13),
(2783, 398, 8),
(2784, 398, 10),
(2785, 398, 17),
(2786, 398, 19),
(2787, 399, 21),
(2788, 399, 3),
(2789, 399, 13),
(2790, 399, 8),
(2791, 399, 10),
(2792, 399, 17),
(2793, 399, 20),
(2794, 400, 21),
(2795, 400, 3),
(2796, 400, 13),
(2797, 400, 8),
(2798, 400, 10),
(2799, 400, 16),
(2800, 400, 18),
(2801, 401, 21),
(2802, 401, 3),
(2803, 401, 13),
(2804, 401, 8),
(2805, 401, 10),
(2806, 401, 16),
(2807, 401, 19),
(2808, 402, 21),
(2809, 402, 3),
(2810, 402, 13),
(2811, 402, 8),
(2812, 402, 10),
(2813, 402, 16),
(2814, 402, 20),
(2815, 403, 21),
(2816, 403, 3),
(2817, 403, 13),
(2818, 403, 8),
(2819, 403, 11),
(2820, 403, 17),
(2821, 403, 18),
(2822, 404, 21),
(2823, 404, 3),
(2824, 404, 13),
(2825, 404, 8),
(2826, 404, 11),
(2827, 404, 17),
(2828, 404, 19),
(2829, 405, 21),
(2830, 405, 3),
(2831, 405, 13),
(2832, 405, 8),
(2833, 405, 11),
(2834, 405, 17),
(2835, 405, 20),
(2836, 406, 21),
(2837, 406, 3),
(2838, 406, 13),
(2839, 406, 8),
(2840, 406, 11),
(2841, 406, 16),
(2842, 406, 18),
(2843, 407, 21),
(2844, 407, 3),
(2845, 407, 13),
(2846, 407, 8),
(2847, 407, 11),
(2848, 407, 16),
(2849, 407, 19),
(2850, 408, 21),
(2851, 408, 3),
(2852, 408, 13),
(2853, 408, 8),
(2854, 408, 11),
(2855, 408, 16),
(2856, 408, 20),
(2857, 409, 21),
(2858, 409, 3),
(2859, 409, 13),
(2860, 409, 8),
(2861, 409, 12),
(2862, 409, 17),
(2863, 409, 18),
(2864, 410, 21),
(2865, 410, 3),
(2866, 410, 13),
(2867, 410, 8),
(2868, 410, 12),
(2869, 410, 17),
(2870, 410, 19),
(2871, 411, 21),
(2872, 411, 3),
(2873, 411, 13),
(2874, 411, 8),
(2875, 411, 12),
(2876, 411, 17),
(2877, 411, 20),
(2878, 412, 21),
(2879, 412, 3),
(2880, 412, 13),
(2881, 412, 8),
(2882, 412, 12),
(2883, 412, 16),
(2884, 412, 18),
(2885, 413, 21),
(2886, 413, 3),
(2887, 413, 13),
(2888, 413, 8),
(2889, 413, 12),
(2890, 413, 16),
(2891, 413, 19),
(2892, 414, 21),
(2893, 414, 3),
(2894, 414, 13),
(2895, 414, 8),
(2896, 414, 12),
(2897, 414, 16),
(2898, 414, 20),
(2899, 415, 21),
(2900, 415, 3),
(2901, 415, 13),
(2902, 415, 9),
(2903, 415, 10),
(2904, 415, 17),
(2905, 415, 18),
(2906, 416, 21),
(2907, 416, 3),
(2908, 416, 13),
(2909, 416, 9),
(2910, 416, 10),
(2911, 416, 17),
(2912, 416, 19),
(2913, 417, 21),
(2914, 417, 3),
(2915, 417, 13),
(2916, 417, 9),
(2917, 417, 10),
(2918, 417, 17),
(2919, 417, 20),
(2920, 418, 21),
(2921, 418, 3),
(2922, 418, 13),
(2923, 418, 9),
(2924, 418, 10),
(2925, 418, 16),
(2926, 418, 18),
(2927, 419, 21),
(2928, 419, 3),
(2929, 419, 13),
(2930, 419, 9),
(2931, 419, 10),
(2932, 419, 16),
(2933, 419, 19),
(2934, 420, 21),
(2935, 420, 3),
(2936, 420, 13),
(2937, 420, 9),
(2938, 420, 10),
(2939, 420, 16),
(2940, 420, 20),
(2941, 421, 21),
(2942, 421, 3),
(2943, 421, 13),
(2944, 421, 9),
(2945, 421, 11),
(2946, 421, 17),
(2947, 421, 18),
(2948, 422, 21),
(2949, 422, 3),
(2950, 422, 13),
(2951, 422, 9),
(2952, 422, 11),
(2953, 422, 17),
(2954, 422, 19),
(2955, 423, 21),
(2956, 423, 3),
(2957, 423, 13),
(2958, 423, 9),
(2959, 423, 11),
(2960, 423, 17),
(2961, 423, 20),
(2962, 424, 21),
(2963, 424, 3),
(2964, 424, 13),
(2965, 424, 9),
(2966, 424, 11),
(2967, 424, 16),
(2968, 424, 18),
(2969, 425, 21),
(2970, 425, 3),
(2971, 425, 13),
(2972, 425, 9),
(2973, 425, 11),
(2974, 425, 16),
(2975, 425, 19),
(2976, 426, 21),
(2977, 426, 3),
(2978, 426, 13),
(2979, 426, 9),
(2980, 426, 11),
(2981, 426, 16),
(2982, 426, 20),
(2983, 427, 21),
(2984, 427, 3),
(2985, 427, 13),
(2986, 427, 9),
(2987, 427, 12),
(2988, 427, 17),
(2989, 427, 18),
(2990, 428, 21),
(2991, 428, 3),
(2992, 428, 13),
(2993, 428, 9),
(2994, 428, 12),
(2995, 428, 17),
(2996, 428, 19),
(2997, 429, 21),
(2998, 429, 3),
(2999, 429, 13),
(3000, 429, 9),
(3001, 429, 12),
(3002, 429, 17),
(3003, 429, 20),
(3004, 430, 21),
(3005, 430, 3),
(3006, 430, 13),
(3007, 430, 9),
(3008, 430, 12),
(3009, 430, 16),
(3010, 430, 18),
(3011, 431, 21),
(3012, 431, 3),
(3013, 431, 13),
(3014, 431, 9),
(3015, 431, 12),
(3016, 431, 16),
(3017, 431, 19),
(3018, 432, 21),
(3019, 432, 3),
(3020, 432, 13),
(3021, 432, 9),
(3022, 432, 12),
(3023, 432, 16),
(3024, 432, 20),
(3025, 433, 21),
(3026, 433, 3),
(3027, 433, 15),
(3028, 433, 8),
(3029, 433, 10),
(3030, 433, 17),
(3031, 433, 18),
(3032, 434, 21),
(3033, 434, 3),
(3034, 434, 15),
(3035, 434, 8),
(3036, 434, 10),
(3037, 434, 17),
(3038, 434, 19),
(3039, 435, 21),
(3040, 435, 3),
(3041, 435, 15),
(3042, 435, 8),
(3043, 435, 10),
(3044, 435, 17),
(3045, 435, 20),
(3046, 436, 21),
(3047, 436, 3),
(3048, 436, 15),
(3049, 436, 8),
(3050, 436, 10),
(3051, 436, 16),
(3052, 436, 18),
(3053, 437, 21),
(3054, 437, 3),
(3055, 437, 15),
(3056, 437, 8),
(3057, 437, 10),
(3058, 437, 16),
(3059, 437, 19),
(3060, 438, 21),
(3061, 438, 3),
(3062, 438, 15),
(3063, 438, 8),
(3064, 438, 10),
(3065, 438, 16),
(3066, 438, 20),
(3067, 439, 21),
(3068, 439, 3),
(3069, 439, 15),
(3070, 439, 8),
(3071, 439, 11),
(3072, 439, 17),
(3073, 439, 18),
(3074, 440, 21),
(3075, 440, 3),
(3076, 440, 15),
(3077, 440, 8),
(3078, 440, 11),
(3079, 440, 17),
(3080, 440, 19),
(3081, 441, 21),
(3082, 441, 3),
(3083, 441, 15),
(3084, 441, 8),
(3085, 441, 11),
(3086, 441, 17),
(3087, 441, 20),
(3088, 442, 21),
(3089, 442, 3),
(3090, 442, 15),
(3091, 442, 8),
(3092, 442, 11),
(3093, 442, 16),
(3094, 442, 18),
(3095, 443, 21),
(3096, 443, 3),
(3097, 443, 15),
(3098, 443, 8),
(3099, 443, 11),
(3100, 443, 16),
(3101, 443, 19),
(3102, 444, 21),
(3103, 444, 3),
(3104, 444, 15),
(3105, 444, 8),
(3106, 444, 11),
(3107, 444, 16),
(3108, 444, 20),
(3109, 445, 21),
(3110, 445, 3),
(3111, 445, 15),
(3112, 445, 8),
(3113, 445, 12),
(3114, 445, 17),
(3115, 445, 18),
(3116, 446, 21),
(3117, 446, 3),
(3118, 446, 15),
(3119, 446, 8),
(3120, 446, 12),
(3121, 446, 17),
(3122, 446, 19),
(3123, 447, 21),
(3124, 447, 3),
(3125, 447, 15),
(3126, 447, 8),
(3127, 447, 12),
(3128, 447, 17),
(3129, 447, 20),
(3130, 448, 21),
(3131, 448, 3),
(3132, 448, 15),
(3133, 448, 8),
(3134, 448, 12),
(3135, 448, 16),
(3136, 448, 18),
(3137, 449, 21),
(3138, 449, 3),
(3139, 449, 15),
(3140, 449, 8),
(3141, 449, 12),
(3142, 449, 16),
(3143, 449, 19),
(3144, 450, 21),
(3145, 450, 3),
(3146, 450, 15),
(3147, 450, 8),
(3148, 450, 12),
(3149, 450, 16),
(3150, 450, 20),
(3151, 451, 21),
(3152, 451, 3),
(3153, 451, 15),
(3154, 451, 7),
(3155, 451, 10),
(3156, 451, 17),
(3157, 451, 18),
(3158, 452, 21),
(3159, 452, 3),
(3160, 452, 15),
(3161, 452, 7),
(3162, 452, 10),
(3163, 452, 17),
(3164, 452, 19),
(3165, 453, 21),
(3166, 453, 3),
(3167, 453, 15),
(3168, 453, 7),
(3169, 453, 10),
(3170, 453, 17),
(3171, 453, 20),
(3172, 454, 21),
(3173, 454, 3),
(3174, 454, 15),
(3175, 454, 7),
(3176, 454, 10),
(3177, 454, 16),
(3178, 454, 18),
(3179, 455, 21),
(3180, 455, 3),
(3181, 455, 15),
(3182, 455, 7),
(3183, 455, 10),
(3184, 455, 16),
(3185, 455, 19),
(3186, 456, 21),
(3187, 456, 3),
(3188, 456, 15),
(3189, 456, 7),
(3190, 456, 10),
(3191, 456, 16),
(3192, 456, 20),
(3193, 457, 21),
(3194, 457, 3),
(3195, 457, 15),
(3196, 457, 7),
(3197, 457, 11),
(3198, 457, 17),
(3199, 457, 18),
(3200, 458, 21),
(3201, 458, 3),
(3202, 458, 15),
(3203, 458, 7),
(3204, 458, 11),
(3205, 458, 17),
(3206, 458, 19),
(3207, 459, 21),
(3208, 459, 3),
(3209, 459, 15),
(3210, 459, 7),
(3211, 459, 11),
(3212, 459, 17),
(3213, 459, 20),
(3214, 460, 21),
(3215, 460, 3),
(3216, 460, 15),
(3217, 460, 7),
(3218, 460, 11),
(3219, 460, 16),
(3220, 460, 18),
(3221, 461, 21),
(3222, 461, 3),
(3223, 461, 15),
(3224, 461, 7),
(3225, 461, 11),
(3226, 461, 16),
(3227, 461, 19),
(3228, 462, 21),
(3229, 462, 3),
(3230, 462, 15),
(3231, 462, 7),
(3232, 462, 11),
(3233, 462, 16),
(3234, 462, 20),
(3235, 463, 21),
(3236, 463, 3),
(3237, 463, 15),
(3238, 463, 7),
(3239, 463, 12),
(3240, 463, 17),
(3241, 463, 18),
(3242, 464, 21),
(3243, 464, 3),
(3244, 464, 15),
(3245, 464, 7),
(3246, 464, 12),
(3247, 464, 17),
(3248, 464, 19),
(3249, 465, 21),
(3250, 465, 3),
(3251, 465, 15),
(3252, 465, 7),
(3253, 465, 12),
(3254, 465, 17),
(3255, 465, 20),
(3256, 466, 21),
(3257, 466, 3),
(3258, 466, 15),
(3259, 466, 7),
(3260, 466, 12),
(3261, 466, 16),
(3262, 466, 18),
(3263, 467, 21),
(3264, 467, 3),
(3265, 467, 15),
(3266, 467, 7),
(3267, 467, 12),
(3268, 467, 16),
(3269, 467, 19),
(3270, 468, 21),
(3271, 468, 3),
(3272, 468, 15),
(3273, 468, 7),
(3274, 468, 12),
(3275, 468, 16),
(3276, 468, 20),
(3277, 469, 21),
(3278, 469, 3),
(3279, 469, 15),
(3280, 469, 9),
(3281, 469, 10),
(3282, 469, 17),
(3283, 469, 18),
(3284, 470, 21),
(3285, 470, 3),
(3286, 470, 15),
(3287, 470, 9),
(3288, 470, 10),
(3289, 470, 17),
(3290, 470, 19),
(3291, 471, 21),
(3292, 471, 3),
(3293, 471, 15),
(3294, 471, 9),
(3295, 471, 10),
(3296, 471, 17),
(3297, 471, 20),
(3298, 472, 21),
(3299, 472, 3),
(3300, 472, 15),
(3301, 472, 9),
(3302, 472, 10),
(3303, 472, 16),
(3304, 472, 18),
(3305, 473, 21),
(3306, 473, 3),
(3307, 473, 15),
(3308, 473, 9),
(3309, 473, 10),
(3310, 473, 16),
(3311, 473, 19),
(3312, 474, 21),
(3313, 474, 3),
(3314, 474, 15),
(3315, 474, 9),
(3316, 474, 10),
(3317, 474, 16),
(3318, 474, 20),
(3319, 475, 21),
(3320, 475, 3),
(3321, 475, 15),
(3322, 475, 9),
(3323, 475, 11),
(3324, 475, 17),
(3325, 475, 18),
(3326, 476, 21),
(3327, 476, 3),
(3328, 476, 15),
(3329, 476, 9),
(3330, 476, 11),
(3331, 476, 17),
(3332, 476, 19),
(3333, 477, 21),
(3334, 477, 3),
(3335, 477, 15),
(3336, 477, 9),
(3337, 477, 11),
(3338, 477, 17),
(3339, 477, 20),
(3340, 478, 21),
(3341, 478, 3),
(3342, 478, 15),
(3343, 478, 9),
(3344, 478, 11),
(3345, 478, 16),
(3346, 478, 18),
(3347, 479, 21),
(3348, 479, 3),
(3349, 479, 15),
(3350, 479, 9),
(3351, 479, 11),
(3352, 479, 16),
(3353, 479, 19),
(3354, 480, 21),
(3355, 480, 3),
(3356, 480, 15),
(3357, 480, 9),
(3358, 480, 11),
(3359, 480, 16),
(3360, 480, 20),
(3361, 481, 21),
(3362, 481, 3),
(3363, 481, 15),
(3364, 481, 9),
(3365, 481, 12),
(3366, 481, 17),
(3367, 481, 18),
(3368, 482, 21),
(3369, 482, 3),
(3370, 482, 15),
(3371, 482, 9),
(3372, 482, 12),
(3373, 482, 17),
(3374, 482, 19),
(3375, 483, 21),
(3376, 483, 3),
(3377, 483, 15),
(3378, 483, 9),
(3379, 483, 12),
(3380, 483, 17),
(3381, 483, 20),
(3382, 484, 21),
(3383, 484, 3),
(3384, 484, 15),
(3385, 484, 9),
(3386, 484, 12),
(3387, 484, 16),
(3388, 484, 18),
(3389, 485, 21),
(3390, 485, 3),
(3391, 485, 15),
(3392, 485, 9),
(3393, 485, 12),
(3394, 485, 16),
(3395, 485, 19),
(3396, 486, 21),
(3397, 486, 3),
(3398, 486, 15),
(3399, 486, 9),
(3400, 486, 12),
(3401, 486, 16),
(3402, 486, 20),
(3403, 487, 22),
(3404, 487, 1),
(3405, 487, 14),
(3406, 487, 7),
(3407, 487, 10),
(3408, 487, 17),
(3409, 487, 18),
(3410, 488, 22),
(3411, 488, 1),
(3412, 488, 14),
(3413, 488, 7),
(3414, 488, 10),
(3415, 488, 17),
(3416, 488, 19),
(3417, 489, 22),
(3418, 489, 1),
(3419, 489, 14),
(3420, 489, 7),
(3421, 489, 10),
(3422, 489, 17),
(3423, 489, 20),
(3424, 490, 22),
(3425, 490, 1),
(3426, 490, 14),
(3427, 490, 7),
(3428, 490, 10),
(3429, 490, 16),
(3430, 490, 18),
(3431, 491, 22),
(3432, 491, 1),
(3433, 491, 14),
(3434, 491, 7),
(3435, 491, 10),
(3436, 491, 16),
(3437, 491, 19),
(3438, 492, 22),
(3439, 492, 1),
(3440, 492, 14),
(3441, 492, 7),
(3442, 492, 10),
(3443, 492, 16),
(3444, 492, 20),
(3445, 493, 22),
(3446, 493, 1),
(3447, 493, 14),
(3448, 493, 7),
(3449, 493, 11),
(3450, 493, 17),
(3451, 493, 18),
(3452, 494, 22),
(3453, 494, 1),
(3454, 494, 14),
(3455, 494, 7),
(3456, 494, 11),
(3457, 494, 17),
(3458, 494, 19),
(3459, 495, 22),
(3460, 495, 1),
(3461, 495, 14),
(3462, 495, 7),
(3463, 495, 11),
(3464, 495, 17),
(3465, 495, 20),
(3466, 496, 22),
(3467, 496, 1),
(3468, 496, 14),
(3469, 496, 7),
(3470, 496, 11),
(3471, 496, 16),
(3472, 496, 18),
(3473, 497, 22),
(3474, 497, 1),
(3475, 497, 14),
(3476, 497, 7),
(3477, 497, 11),
(3478, 497, 16),
(3479, 497, 19),
(3480, 498, 22),
(3481, 498, 1),
(3482, 498, 14),
(3483, 498, 7),
(3484, 498, 11),
(3485, 498, 16),
(3486, 498, 20),
(3487, 499, 22),
(3488, 499, 1),
(3489, 499, 14),
(3490, 499, 7),
(3491, 499, 12),
(3492, 499, 17),
(3493, 499, 18),
(3494, 500, 22),
(3495, 500, 1),
(3496, 500, 14),
(3497, 500, 7),
(3498, 500, 12),
(3499, 500, 17),
(3500, 500, 19),
(3501, 501, 22),
(3502, 501, 1),
(3503, 501, 14),
(3504, 501, 7),
(3505, 501, 12),
(3506, 501, 17),
(3507, 501, 20),
(3508, 502, 22),
(3509, 502, 1),
(3510, 502, 14),
(3511, 502, 7),
(3512, 502, 12),
(3513, 502, 16),
(3514, 502, 18),
(3515, 503, 22),
(3516, 503, 1),
(3517, 503, 14),
(3518, 503, 7);
INSERT INTO `tb_detail_aturan` (`id_detail_aturan`, `id_aturan`, `id_kategori_gejala`) VALUES
(3519, 503, 12),
(3520, 503, 16),
(3521, 503, 19),
(3522, 504, 22),
(3523, 504, 1),
(3524, 504, 14),
(3525, 504, 7),
(3526, 504, 12),
(3527, 504, 16),
(3528, 504, 20),
(3529, 505, 22),
(3530, 505, 1),
(3531, 505, 14),
(3532, 505, 8),
(3533, 505, 10),
(3534, 505, 17),
(3535, 505, 18),
(3536, 506, 22),
(3537, 506, 1),
(3538, 506, 14),
(3539, 506, 8),
(3540, 506, 10),
(3541, 506, 17),
(3542, 506, 19),
(3543, 507, 22),
(3544, 507, 1),
(3545, 507, 14),
(3546, 507, 8),
(3547, 507, 10),
(3548, 507, 17),
(3549, 507, 20),
(3550, 508, 22),
(3551, 508, 1),
(3552, 508, 14),
(3553, 508, 8),
(3554, 508, 10),
(3555, 508, 16),
(3556, 508, 18),
(3557, 509, 22),
(3558, 509, 1),
(3559, 509, 14),
(3560, 509, 8),
(3561, 509, 10),
(3562, 509, 16),
(3563, 509, 19),
(3564, 510, 22),
(3565, 510, 1),
(3566, 510, 14),
(3567, 510, 8),
(3568, 510, 10),
(3569, 510, 16),
(3570, 510, 20),
(3571, 511, 22),
(3572, 511, 1),
(3573, 511, 14),
(3574, 511, 8),
(3575, 511, 11),
(3576, 511, 17),
(3577, 511, 18),
(3578, 512, 22),
(3579, 512, 1),
(3580, 512, 14),
(3581, 512, 8),
(3582, 512, 11),
(3583, 512, 17),
(3584, 512, 19),
(3585, 513, 22),
(3586, 513, 1),
(3587, 513, 14),
(3588, 513, 8),
(3589, 513, 11),
(3590, 513, 17),
(3591, 513, 20),
(3592, 514, 22),
(3593, 514, 1),
(3594, 514, 14),
(3595, 514, 8),
(3596, 514, 11),
(3597, 514, 16),
(3598, 514, 18),
(3599, 515, 22),
(3600, 515, 1),
(3601, 515, 14),
(3602, 515, 8),
(3603, 515, 11),
(3604, 515, 16),
(3605, 515, 19),
(3606, 516, 22),
(3607, 516, 1),
(3608, 516, 14),
(3609, 516, 8),
(3610, 516, 11),
(3611, 516, 16),
(3612, 516, 20),
(3613, 517, 22),
(3614, 517, 1),
(3615, 517, 14),
(3616, 517, 8),
(3617, 517, 12),
(3618, 517, 17),
(3619, 517, 18),
(3620, 518, 22),
(3621, 518, 1),
(3622, 518, 14),
(3623, 518, 8),
(3624, 518, 12),
(3625, 518, 17),
(3626, 518, 19),
(3627, 519, 22),
(3628, 519, 1),
(3629, 519, 14),
(3630, 519, 8),
(3631, 519, 12),
(3632, 519, 17),
(3633, 519, 20),
(3634, 520, 22),
(3635, 520, 1),
(3636, 520, 14),
(3637, 520, 8),
(3638, 520, 12),
(3639, 520, 16),
(3640, 520, 18),
(3641, 521, 22),
(3642, 521, 1),
(3643, 521, 14),
(3644, 521, 8),
(3645, 521, 12),
(3646, 521, 16),
(3647, 521, 19),
(3648, 522, 22),
(3649, 522, 1),
(3650, 522, 14),
(3651, 522, 8),
(3652, 522, 12),
(3653, 522, 16),
(3654, 522, 20),
(3655, 523, 22),
(3656, 523, 1),
(3657, 523, 14),
(3658, 523, 9),
(3659, 523, 10),
(3660, 523, 17),
(3661, 523, 18),
(3662, 524, 22),
(3663, 524, 1),
(3664, 524, 14),
(3665, 524, 9),
(3666, 524, 10),
(3667, 524, 17),
(3668, 524, 19),
(3669, 525, 22),
(3670, 525, 1),
(3671, 525, 14),
(3672, 525, 9),
(3673, 525, 10),
(3674, 525, 17),
(3675, 525, 20),
(3676, 526, 22),
(3677, 526, 1),
(3678, 526, 14),
(3679, 526, 9),
(3680, 526, 10),
(3681, 526, 16),
(3682, 526, 18),
(3683, 527, 22),
(3684, 527, 1),
(3685, 527, 14),
(3686, 527, 9),
(3687, 527, 10),
(3688, 527, 16),
(3689, 527, 19),
(3690, 528, 22),
(3691, 528, 1),
(3692, 528, 14),
(3693, 528, 9),
(3694, 528, 10),
(3695, 528, 16),
(3696, 528, 20),
(3697, 529, 22),
(3698, 529, 1),
(3699, 529, 14),
(3700, 529, 9),
(3701, 529, 11),
(3702, 529, 17),
(3703, 529, 18),
(3704, 530, 22),
(3705, 530, 1),
(3706, 530, 14),
(3707, 530, 9),
(3708, 530, 11),
(3709, 530, 17),
(3710, 530, 19),
(3711, 531, 22),
(3712, 531, 1),
(3713, 531, 14),
(3714, 531, 9),
(3715, 531, 11),
(3716, 531, 17),
(3717, 531, 20),
(3718, 532, 22),
(3719, 532, 1),
(3720, 532, 14),
(3721, 532, 9),
(3722, 532, 11),
(3723, 532, 16),
(3724, 532, 18),
(3725, 533, 22),
(3726, 533, 1),
(3727, 533, 14),
(3728, 533, 9),
(3729, 533, 11),
(3730, 533, 16),
(3731, 533, 19),
(3732, 534, 22),
(3733, 534, 1),
(3734, 534, 14),
(3735, 534, 9),
(3736, 534, 11),
(3737, 534, 16),
(3738, 534, 20),
(3739, 535, 22),
(3740, 535, 1),
(3741, 535, 14),
(3742, 535, 9),
(3743, 535, 12),
(3744, 535, 17),
(3745, 535, 18),
(3746, 536, 22),
(3747, 536, 1),
(3748, 536, 14),
(3749, 536, 9),
(3750, 536, 12),
(3751, 536, 17),
(3752, 536, 19),
(3753, 537, 22),
(3754, 537, 1),
(3755, 537, 14),
(3756, 537, 9),
(3757, 537, 12),
(3758, 537, 17),
(3759, 537, 20),
(3760, 538, 22),
(3761, 538, 1),
(3762, 538, 14),
(3763, 538, 9),
(3764, 538, 12),
(3765, 538, 16),
(3766, 538, 18),
(3767, 539, 22),
(3768, 539, 1),
(3769, 539, 14),
(3770, 539, 9),
(3771, 539, 12),
(3772, 539, 16),
(3773, 539, 19),
(3774, 540, 22),
(3775, 540, 1),
(3776, 540, 14),
(3777, 540, 9),
(3778, 540, 12),
(3779, 540, 16),
(3780, 540, 20),
(3781, 541, 22),
(3782, 541, 1),
(3783, 541, 13),
(3784, 541, 7),
(3785, 541, 10),
(3786, 541, 17),
(3787, 541, 18),
(3788, 542, 22),
(3789, 542, 1),
(3790, 542, 13),
(3791, 542, 7),
(3792, 542, 10),
(3793, 542, 17),
(3794, 542, 19),
(3795, 543, 22),
(3796, 543, 1),
(3797, 543, 13),
(3798, 543, 7),
(3799, 543, 10),
(3800, 543, 17),
(3801, 543, 20),
(3802, 544, 22),
(3803, 544, 1),
(3804, 544, 13),
(3805, 544, 7),
(3806, 544, 10),
(3807, 544, 16),
(3808, 544, 18),
(3809, 545, 22),
(3810, 545, 1),
(3811, 545, 13),
(3812, 545, 7),
(3813, 545, 10),
(3814, 545, 16),
(3815, 545, 19),
(3816, 546, 22),
(3817, 546, 1),
(3818, 546, 13),
(3819, 546, 7),
(3820, 546, 10),
(3821, 546, 16),
(3822, 546, 20),
(3823, 547, 22),
(3824, 547, 1),
(3825, 547, 13),
(3826, 547, 7),
(3827, 547, 11),
(3828, 547, 17),
(3829, 547, 18),
(3830, 548, 22),
(3831, 548, 1),
(3832, 548, 13),
(3833, 548, 7),
(3834, 548, 11),
(3835, 548, 17),
(3836, 548, 19),
(3837, 549, 22),
(3838, 549, 1),
(3839, 549, 13),
(3840, 549, 7),
(3841, 549, 11),
(3842, 549, 17),
(3843, 549, 20),
(3844, 550, 22),
(3845, 550, 1),
(3846, 550, 13),
(3847, 550, 7),
(3848, 550, 11),
(3849, 550, 16),
(3850, 550, 18),
(3851, 551, 22),
(3852, 551, 1),
(3853, 551, 13),
(3854, 551, 7),
(3855, 551, 11),
(3856, 551, 16),
(3857, 551, 19),
(3858, 552, 22),
(3859, 552, 1),
(3860, 552, 13),
(3861, 552, 7),
(3862, 552, 11),
(3863, 552, 16),
(3864, 552, 20),
(3865, 553, 22),
(3866, 553, 1),
(3867, 553, 13),
(3868, 553, 7),
(3869, 553, 12),
(3870, 553, 17),
(3871, 553, 18),
(3872, 554, 22),
(3873, 554, 1),
(3874, 554, 13),
(3875, 554, 7),
(3876, 554, 12),
(3877, 554, 17),
(3878, 554, 19),
(3879, 555, 22),
(3880, 555, 1),
(3881, 555, 13),
(3882, 555, 7),
(3883, 555, 12),
(3884, 555, 17),
(3885, 555, 20),
(3886, 556, 22),
(3887, 556, 1),
(3888, 556, 13),
(3889, 556, 7),
(3890, 556, 12),
(3891, 556, 16),
(3892, 556, 18),
(3893, 557, 22),
(3894, 557, 1),
(3895, 557, 13),
(3896, 557, 7),
(3897, 557, 12),
(3898, 557, 16),
(3899, 557, 19),
(3900, 558, 22),
(3901, 558, 1),
(3902, 558, 13),
(3903, 558, 7),
(3904, 558, 12),
(3905, 558, 16),
(3906, 558, 20),
(3907, 559, 22),
(3908, 559, 1),
(3909, 559, 13),
(3910, 559, 8),
(3911, 559, 10),
(3912, 559, 17),
(3913, 559, 18),
(3914, 560, 22),
(3915, 560, 1),
(3916, 560, 13),
(3917, 560, 8),
(3918, 560, 10),
(3919, 560, 17),
(3920, 560, 19),
(3921, 561, 22),
(3922, 561, 1),
(3923, 561, 13),
(3924, 561, 8),
(3925, 561, 10),
(3926, 561, 17),
(3927, 561, 20),
(3928, 562, 22),
(3929, 562, 1),
(3930, 562, 13),
(3931, 562, 8),
(3932, 562, 10),
(3933, 562, 16),
(3934, 562, 18),
(3935, 563, 22),
(3936, 563, 1),
(3937, 563, 13),
(3938, 563, 8),
(3939, 563, 10),
(3940, 563, 16),
(3941, 563, 19),
(3942, 564, 22),
(3943, 564, 1),
(3944, 564, 13),
(3945, 564, 8),
(3946, 564, 10),
(3947, 564, 16),
(3948, 564, 20),
(3949, 565, 22),
(3950, 565, 1),
(3951, 565, 13),
(3952, 565, 8),
(3953, 565, 11),
(3954, 565, 17),
(3955, 565, 18),
(3956, 566, 22),
(3957, 566, 1),
(3958, 566, 13),
(3959, 566, 8),
(3960, 566, 11),
(3961, 566, 17),
(3962, 566, 19),
(3963, 567, 22),
(3964, 567, 1),
(3965, 567, 13),
(3966, 567, 8),
(3967, 567, 11),
(3968, 567, 17),
(3969, 567, 20),
(3970, 568, 22),
(3971, 568, 1),
(3972, 568, 13),
(3973, 568, 8),
(3974, 568, 11),
(3975, 568, 16),
(3976, 568, 18),
(3977, 569, 22),
(3978, 569, 1),
(3979, 569, 13),
(3980, 569, 8),
(3981, 569, 11),
(3982, 569, 16),
(3983, 569, 19),
(3984, 570, 22),
(3985, 570, 1),
(3986, 570, 13),
(3987, 570, 8),
(3988, 570, 11),
(3989, 570, 16),
(3990, 570, 20),
(3991, 571, 22),
(3992, 571, 1),
(3993, 571, 13),
(3994, 571, 8),
(3995, 571, 12),
(3996, 571, 17),
(3997, 571, 18),
(3998, 572, 22),
(3999, 572, 1),
(4000, 572, 13),
(4001, 572, 8),
(4002, 572, 12),
(4003, 572, 17),
(4004, 572, 19),
(4005, 573, 22),
(4006, 573, 1),
(4007, 573, 13),
(4008, 573, 8),
(4009, 573, 12),
(4010, 573, 17),
(4011, 573, 20),
(4012, 574, 22),
(4013, 574, 1),
(4014, 574, 13),
(4015, 574, 8),
(4016, 574, 12),
(4017, 574, 16),
(4018, 574, 18),
(4019, 575, 22),
(4020, 575, 1),
(4021, 575, 13),
(4022, 575, 8),
(4023, 575, 12),
(4024, 575, 16),
(4025, 575, 19),
(4026, 576, 22),
(4027, 576, 1),
(4028, 576, 13),
(4029, 576, 8),
(4030, 576, 12),
(4031, 576, 16),
(4032, 576, 20),
(4033, 577, 22),
(4034, 577, 1),
(4035, 577, 13),
(4036, 577, 9),
(4037, 577, 10),
(4038, 577, 17),
(4039, 577, 19),
(4040, 578, 22),
(4041, 578, 1),
(4042, 578, 13),
(4043, 578, 9),
(4044, 578, 10),
(4045, 578, 17),
(4046, 578, 20),
(4047, 579, 22),
(4048, 579, 1),
(4049, 579, 13),
(4050, 579, 9),
(4051, 579, 10),
(4052, 579, 16),
(4053, 579, 18),
(4054, 580, 22),
(4055, 580, 1),
(4056, 580, 13),
(4057, 580, 9),
(4058, 580, 10),
(4059, 580, 16),
(4060, 580, 19),
(4061, 581, 22),
(4062, 581, 1),
(4063, 581, 13),
(4064, 581, 9),
(4065, 581, 10),
(4066, 581, 16),
(4067, 581, 20),
(4068, 582, 22),
(4069, 582, 1),
(4070, 582, 13),
(4071, 582, 9),
(4072, 582, 10),
(4073, 582, 17),
(4074, 582, 18),
(4075, 583, 22),
(4076, 583, 1),
(4077, 583, 13),
(4078, 583, 9),
(4079, 583, 11),
(4080, 583, 17),
(4081, 583, 19),
(4082, 584, 22),
(4083, 584, 1),
(4084, 584, 13),
(4085, 584, 9),
(4086, 584, 11),
(4087, 584, 17),
(4088, 584, 20),
(4089, 585, 22),
(4090, 585, 1),
(4091, 585, 13),
(4092, 585, 9),
(4093, 585, 11),
(4094, 585, 16),
(4095, 585, 18),
(4096, 586, 22),
(4097, 586, 1),
(4098, 586, 13),
(4099, 586, 9),
(4100, 586, 11),
(4101, 586, 16),
(4102, 586, 19),
(4103, 587, 22),
(4104, 587, 1),
(4105, 587, 13),
(4106, 587, 9),
(4107, 587, 11),
(4108, 587, 16),
(4109, 587, 20),
(4110, 588, 22),
(4111, 588, 1),
(4112, 588, 13),
(4113, 588, 9),
(4114, 588, 11),
(4115, 588, 17),
(4116, 588, 18),
(4117, 589, 22),
(4118, 589, 1),
(4119, 589, 13),
(4120, 589, 9),
(4121, 589, 12),
(4122, 589, 17),
(4123, 589, 19),
(4124, 590, 22),
(4125, 590, 1),
(4126, 590, 13),
(4127, 590, 9),
(4128, 590, 12),
(4129, 590, 17),
(4130, 590, 20),
(4131, 591, 22),
(4132, 591, 1),
(4133, 591, 13),
(4134, 591, 9),
(4135, 591, 12),
(4136, 591, 16),
(4137, 591, 18),
(4138, 592, 22),
(4139, 592, 1),
(4140, 592, 13),
(4141, 592, 9),
(4142, 592, 12),
(4143, 592, 16),
(4144, 592, 19),
(4145, 593, 22),
(4146, 593, 1),
(4147, 593, 13),
(4148, 593, 9),
(4149, 593, 12),
(4150, 593, 16),
(4151, 593, 20),
(4152, 594, 22),
(4153, 594, 1),
(4154, 594, 13),
(4155, 594, 9),
(4156, 594, 12),
(4157, 594, 16),
(4158, 594, 20),
(4159, 595, 22),
(4160, 595, 1),
(4161, 595, 15),
(4162, 595, 7),
(4163, 595, 10),
(4164, 595, 17),
(4165, 595, 20),
(4166, 596, 22),
(4167, 596, 1),
(4168, 596, 15),
(4169, 596, 7),
(4170, 596, 10),
(4171, 596, 17),
(4172, 596, 19),
(4173, 597, 22),
(4174, 597, 1),
(4175, 597, 15),
(4176, 597, 7),
(4177, 597, 10),
(4178, 597, 17),
(4179, 597, 20),
(4180, 598, 22),
(4181, 598, 1),
(4182, 598, 15),
(4183, 598, 7),
(4184, 598, 10),
(4185, 598, 16),
(4186, 598, 18),
(4187, 599, 22),
(4188, 599, 1),
(4189, 599, 15),
(4190, 599, 7),
(4191, 599, 10),
(4192, 599, 16),
(4193, 599, 19),
(4194, 600, 22),
(4195, 600, 1),
(4196, 600, 15),
(4197, 600, 7),
(4198, 600, 10),
(4199, 600, 16),
(4200, 600, 20),
(4201, 601, 22),
(4202, 601, 1),
(4203, 601, 15),
(4204, 601, 7),
(4205, 601, 11),
(4206, 601, 16),
(4207, 601, 18),
(4208, 602, 22),
(4209, 602, 1),
(4210, 602, 15),
(4211, 602, 7),
(4212, 602, 11),
(4213, 602, 17),
(4214, 602, 19),
(4215, 603, 22),
(4216, 603, 1),
(4217, 603, 15),
(4218, 603, 7),
(4219, 603, 11),
(4220, 603, 17),
(4221, 603, 20),
(4222, 604, 22),
(4223, 604, 1),
(4224, 604, 15),
(4225, 604, 7),
(4226, 604, 11),
(4227, 604, 17),
(4228, 604, 18),
(4229, 605, 22),
(4230, 605, 1),
(4231, 605, 15),
(4232, 605, 7),
(4233, 605, 11),
(4234, 605, 16),
(4235, 605, 19),
(4236, 606, 22),
(4237, 606, 1),
(4238, 606, 15),
(4239, 606, 7),
(4240, 606, 11),
(4241, 606, 16),
(4242, 606, 20),
(4243, 607, 22),
(4244, 607, 1),
(4245, 607, 15),
(4246, 607, 7),
(4247, 607, 12),
(4248, 607, 16),
(4249, 607, 18),
(4250, 608, 22),
(4251, 608, 1),
(4252, 608, 15),
(4253, 608, 7),
(4254, 608, 12),
(4255, 608, 16),
(4256, 608, 19),
(4257, 609, 22),
(4258, 609, 1),
(4259, 609, 15),
(4260, 609, 7),
(4261, 609, 12),
(4262, 609, 17),
(4263, 609, 20),
(4264, 610, 22),
(4265, 610, 1),
(4266, 610, 15),
(4267, 610, 7),
(4268, 610, 12),
(4269, 610, 17),
(4270, 610, 18),
(4271, 611, 22),
(4272, 611, 1),
(4273, 611, 15),
(4274, 611, 7),
(4275, 611, 12),
(4276, 611, 17),
(4277, 611, 19),
(4278, 612, 22),
(4279, 612, 1),
(4280, 612, 15),
(4281, 612, 7),
(4282, 612, 12),
(4283, 612, 16),
(4284, 612, 20),
(4285, 613, 22),
(4286, 613, 1),
(4287, 613, 15),
(4288, 613, 8),
(4289, 613, 10),
(4290, 613, 16),
(4291, 613, 20),
(4292, 614, 22),
(4293, 614, 1),
(4294, 614, 15),
(4295, 614, 8),
(4296, 614, 10),
(4297, 614, 16),
(4298, 614, 19),
(4299, 615, 22),
(4300, 615, 1),
(4301, 615, 15),
(4302, 615, 8),
(4303, 615, 10),
(4304, 615, 16),
(4305, 615, 20),
(4306, 616, 22),
(4307, 616, 1),
(4308, 616, 15),
(4309, 616, 8),
(4310, 616, 10),
(4311, 616, 17),
(4312, 616, 18),
(4313, 617, 22),
(4314, 617, 1),
(4315, 617, 15),
(4316, 617, 8),
(4317, 617, 10),
(4318, 617, 17),
(4319, 617, 19),
(4320, 618, 22),
(4321, 618, 1),
(4322, 618, 15),
(4323, 618, 8),
(4324, 618, 10),
(4325, 618, 17),
(4326, 618, 20),
(4327, 619, 22),
(4328, 619, 1),
(4329, 619, 15),
(4330, 619, 8),
(4331, 619, 11),
(4332, 619, 16),
(4333, 619, 18),
(4334, 620, 22),
(4335, 620, 1),
(4336, 620, 15),
(4337, 620, 8),
(4338, 620, 11),
(4339, 620, 16),
(4340, 620, 19),
(4341, 621, 22),
(4342, 621, 1),
(4343, 621, 15),
(4344, 621, 8),
(4345, 621, 11),
(4346, 621, 16),
(4347, 621, 20),
(4348, 622, 22),
(4349, 622, 1),
(4350, 622, 15),
(4351, 622, 8),
(4352, 622, 11),
(4353, 622, 16),
(4354, 622, 18),
(4355, 623, 22),
(4356, 623, 1),
(4357, 623, 15),
(4358, 623, 8),
(4359, 623, 11),
(4360, 623, 17),
(4361, 623, 19),
(4362, 624, 22),
(4363, 624, 1),
(4364, 624, 15),
(4365, 624, 8),
(4366, 624, 11),
(4367, 624, 17),
(4368, 624, 20),
(4369, 625, 22),
(4370, 625, 1),
(4371, 625, 15),
(4372, 625, 8),
(4373, 625, 12),
(4374, 625, 17),
(4375, 625, 18),
(4376, 626, 22),
(4377, 626, 1),
(4378, 626, 15),
(4379, 626, 8),
(4380, 626, 12),
(4381, 626, 16),
(4382, 626, 19),
(4383, 627, 22),
(4384, 627, 1),
(4385, 627, 15),
(4386, 627, 8),
(4387, 627, 12),
(4388, 627, 16),
(4389, 627, 20),
(4390, 628, 22),
(4391, 628, 1),
(4392, 628, 15),
(4393, 628, 8),
(4394, 628, 12),
(4395, 628, 16),
(4396, 628, 18),
(4397, 629, 22),
(4398, 629, 1),
(4399, 629, 15),
(4400, 629, 8),
(4401, 629, 12),
(4402, 629, 16),
(4403, 629, 19),
(4404, 630, 22),
(4405, 630, 1),
(4406, 630, 15),
(4407, 630, 8),
(4408, 630, 12),
(4409, 630, 17),
(4410, 630, 20),
(4411, 631, 22),
(4412, 631, 1),
(4413, 631, 15),
(4414, 631, 9),
(4415, 631, 10),
(4416, 631, 17),
(4417, 631, 20),
(4418, 632, 22),
(4419, 632, 1),
(4420, 632, 15),
(4421, 632, 9),
(4422, 632, 10),
(4423, 632, 17),
(4424, 632, 20),
(4425, 633, 22),
(4426, 633, 1),
(4427, 633, 15),
(4428, 633, 9),
(4429, 633, 10),
(4430, 633, 16),
(4431, 633, 19),
(4432, 634, 22),
(4433, 634, 1),
(4434, 634, 15),
(4435, 634, 9),
(4436, 634, 10),
(4437, 634, 16),
(4438, 634, 20),
(4439, 635, 22),
(4440, 635, 1),
(4441, 635, 15),
(4442, 635, 9),
(4443, 635, 10),
(4444, 635, 16),
(4445, 635, 18),
(4446, 636, 22),
(4447, 636, 1),
(4448, 636, 15),
(4449, 636, 9),
(4450, 636, 10),
(4451, 636, 16),
(4452, 636, 19),
(4453, 637, 22),
(4454, 637, 1),
(4455, 637, 15),
(4456, 637, 9),
(4457, 637, 11),
(4458, 637, 17),
(4459, 637, 20),
(4460, 638, 22),
(4461, 638, 1),
(4462, 638, 15),
(4463, 638, 9),
(4464, 638, 11),
(4465, 638, 17),
(4466, 638, 18),
(4467, 639, 22),
(4468, 639, 1),
(4469, 639, 15),
(4470, 639, 9),
(4471, 639, 11),
(4472, 639, 17),
(4473, 639, 19),
(4474, 640, 22),
(4475, 640, 1),
(4476, 640, 15),
(4477, 640, 9),
(4478, 640, 11),
(4479, 640, 16),
(4480, 640, 20),
(4481, 641, 22),
(4482, 641, 1),
(4483, 641, 15),
(4484, 641, 9),
(4485, 641, 11),
(4486, 641, 16),
(4487, 641, 18),
(4488, 642, 22),
(4489, 642, 1),
(4490, 642, 15),
(4491, 642, 9),
(4492, 642, 11),
(4493, 642, 16),
(4494, 642, 19),
(4495, 643, 22),
(4496, 643, 1),
(4497, 643, 15),
(4498, 643, 9),
(4499, 643, 12),
(4500, 643, 16),
(4501, 643, 20),
(4502, 644, 22),
(4503, 644, 1),
(4504, 644, 15),
(4505, 644, 9),
(4506, 644, 12),
(4507, 644, 17),
(4508, 644, 18),
(4509, 645, 22),
(4510, 645, 1),
(4511, 645, 15),
(4512, 645, 9),
(4513, 645, 12),
(4514, 645, 17),
(4515, 645, 19),
(4516, 646, 22),
(4517, 646, 1),
(4518, 646, 15),
(4519, 646, 9),
(4520, 646, 12),
(4521, 646, 17),
(4522, 646, 20),
(4523, 647, 22),
(4524, 647, 1),
(4525, 647, 15),
(4526, 647, 9),
(4527, 647, 12),
(4528, 647, 16),
(4529, 647, 18),
(4530, 648, 22),
(4531, 648, 1),
(4532, 648, 15),
(4533, 648, 9),
(4534, 648, 12),
(4535, 648, 16),
(4536, 648, 19),
(4537, 649, 22),
(4538, 649, 2),
(4539, 649, 14),
(4540, 649, 7),
(4541, 649, 10),
(4542, 649, 16),
(4543, 649, 20),
(4544, 650, 22),
(4545, 650, 2),
(4546, 650, 14),
(4547, 650, 7),
(4548, 650, 10),
(4549, 650, 16),
(4550, 650, 20),
(4551, 651, 22),
(4552, 651, 2),
(4553, 651, 14),
(4554, 651, 7),
(4555, 651, 10),
(4556, 651, 17),
(4557, 651, 19),
(4558, 652, 22),
(4559, 652, 2),
(4560, 652, 14),
(4561, 652, 7),
(4562, 652, 10),
(4563, 652, 17),
(4564, 652, 20),
(4565, 653, 22),
(4566, 653, 2),
(4567, 653, 14),
(4568, 653, 7),
(4569, 653, 10),
(4570, 653, 17),
(4571, 653, 18),
(4572, 654, 22),
(4573, 654, 2),
(4574, 654, 14),
(4575, 654, 7),
(4576, 654, 10),
(4577, 654, 16),
(4578, 654, 19),
(4579, 655, 22),
(4580, 655, 2),
(4581, 655, 14),
(4582, 655, 7),
(4583, 655, 11),
(4584, 655, 16),
(4585, 655, 20),
(4586, 656, 22),
(4587, 656, 2),
(4588, 656, 14),
(4589, 656, 7),
(4590, 656, 11),
(4591, 656, 16),
(4592, 656, 18),
(4593, 657, 22),
(4594, 657, 2),
(4595, 657, 14),
(4596, 657, 7),
(4597, 657, 11),
(4598, 657, 16),
(4599, 657, 19),
(4600, 658, 22),
(4601, 658, 2),
(4602, 658, 14),
(4603, 658, 7),
(4604, 658, 11),
(4605, 658, 17),
(4606, 658, 20),
(4607, 659, 22),
(4608, 659, 2),
(4609, 659, 14),
(4610, 659, 7),
(4611, 659, 11),
(4612, 659, 17),
(4613, 659, 18),
(4614, 660, 22),
(4615, 660, 2),
(4616, 660, 14),
(4617, 660, 7),
(4618, 660, 11),
(4619, 660, 17),
(4620, 660, 19),
(4621, 661, 22),
(4622, 661, 2),
(4623, 661, 14),
(4624, 661, 7),
(4625, 661, 12),
(4626, 661, 16),
(4627, 661, 20),
(4628, 662, 22),
(4629, 662, 2),
(4630, 662, 14),
(4631, 662, 7),
(4632, 662, 12),
(4633, 662, 16),
(4634, 662, 18),
(4635, 663, 22),
(4636, 663, 2),
(4637, 663, 14),
(4638, 663, 7),
(4639, 663, 12),
(4640, 663, 16),
(4641, 663, 19),
(4642, 664, 22),
(4643, 664, 2),
(4644, 664, 14),
(4645, 664, 7),
(4646, 664, 12),
(4647, 664, 16),
(4648, 664, 20),
(4649, 665, 22),
(4650, 665, 2),
(4651, 665, 14),
(4652, 665, 7),
(4653, 665, 12),
(4654, 665, 17),
(4655, 665, 18),
(4656, 666, 22),
(4657, 666, 2),
(4658, 666, 14),
(4659, 666, 7),
(4660, 666, 12),
(4661, 666, 17),
(4662, 666, 19),
(4663, 667, 22),
(4664, 667, 2),
(4665, 667, 14),
(4666, 667, 8),
(4667, 667, 10),
(4668, 667, 16),
(4669, 667, 20),
(4670, 668, 22),
(4671, 668, 2),
(4672, 668, 14),
(4673, 668, 8),
(4674, 668, 10),
(4675, 668, 16),
(4676, 668, 20),
(4677, 669, 22),
(4678, 669, 2),
(4679, 669, 14),
(4680, 669, 8),
(4681, 669, 10),
(4682, 669, 17),
(4683, 669, 19),
(4684, 670, 22),
(4685, 670, 2),
(4686, 670, 14),
(4687, 670, 8),
(4688, 670, 10),
(4689, 670, 17),
(4690, 670, 20),
(4691, 671, 22),
(4692, 671, 2),
(4693, 671, 14),
(4694, 671, 8),
(4695, 671, 10),
(4696, 671, 17),
(4697, 671, 18),
(4698, 672, 22),
(4699, 672, 2),
(4700, 672, 14),
(4701, 672, 8),
(4702, 672, 10),
(4703, 672, 16),
(4704, 672, 19),
(4705, 673, 22),
(4706, 673, 2),
(4707, 673, 14),
(4708, 673, 8),
(4709, 673, 11),
(4710, 673, 16),
(4711, 673, 20),
(4712, 674, 22),
(4713, 674, 2),
(4714, 674, 14),
(4715, 674, 8),
(4716, 674, 11),
(4717, 674, 16),
(4718, 674, 18),
(4719, 675, 22),
(4720, 675, 2),
(4721, 675, 14),
(4722, 675, 8),
(4723, 675, 11),
(4724, 675, 16),
(4725, 675, 19),
(4726, 676, 22),
(4727, 676, 2),
(4728, 676, 14),
(4729, 676, 8),
(4730, 676, 11),
(4731, 676, 17),
(4732, 676, 20),
(4733, 677, 22),
(4734, 677, 2),
(4735, 677, 14),
(4736, 677, 8),
(4737, 677, 11),
(4738, 677, 17),
(4739, 677, 18),
(4740, 678, 22),
(4741, 678, 2),
(4742, 678, 14),
(4743, 678, 8),
(4744, 678, 11),
(4745, 678, 17),
(4746, 678, 19),
(4747, 679, 22),
(4748, 679, 2),
(4749, 679, 14),
(4750, 679, 8),
(4751, 679, 12),
(4752, 679, 16),
(4753, 679, 20),
(4754, 680, 22),
(4755, 680, 2),
(4756, 680, 14),
(4757, 680, 8),
(4758, 680, 12),
(4759, 680, 16),
(4760, 680, 18),
(4761, 681, 22),
(4762, 681, 2),
(4763, 681, 14),
(4764, 681, 8),
(4765, 681, 12),
(4766, 681, 16),
(4767, 681, 19),
(4768, 682, 22),
(4769, 682, 2),
(4770, 682, 14),
(4771, 682, 8),
(4772, 682, 12),
(4773, 682, 16),
(4774, 682, 20),
(4775, 683, 22),
(4776, 683, 2),
(4777, 683, 14),
(4778, 683, 8),
(4779, 683, 12),
(4780, 683, 17),
(4781, 683, 18),
(4782, 684, 22),
(4783, 684, 2),
(4784, 684, 14),
(4785, 684, 8),
(4786, 684, 12),
(4787, 684, 17),
(4788, 684, 19),
(4789, 685, 22),
(4790, 685, 2),
(4791, 685, 14),
(4792, 685, 9),
(4793, 685, 10),
(4794, 685, 17),
(4795, 685, 18),
(4796, 686, 22),
(4797, 686, 2),
(4798, 686, 14),
(4799, 686, 9),
(4800, 686, 10),
(4801, 686, 17),
(4802, 686, 19),
(4803, 687, 22),
(4804, 687, 2),
(4805, 687, 14),
(4806, 687, 9),
(4807, 687, 10),
(4808, 687, 17),
(4809, 687, 20),
(4810, 688, 22),
(4811, 688, 2),
(4812, 688, 14),
(4813, 688, 9),
(4814, 688, 10),
(4815, 688, 16),
(4816, 688, 18),
(4817, 689, 22),
(4818, 689, 2),
(4819, 689, 14),
(4820, 689, 9),
(4821, 689, 10),
(4822, 689, 16),
(4823, 689, 19),
(4824, 690, 22),
(4825, 690, 2),
(4826, 690, 14),
(4827, 690, 9),
(4828, 690, 10),
(4829, 690, 16),
(4830, 690, 20),
(4831, 691, 22),
(4832, 691, 2),
(4833, 691, 14),
(4834, 691, 9),
(4835, 691, 11),
(4836, 691, 17),
(4837, 691, 18),
(4838, 692, 22),
(4839, 692, 2),
(4840, 692, 14),
(4841, 692, 9),
(4842, 692, 11),
(4843, 692, 17),
(4844, 692, 19),
(4845, 693, 22),
(4846, 693, 2),
(4847, 693, 14),
(4848, 693, 9),
(4849, 693, 11),
(4850, 693, 17),
(4851, 693, 20),
(4852, 694, 22),
(4853, 694, 2),
(4854, 694, 14),
(4855, 694, 9),
(4856, 694, 11),
(4857, 694, 16),
(4858, 694, 18),
(4859, 695, 22),
(4860, 695, 2),
(4861, 695, 14),
(4862, 695, 9),
(4863, 695, 11),
(4864, 695, 16),
(4865, 695, 19),
(4866, 696, 22),
(4867, 696, 2),
(4868, 696, 14),
(4869, 696, 9),
(4870, 696, 11),
(4871, 696, 16),
(4872, 696, 20),
(4873, 697, 22),
(4874, 697, 2),
(4875, 697, 14),
(4876, 697, 9),
(4877, 697, 12),
(4878, 697, 17),
(4879, 697, 18),
(4880, 698, 22),
(4881, 698, 2),
(4882, 698, 14),
(4883, 698, 9),
(4884, 698, 12),
(4885, 698, 17),
(4886, 698, 19),
(4887, 699, 22),
(4888, 699, 2),
(4889, 699, 14),
(4890, 699, 9),
(4891, 699, 12),
(4892, 699, 17),
(4893, 699, 20),
(4894, 700, 22),
(4895, 700, 2),
(4896, 700, 14),
(4897, 700, 9),
(4898, 700, 12),
(4899, 700, 16),
(4900, 700, 18),
(4901, 701, 22),
(4902, 701, 2),
(4903, 701, 14),
(4904, 701, 9),
(4905, 701, 12),
(4906, 701, 16),
(4907, 701, 19),
(4908, 702, 22),
(4909, 702, 2),
(4910, 702, 14),
(4911, 702, 9),
(4912, 702, 12),
(4913, 702, 16),
(4914, 702, 20),
(4915, 703, 22),
(4916, 703, 2),
(4917, 703, 13),
(4918, 703, 7),
(4919, 703, 10),
(4920, 703, 17),
(4921, 703, 18),
(4922, 704, 22),
(4923, 704, 2),
(4924, 704, 13),
(4925, 704, 7),
(4926, 704, 10),
(4927, 704, 17),
(4928, 704, 19),
(4929, 705, 22),
(4930, 705, 2),
(4931, 705, 13),
(4932, 705, 7),
(4933, 705, 10),
(4934, 705, 17),
(4935, 705, 20),
(4936, 706, 22),
(4937, 706, 2),
(4938, 706, 13),
(4939, 706, 7),
(4940, 706, 10),
(4941, 706, 16),
(4942, 706, 18),
(4943, 707, 22),
(4944, 707, 2),
(4945, 707, 13),
(4946, 707, 7),
(4947, 707, 10),
(4948, 707, 16),
(4949, 707, 19),
(4950, 708, 22),
(4951, 708, 2),
(4952, 708, 13),
(4953, 708, 7),
(4954, 708, 10),
(4955, 708, 16),
(4956, 708, 20),
(4957, 709, 22),
(4958, 709, 2),
(4959, 709, 13),
(4960, 709, 7),
(4961, 709, 11),
(4962, 709, 17),
(4963, 709, 18),
(4964, 710, 22),
(4965, 710, 2),
(4966, 710, 13),
(4967, 710, 7),
(4968, 710, 11),
(4969, 710, 17),
(4970, 710, 19),
(4971, 711, 22),
(4972, 711, 2),
(4973, 711, 13),
(4974, 711, 7),
(4975, 711, 11),
(4976, 711, 17),
(4977, 711, 20),
(4978, 712, 22),
(4979, 712, 2),
(4980, 712, 13),
(4981, 712, 7),
(4982, 712, 11),
(4983, 712, 16),
(4984, 712, 18),
(4985, 713, 22),
(4986, 713, 2),
(4987, 713, 13),
(4988, 713, 7),
(4989, 713, 11),
(4990, 713, 16),
(4991, 713, 19),
(4992, 714, 22),
(4993, 714, 2),
(4994, 714, 13),
(4995, 714, 7),
(4996, 714, 11),
(4997, 714, 16),
(4998, 714, 20),
(4999, 715, 22),
(5000, 715, 2),
(5001, 715, 13),
(5002, 715, 7),
(5003, 715, 12),
(5004, 715, 17),
(5005, 715, 18),
(5006, 716, 22),
(5007, 716, 2),
(5008, 716, 13),
(5009, 716, 7),
(5010, 716, 12),
(5011, 716, 17),
(5012, 716, 19),
(5013, 717, 22),
(5014, 717, 2),
(5015, 717, 13),
(5016, 717, 7),
(5017, 717, 12),
(5018, 717, 17),
(5019, 717, 20),
(5020, 718, 22),
(5021, 718, 2),
(5022, 718, 13),
(5023, 718, 7),
(5024, 718, 12),
(5025, 718, 16),
(5026, 718, 18),
(5027, 719, 22),
(5028, 719, 2),
(5029, 719, 13),
(5030, 719, 7),
(5031, 719, 12),
(5032, 719, 16),
(5033, 719, 19),
(5034, 720, 22),
(5035, 720, 2),
(5036, 720, 13),
(5037, 720, 7),
(5038, 720, 12),
(5039, 720, 16),
(5040, 720, 20),
(5041, 721, 22),
(5042, 721, 2),
(5043, 721, 13),
(5044, 721, 8),
(5045, 721, 10),
(5046, 721, 17),
(5047, 721, 18),
(5048, 722, 22),
(5049, 722, 2),
(5050, 722, 13),
(5051, 722, 8),
(5052, 722, 10),
(5053, 722, 17),
(5054, 722, 19),
(5055, 723, 22),
(5056, 723, 2),
(5057, 723, 13),
(5058, 723, 8),
(5059, 723, 10),
(5060, 723, 17),
(5061, 723, 20),
(5062, 724, 22),
(5063, 724, 2),
(5064, 724, 13),
(5065, 724, 8),
(5066, 724, 10),
(5067, 724, 16),
(5068, 724, 18),
(5069, 725, 22),
(5070, 725, 2),
(5071, 725, 13),
(5072, 725, 8),
(5073, 725, 10),
(5074, 725, 16),
(5075, 725, 19),
(5076, 726, 22),
(5077, 726, 2),
(5078, 726, 13),
(5079, 726, 8),
(5080, 726, 10),
(5081, 726, 16),
(5082, 726, 20),
(5083, 727, 22),
(5084, 727, 2),
(5085, 727, 13),
(5086, 727, 8),
(5087, 727, 11),
(5088, 727, 17),
(5089, 727, 18),
(5090, 728, 22),
(5091, 728, 2),
(5092, 728, 13),
(5093, 728, 8),
(5094, 728, 11),
(5095, 728, 17),
(5096, 728, 19),
(5097, 729, 22),
(5098, 729, 2),
(5099, 729, 13),
(5100, 729, 8),
(5101, 729, 11),
(5102, 729, 17),
(5103, 729, 20),
(5104, 730, 22),
(5105, 730, 2),
(5106, 730, 13),
(5107, 730, 8),
(5108, 730, 11),
(5109, 730, 16),
(5110, 730, 18),
(5111, 731, 22),
(5112, 731, 2),
(5113, 731, 13),
(5114, 731, 8),
(5115, 731, 11),
(5116, 731, 16),
(5117, 731, 19),
(5118, 732, 22),
(5119, 732, 2),
(5120, 732, 13),
(5121, 732, 8),
(5122, 732, 11),
(5123, 732, 16),
(5124, 732, 20),
(5125, 733, 22),
(5126, 733, 2),
(5127, 733, 13),
(5128, 733, 8),
(5129, 733, 12),
(5130, 733, 17),
(5131, 733, 18),
(5132, 734, 22),
(5133, 734, 2),
(5134, 734, 13),
(5135, 734, 8),
(5136, 734, 12),
(5137, 734, 17),
(5138, 734, 19),
(5139, 735, 22),
(5140, 735, 2),
(5141, 735, 13),
(5142, 735, 8),
(5143, 735, 12),
(5144, 735, 17),
(5145, 735, 20),
(5146, 736, 22),
(5147, 736, 2),
(5148, 736, 13),
(5149, 736, 8),
(5150, 736, 12),
(5151, 736, 16),
(5152, 736, 18),
(5153, 737, 22),
(5154, 737, 2),
(5155, 737, 13),
(5156, 737, 8),
(5157, 737, 12),
(5158, 737, 16),
(5159, 737, 19),
(5160, 738, 22),
(5161, 738, 2),
(5162, 738, 13),
(5163, 738, 8),
(5164, 738, 12),
(5165, 738, 16),
(5166, 738, 20),
(5167, 739, 22),
(5168, 739, 2),
(5169, 739, 13),
(5170, 739, 9),
(5171, 739, 10),
(5172, 739, 17),
(5173, 739, 18),
(5174, 740, 22),
(5175, 740, 2),
(5176, 740, 13),
(5177, 740, 9),
(5178, 740, 10),
(5179, 740, 17),
(5180, 740, 19),
(5181, 741, 22),
(5182, 741, 2),
(5183, 741, 13),
(5184, 741, 9),
(5185, 741, 10),
(5186, 741, 17),
(5187, 741, 20),
(5188, 742, 22),
(5189, 742, 2),
(5190, 742, 13),
(5191, 742, 9),
(5192, 742, 10),
(5193, 742, 16),
(5194, 742, 18),
(5195, 743, 22),
(5196, 743, 2),
(5197, 743, 13),
(5198, 743, 9),
(5199, 743, 10),
(5200, 743, 16),
(5201, 743, 19),
(5202, 744, 22),
(5203, 744, 2),
(5204, 744, 13),
(5205, 744, 9),
(5206, 744, 10),
(5207, 744, 16),
(5208, 744, 20),
(5209, 745, 22),
(5210, 745, 2),
(5211, 745, 13),
(5212, 745, 9),
(5213, 745, 11),
(5214, 745, 17),
(5215, 745, 18),
(5216, 746, 22),
(5217, 746, 2),
(5218, 746, 13),
(5219, 746, 9),
(5220, 746, 11),
(5221, 746, 17),
(5222, 746, 19),
(5223, 747, 22),
(5224, 747, 2),
(5225, 747, 13),
(5226, 747, 9),
(5227, 747, 11),
(5228, 747, 17),
(5229, 747, 20),
(5230, 748, 22),
(5231, 748, 2),
(5232, 748, 13),
(5233, 748, 9),
(5234, 748, 11),
(5235, 748, 16),
(5236, 748, 18),
(5237, 749, 22),
(5238, 749, 2),
(5239, 749, 13),
(5240, 749, 9),
(5241, 749, 11),
(5242, 749, 16),
(5243, 749, 19),
(5244, 750, 22),
(5245, 750, 2),
(5246, 750, 13),
(5247, 750, 9),
(5248, 750, 11),
(5249, 750, 16),
(5250, 750, 20),
(5251, 751, 22),
(5252, 751, 2),
(5253, 751, 13),
(5254, 751, 9),
(5255, 751, 12),
(5256, 751, 17),
(5257, 751, 18),
(5258, 752, 22),
(5259, 752, 2),
(5260, 752, 13),
(5261, 752, 9),
(5262, 752, 12),
(5263, 752, 17),
(5264, 752, 19),
(5265, 753, 22),
(5266, 753, 2),
(5267, 753, 13),
(5268, 753, 9),
(5269, 753, 12),
(5270, 753, 17),
(5271, 753, 20),
(5272, 754, 22),
(5273, 754, 2),
(5274, 754, 13),
(5275, 754, 9),
(5276, 754, 12),
(5277, 754, 16),
(5278, 754, 18),
(5279, 755, 22),
(5280, 755, 2),
(5281, 755, 13),
(5282, 755, 9),
(5283, 755, 12),
(5284, 755, 16),
(5285, 755, 19),
(5286, 756, 22),
(5287, 756, 2),
(5288, 756, 13),
(5289, 756, 9),
(5290, 756, 12),
(5291, 756, 16),
(5292, 756, 20),
(5293, 757, 22),
(5294, 757, 2),
(5295, 757, 15),
(5296, 757, 7),
(5297, 757, 10),
(5298, 757, 17),
(5299, 757, 18),
(5300, 758, 22),
(5301, 758, 2),
(5302, 758, 15),
(5303, 758, 7),
(5304, 758, 10),
(5305, 758, 17),
(5306, 758, 19),
(5307, 759, 22),
(5308, 759, 2),
(5309, 759, 15),
(5310, 759, 7),
(5311, 759, 10),
(5312, 759, 17),
(5313, 759, 20),
(5314, 760, 22),
(5315, 760, 2),
(5316, 760, 15),
(5317, 760, 7),
(5318, 760, 10),
(5319, 760, 16),
(5320, 760, 18),
(5321, 761, 22),
(5322, 761, 2),
(5323, 761, 15),
(5324, 761, 7),
(5325, 761, 10),
(5326, 761, 16),
(5327, 761, 19),
(5328, 762, 22),
(5329, 762, 2),
(5330, 762, 15),
(5331, 762, 7),
(5332, 762, 10),
(5333, 762, 16),
(5334, 762, 20),
(5335, 763, 22),
(5336, 763, 2),
(5337, 763, 15),
(5338, 763, 7),
(5339, 763, 11),
(5340, 763, 17),
(5341, 763, 18),
(5342, 764, 22),
(5343, 764, 2),
(5344, 764, 15),
(5345, 764, 7),
(5346, 764, 11),
(5347, 764, 17),
(5348, 764, 19),
(5349, 765, 22),
(5350, 765, 2),
(5351, 765, 15),
(5352, 765, 7),
(5353, 765, 11),
(5354, 765, 17),
(5355, 765, 20),
(5356, 766, 22),
(5357, 766, 2),
(5358, 766, 15),
(5359, 766, 7),
(5360, 766, 11),
(5361, 766, 16),
(5362, 766, 18),
(5363, 767, 22),
(5364, 767, 2),
(5365, 767, 15),
(5366, 767, 7),
(5367, 767, 11),
(5368, 767, 16),
(5369, 767, 19),
(5370, 768, 22),
(5371, 768, 2),
(5372, 768, 15),
(5373, 768, 7),
(5374, 768, 11),
(5375, 768, 16),
(5376, 768, 20),
(5377, 769, 22),
(5378, 769, 2),
(5379, 769, 15),
(5380, 769, 7),
(5381, 769, 12),
(5382, 769, 17),
(5383, 769, 18),
(5384, 770, 22),
(5385, 770, 2),
(5386, 770, 15),
(5387, 770, 7),
(5388, 770, 12),
(5389, 770, 17),
(5390, 770, 19),
(5391, 771, 22),
(5392, 771, 2),
(5393, 771, 15),
(5394, 771, 7),
(5395, 771, 12),
(5396, 771, 17),
(5397, 771, 20),
(5398, 772, 22),
(5399, 772, 2),
(5400, 772, 15),
(5401, 772, 7),
(5402, 772, 12),
(5403, 772, 16),
(5404, 772, 18),
(5405, 773, 22),
(5406, 773, 2),
(5407, 773, 15),
(5408, 773, 7),
(5409, 773, 12),
(5410, 773, 16),
(5411, 773, 19),
(5412, 774, 22),
(5413, 774, 2),
(5414, 774, 15),
(5415, 774, 7),
(5416, 774, 12),
(5417, 774, 16),
(5418, 774, 20),
(5419, 775, 22),
(5420, 775, 2),
(5421, 775, 15),
(5422, 775, 8),
(5423, 775, 10),
(5424, 775, 17),
(5425, 775, 18),
(5426, 776, 22),
(5427, 776, 2),
(5428, 776, 15),
(5429, 776, 8),
(5430, 776, 10),
(5431, 776, 17),
(5432, 776, 19),
(5433, 777, 22),
(5434, 777, 2),
(5435, 777, 15),
(5436, 777, 8),
(5437, 777, 10),
(5438, 777, 17),
(5439, 777, 20),
(5440, 778, 22),
(5441, 778, 2),
(5442, 778, 15),
(5443, 778, 8),
(5444, 778, 10),
(5445, 778, 16),
(5446, 778, 18),
(5447, 779, 22),
(5448, 779, 2),
(5449, 779, 15),
(5450, 779, 8),
(5451, 779, 10),
(5452, 779, 16),
(5453, 779, 19),
(5454, 780, 22),
(5455, 780, 2),
(5456, 780, 15),
(5457, 780, 8),
(5458, 780, 10),
(5459, 780, 16),
(5460, 780, 20),
(5461, 781, 22),
(5462, 781, 2),
(5463, 781, 15),
(5464, 781, 8),
(5465, 781, 11),
(5466, 781, 17),
(5467, 781, 18),
(5468, 782, 22),
(5469, 782, 2),
(5470, 782, 15),
(5471, 782, 8),
(5472, 782, 11),
(5473, 782, 17),
(5474, 782, 19),
(5475, 783, 22),
(5476, 783, 2),
(5477, 783, 15),
(5478, 783, 8),
(5479, 783, 11),
(5480, 783, 17),
(5481, 783, 20),
(5482, 784, 22),
(5483, 784, 2),
(5484, 784, 15),
(5485, 784, 8),
(5486, 784, 11),
(5487, 784, 16),
(5488, 784, 18),
(5489, 785, 22),
(5490, 785, 2),
(5491, 785, 15),
(5492, 785, 8),
(5493, 785, 11),
(5494, 785, 16),
(5495, 785, 19),
(5496, 786, 22),
(5497, 786, 2),
(5498, 786, 15),
(5499, 786, 8),
(5500, 786, 11),
(5501, 786, 16),
(5502, 786, 20),
(5503, 787, 22),
(5504, 787, 2),
(5505, 787, 15),
(5506, 787, 8),
(5507, 787, 12),
(5508, 787, 17),
(5509, 787, 18),
(5510, 788, 22),
(5511, 788, 2),
(5512, 788, 15),
(5513, 788, 8),
(5514, 788, 12),
(5515, 788, 17),
(5516, 788, 19),
(5517, 789, 22),
(5518, 789, 2),
(5519, 789, 15),
(5520, 789, 8),
(5521, 789, 12),
(5522, 789, 17),
(5523, 789, 20),
(5524, 790, 22),
(5525, 790, 2),
(5526, 790, 15),
(5527, 790, 8),
(5528, 790, 12),
(5529, 790, 16),
(5530, 790, 18),
(5531, 791, 22),
(5532, 791, 2),
(5533, 791, 15),
(5534, 791, 8),
(5535, 791, 12),
(5536, 791, 16),
(5537, 791, 19),
(5538, 792, 22),
(5539, 792, 2),
(5540, 792, 15),
(5541, 792, 8),
(5542, 792, 12),
(5543, 792, 16),
(5544, 792, 20),
(5545, 793, 22),
(5546, 793, 2),
(5547, 793, 15),
(5548, 793, 9),
(5549, 793, 10),
(5550, 793, 17),
(5551, 793, 18),
(5552, 794, 22),
(5553, 794, 2),
(5554, 794, 15),
(5555, 794, 9),
(5556, 794, 10),
(5557, 794, 17),
(5558, 794, 19),
(5559, 795, 22),
(5560, 795, 2),
(5561, 795, 15),
(5562, 795, 9),
(5563, 795, 10),
(5564, 795, 17),
(5565, 795, 20),
(5566, 796, 22),
(5567, 796, 2),
(5568, 796, 15),
(5569, 796, 9),
(5570, 796, 10),
(5571, 796, 16),
(5572, 796, 18),
(5573, 797, 22),
(5574, 797, 2),
(5575, 797, 15),
(5576, 797, 9),
(5577, 797, 10),
(5578, 797, 16),
(5579, 797, 19),
(5580, 798, 22),
(5581, 798, 2),
(5582, 798, 15),
(5583, 798, 9),
(5584, 798, 10),
(5585, 798, 16),
(5586, 798, 20),
(5587, 799, 22),
(5588, 799, 2),
(5589, 799, 15),
(5590, 799, 9),
(5591, 799, 11),
(5592, 799, 17),
(5593, 799, 18),
(5594, 800, 22),
(5595, 800, 2),
(5596, 800, 15),
(5597, 800, 9),
(5598, 800, 11),
(5599, 800, 17),
(5600, 800, 19),
(5601, 801, 22),
(5602, 801, 2),
(5603, 801, 15),
(5604, 801, 9),
(5605, 801, 11),
(5606, 801, 17),
(5607, 801, 20),
(5608, 802, 22),
(5609, 802, 2),
(5610, 802, 15),
(5611, 802, 9),
(5612, 802, 11),
(5613, 802, 16),
(5614, 802, 18),
(5615, 803, 22),
(5616, 803, 2),
(5617, 803, 15),
(5618, 803, 9),
(5619, 803, 11),
(5620, 803, 16),
(5621, 803, 19),
(5622, 804, 22),
(5623, 804, 2),
(5624, 804, 15),
(5625, 804, 9),
(5626, 804, 11),
(5627, 804, 16),
(5628, 804, 20),
(5629, 805, 22),
(5630, 805, 2),
(5631, 805, 15),
(5632, 805, 9),
(5633, 805, 12),
(5634, 805, 17),
(5635, 805, 18),
(5636, 806, 22),
(5637, 806, 2),
(5638, 806, 15),
(5639, 806, 9),
(5640, 806, 12),
(5641, 806, 17),
(5642, 806, 19),
(5643, 807, 22),
(5644, 807, 2),
(5645, 807, 15),
(5646, 807, 9),
(5647, 807, 12),
(5648, 807, 17),
(5649, 807, 20),
(5650, 808, 22),
(5651, 808, 2),
(5652, 808, 15),
(5653, 808, 9),
(5654, 808, 12),
(5655, 808, 16),
(5656, 808, 18),
(5657, 809, 22),
(5658, 809, 2),
(5659, 809, 15),
(5660, 809, 9),
(5661, 809, 12),
(5662, 809, 16),
(5663, 809, 19),
(5664, 810, 22),
(5665, 810, 2),
(5666, 810, 15),
(5667, 810, 9),
(5668, 810, 12),
(5669, 810, 16),
(5670, 810, 20),
(5671, 811, 22),
(5672, 811, 3),
(5673, 811, 14),
(5674, 811, 7),
(5675, 811, 10),
(5676, 811, 17),
(5677, 811, 18),
(5678, 812, 22),
(5679, 812, 3),
(5680, 812, 14),
(5681, 812, 7),
(5682, 812, 10),
(5683, 812, 17),
(5684, 812, 19),
(5685, 813, 22),
(5686, 813, 3),
(5687, 813, 14),
(5688, 813, 7),
(5689, 813, 10),
(5690, 813, 17),
(5691, 813, 20),
(5692, 814, 22),
(5693, 814, 3),
(5694, 814, 14),
(5695, 814, 7),
(5696, 814, 10),
(5697, 814, 16),
(5698, 814, 18),
(5699, 815, 22),
(5700, 815, 3),
(5701, 815, 14),
(5702, 815, 7),
(5703, 815, 10),
(5704, 815, 16),
(5705, 815, 19),
(5706, 816, 22),
(5707, 816, 3),
(5708, 816, 14),
(5709, 816, 7),
(5710, 816, 10),
(5711, 816, 16),
(5712, 816, 20),
(5713, 817, 22),
(5714, 817, 3),
(5715, 817, 14),
(5716, 817, 7),
(5717, 817, 11),
(5718, 817, 17),
(5719, 817, 18),
(5720, 818, 22),
(5721, 818, 3),
(5722, 818, 14),
(5723, 818, 7),
(5724, 818, 11),
(5725, 818, 17),
(5726, 818, 19),
(5727, 819, 22),
(5728, 819, 3),
(5729, 819, 14),
(5730, 819, 7),
(5731, 819, 11),
(5732, 819, 17),
(5733, 819, 20),
(5734, 820, 22),
(5735, 820, 3),
(5736, 820, 14),
(5737, 820, 7),
(5738, 820, 11),
(5739, 820, 16),
(5740, 820, 18),
(5741, 821, 22),
(5742, 821, 3),
(5743, 821, 14),
(5744, 821, 7),
(5745, 821, 11),
(5746, 821, 16),
(5747, 821, 19),
(5748, 822, 22),
(5749, 822, 3),
(5750, 822, 14),
(5751, 822, 7),
(5752, 822, 11),
(5753, 822, 16),
(5754, 822, 20),
(5755, 823, 22),
(5756, 823, 3),
(5757, 823, 14),
(5758, 823, 7),
(5759, 823, 12),
(5760, 823, 17),
(5761, 823, 18),
(5762, 824, 22),
(5763, 824, 3),
(5764, 824, 14),
(5765, 824, 7),
(5766, 824, 12),
(5767, 824, 17),
(5768, 824, 19),
(5769, 825, 22),
(5770, 825, 3),
(5771, 825, 14),
(5772, 825, 7),
(5773, 825, 12),
(5774, 825, 17),
(5775, 825, 20),
(5776, 826, 22),
(5777, 826, 3),
(5778, 826, 14),
(5779, 826, 7),
(5780, 826, 12),
(5781, 826, 16),
(5782, 826, 18),
(5783, 827, 22),
(5784, 827, 3),
(5785, 827, 14),
(5786, 827, 7),
(5787, 827, 12),
(5788, 827, 16),
(5789, 827, 19),
(5790, 828, 22),
(5791, 828, 3),
(5792, 828, 14),
(5793, 828, 7),
(5794, 828, 12),
(5795, 828, 16),
(5796, 828, 20),
(5797, 829, 22),
(5798, 829, 3),
(5799, 829, 14),
(5800, 829, 8),
(5801, 829, 10),
(5802, 829, 17),
(5803, 829, 18),
(5804, 830, 22),
(5805, 830, 3),
(5806, 830, 14),
(5807, 830, 8),
(5808, 830, 10),
(5809, 830, 17),
(5810, 830, 19),
(5811, 831, 22),
(5812, 831, 3),
(5813, 831, 14),
(5814, 831, 8),
(5815, 831, 10),
(5816, 831, 17),
(5817, 831, 20),
(5818, 832, 22),
(5819, 832, 3),
(5820, 832, 14),
(5821, 832, 8),
(5822, 832, 10),
(5823, 832, 16),
(5824, 832, 18),
(5825, 833, 22),
(5826, 833, 3),
(5827, 833, 14),
(5828, 833, 8),
(5829, 833, 10),
(5830, 833, 16),
(5831, 833, 19),
(5832, 834, 22),
(5833, 834, 3),
(5834, 834, 14),
(5835, 834, 8),
(5836, 834, 10),
(5837, 834, 16),
(5838, 834, 20),
(5839, 835, 22),
(5840, 835, 3),
(5841, 835, 14),
(5842, 835, 8),
(5843, 835, 11),
(5844, 835, 17),
(5845, 835, 18),
(5846, 836, 22),
(5847, 836, 3),
(5848, 836, 14),
(5849, 836, 8),
(5850, 836, 11),
(5851, 836, 17),
(5852, 836, 19),
(5853, 837, 22),
(5854, 837, 3),
(5855, 837, 14),
(5856, 837, 8),
(5857, 837, 11),
(5858, 837, 17),
(5859, 837, 20),
(5860, 838, 22),
(5861, 838, 3),
(5862, 838, 14),
(5863, 838, 8),
(5864, 838, 11),
(5865, 838, 16),
(5866, 838, 18),
(5867, 839, 22),
(5868, 839, 3),
(5869, 839, 14),
(5870, 839, 8),
(5871, 839, 11),
(5872, 839, 16),
(5873, 839, 19),
(5874, 840, 22),
(5875, 840, 3),
(5876, 840, 14),
(5877, 840, 8),
(5878, 840, 11),
(5879, 840, 16),
(5880, 840, 20),
(5881, 841, 22),
(5882, 841, 3),
(5883, 841, 14),
(5884, 841, 8),
(5885, 841, 12),
(5886, 841, 17),
(5887, 841, 18),
(5888, 842, 22),
(5889, 842, 3),
(5890, 842, 14),
(5891, 842, 8),
(5892, 842, 12),
(5893, 842, 17),
(5894, 842, 19),
(5895, 843, 22),
(5896, 843, 3),
(5897, 843, 14),
(5898, 843, 8),
(5899, 843, 12),
(5900, 843, 17),
(5901, 843, 20),
(5902, 844, 22),
(5903, 844, 3),
(5904, 844, 14),
(5905, 844, 8),
(5906, 844, 12),
(5907, 844, 16),
(5908, 844, 18),
(5909, 845, 22),
(5910, 845, 3),
(5911, 845, 14),
(5912, 845, 8),
(5913, 845, 12),
(5914, 845, 16),
(5915, 845, 19),
(5916, 846, 22),
(5917, 846, 3),
(5918, 846, 14),
(5919, 846, 8),
(5920, 846, 12),
(5921, 846, 16),
(5922, 846, 20),
(5923, 847, 22),
(5924, 847, 3),
(5925, 847, 14),
(5926, 847, 9),
(5927, 847, 10),
(5928, 847, 17),
(5929, 847, 18),
(5930, 848, 22),
(5931, 848, 3),
(5932, 848, 14),
(5933, 848, 9),
(5934, 848, 10),
(5935, 848, 17),
(5936, 848, 19),
(5937, 849, 22),
(5938, 849, 3),
(5939, 849, 14),
(5940, 849, 9),
(5941, 849, 10),
(5942, 849, 17),
(5943, 849, 20),
(5944, 850, 22),
(5945, 850, 3),
(5946, 850, 14),
(5947, 850, 9),
(5948, 850, 10),
(5949, 850, 16),
(5950, 850, 18),
(5951, 851, 22),
(5952, 851, 3),
(5953, 851, 14),
(5954, 851, 9),
(5955, 851, 10),
(5956, 851, 16),
(5957, 851, 19),
(5958, 852, 22),
(5959, 852, 3),
(5960, 852, 14),
(5961, 852, 9),
(5962, 852, 10),
(5963, 852, 16),
(5964, 852, 20),
(5965, 853, 22),
(5966, 853, 3),
(5967, 853, 14),
(5968, 853, 9),
(5969, 853, 11),
(5970, 853, 17),
(5971, 853, 18),
(5972, 854, 22),
(5973, 854, 3),
(5974, 854, 14),
(5975, 854, 9),
(5976, 854, 11),
(5977, 854, 17),
(5978, 854, 19),
(5979, 855, 22),
(5980, 855, 3),
(5981, 855, 14),
(5982, 855, 9),
(5983, 855, 11),
(5984, 855, 17),
(5985, 855, 20),
(5986, 856, 22),
(5987, 856, 3),
(5988, 856, 14),
(5989, 856, 9),
(5990, 856, 11),
(5991, 856, 16),
(5992, 856, 18),
(5993, 857, 22),
(5994, 857, 3),
(5995, 857, 14),
(5996, 857, 9),
(5997, 857, 11),
(5998, 857, 16),
(5999, 857, 19),
(6000, 858, 22),
(6001, 858, 3),
(6002, 858, 14),
(6003, 858, 9),
(6004, 858, 11),
(6005, 858, 16),
(6006, 858, 20),
(6007, 859, 22),
(6008, 859, 3),
(6009, 859, 14),
(6010, 859, 9),
(6011, 859, 12),
(6012, 859, 17),
(6013, 859, 18),
(6014, 860, 22),
(6015, 860, 3),
(6016, 860, 14),
(6017, 860, 9),
(6018, 860, 12),
(6019, 860, 17),
(6020, 860, 19),
(6021, 861, 22),
(6022, 861, 3),
(6023, 861, 14),
(6024, 861, 9),
(6025, 861, 12),
(6026, 861, 17),
(6027, 861, 20),
(6028, 862, 22),
(6029, 862, 3),
(6030, 862, 14),
(6031, 862, 9),
(6032, 862, 12),
(6033, 862, 16),
(6034, 862, 18),
(6035, 863, 22),
(6036, 863, 3),
(6037, 863, 14),
(6038, 863, 9),
(6039, 863, 12),
(6040, 863, 16),
(6041, 863, 19),
(6042, 864, 22),
(6043, 864, 3),
(6044, 864, 14),
(6045, 864, 9),
(6046, 864, 12),
(6047, 864, 16),
(6048, 864, 20),
(6049, 865, 22),
(6050, 865, 3),
(6051, 865, 13),
(6052, 865, 7),
(6053, 865, 10),
(6054, 865, 17),
(6055, 865, 18),
(6056, 866, 22),
(6057, 866, 3),
(6058, 866, 13),
(6059, 866, 7),
(6060, 866, 10),
(6061, 866, 17),
(6062, 866, 19),
(6063, 867, 22),
(6064, 867, 3),
(6065, 867, 13),
(6066, 867, 7),
(6067, 867, 10),
(6068, 867, 17),
(6069, 867, 20),
(6070, 868, 22),
(6071, 868, 3),
(6072, 868, 13),
(6073, 868, 7),
(6074, 868, 10),
(6075, 868, 16),
(6076, 868, 18),
(6077, 869, 22),
(6078, 869, 3),
(6079, 869, 13),
(6080, 869, 7),
(6081, 869, 10),
(6082, 869, 16),
(6083, 869, 19),
(6084, 870, 22),
(6085, 870, 3),
(6086, 870, 13),
(6087, 870, 7),
(6088, 870, 10),
(6089, 870, 16),
(6090, 870, 20),
(6091, 871, 22),
(6092, 871, 3),
(6093, 871, 13),
(6094, 871, 7),
(6095, 871, 11),
(6096, 871, 17),
(6097, 871, 18),
(6098, 872, 22),
(6099, 872, 3),
(6100, 872, 13),
(6101, 872, 7),
(6102, 872, 11),
(6103, 872, 17),
(6104, 872, 19),
(6105, 873, 22),
(6106, 873, 3),
(6107, 873, 13),
(6108, 873, 7),
(6109, 873, 11),
(6110, 873, 17),
(6111, 873, 20),
(6112, 874, 22),
(6113, 874, 3),
(6114, 874, 13),
(6115, 874, 7),
(6116, 874, 11),
(6117, 874, 16),
(6118, 874, 18),
(6119, 875, 22),
(6120, 875, 3),
(6121, 875, 13),
(6122, 875, 7),
(6123, 875, 11),
(6124, 875, 16),
(6125, 875, 19),
(6126, 876, 22),
(6127, 876, 3),
(6128, 876, 13),
(6129, 876, 7),
(6130, 876, 11),
(6131, 876, 16),
(6132, 876, 20),
(6133, 877, 22),
(6134, 877, 3),
(6135, 877, 13),
(6136, 877, 7),
(6137, 877, 12),
(6138, 877, 17),
(6139, 877, 18),
(6140, 878, 22),
(6141, 878, 3),
(6142, 878, 13),
(6143, 878, 7),
(6144, 878, 12),
(6145, 878, 17),
(6146, 878, 19),
(6147, 879, 22),
(6148, 879, 3),
(6149, 879, 13),
(6150, 879, 7),
(6151, 879, 12),
(6152, 879, 17),
(6153, 879, 20),
(6154, 880, 22),
(6155, 880, 3),
(6156, 880, 13),
(6157, 880, 7),
(6158, 880, 12),
(6159, 880, 16),
(6160, 880, 18),
(6161, 881, 22),
(6162, 881, 3),
(6163, 881, 13),
(6164, 881, 7),
(6165, 881, 12),
(6166, 881, 16),
(6167, 881, 19),
(6168, 882, 22),
(6169, 882, 3),
(6170, 882, 13),
(6171, 882, 7),
(6172, 882, 12),
(6173, 882, 16),
(6174, 882, 20),
(6175, 883, 22),
(6176, 883, 3),
(6177, 883, 13),
(6178, 883, 8),
(6179, 883, 10),
(6180, 883, 17),
(6181, 883, 18),
(6182, 884, 22),
(6183, 884, 3),
(6184, 884, 13),
(6185, 884, 8),
(6186, 884, 10),
(6187, 884, 17),
(6188, 884, 19),
(6189, 885, 22),
(6190, 885, 3),
(6191, 885, 13),
(6192, 885, 8),
(6193, 885, 10),
(6194, 885, 17),
(6195, 885, 20),
(6196, 886, 22),
(6197, 886, 3),
(6198, 886, 13),
(6199, 886, 8),
(6200, 886, 10),
(6201, 886, 16),
(6202, 886, 18),
(6203, 887, 22),
(6204, 887, 3),
(6205, 887, 13),
(6206, 887, 8),
(6207, 887, 10),
(6208, 887, 16),
(6209, 887, 19),
(6210, 888, 22),
(6211, 888, 3),
(6212, 888, 13),
(6213, 888, 8),
(6214, 888, 10),
(6215, 888, 16),
(6216, 888, 20),
(6217, 889, 22),
(6218, 889, 3),
(6219, 889, 13),
(6220, 889, 8),
(6221, 889, 11),
(6222, 889, 17),
(6223, 889, 18),
(6224, 890, 22),
(6225, 890, 3),
(6226, 890, 13),
(6227, 890, 8),
(6228, 890, 11),
(6229, 890, 17),
(6230, 890, 19),
(6231, 891, 22),
(6232, 891, 3),
(6233, 891, 13),
(6234, 891, 8),
(6235, 891, 11),
(6236, 891, 17),
(6237, 891, 20),
(6238, 892, 22),
(6239, 892, 3),
(6240, 892, 13),
(6241, 892, 8),
(6242, 892, 11),
(6243, 892, 16),
(6244, 892, 18),
(6245, 893, 22),
(6246, 893, 3),
(6247, 893, 13),
(6248, 893, 8),
(6249, 893, 11),
(6250, 893, 16),
(6251, 893, 19),
(6252, 894, 22),
(6253, 894, 3),
(6254, 894, 13),
(6255, 894, 8),
(6256, 894, 11),
(6257, 894, 16),
(6258, 894, 20),
(6259, 895, 22),
(6260, 895, 3),
(6261, 895, 13),
(6262, 895, 8),
(6263, 895, 12),
(6264, 895, 17),
(6265, 895, 18),
(6266, 896, 22),
(6267, 896, 3),
(6268, 896, 13),
(6269, 896, 8),
(6270, 896, 12),
(6271, 896, 17),
(6272, 896, 19),
(6273, 897, 22),
(6274, 897, 3),
(6275, 897, 13),
(6276, 897, 8),
(6277, 897, 12),
(6278, 897, 17),
(6279, 897, 20),
(6280, 898, 22),
(6281, 898, 3),
(6282, 898, 13),
(6283, 898, 8),
(6284, 898, 12),
(6285, 898, 16),
(6286, 898, 18),
(6287, 899, 22),
(6288, 899, 3),
(6289, 899, 13),
(6290, 899, 8),
(6291, 899, 12),
(6292, 899, 16),
(6293, 899, 19),
(6294, 900, 22),
(6295, 900, 3),
(6296, 900, 13),
(6297, 900, 8),
(6298, 900, 12),
(6299, 900, 16),
(6300, 900, 20),
(6301, 901, 22),
(6302, 901, 3),
(6303, 901, 13),
(6304, 901, 9),
(6305, 901, 10),
(6306, 901, 17),
(6307, 901, 18),
(6308, 902, 22),
(6309, 902, 3),
(6310, 902, 13),
(6311, 902, 9),
(6312, 902, 10),
(6313, 902, 17),
(6314, 902, 19),
(6315, 903, 22),
(6316, 903, 3),
(6317, 903, 13),
(6318, 903, 9),
(6319, 903, 10),
(6320, 903, 17),
(6321, 903, 20),
(6322, 904, 22),
(6323, 904, 3),
(6324, 904, 13),
(6325, 904, 9),
(6326, 904, 10),
(6327, 904, 16),
(6328, 904, 18),
(6329, 905, 22),
(6330, 905, 3),
(6331, 905, 13),
(6332, 905, 9),
(6333, 905, 10),
(6334, 905, 16),
(6335, 905, 19),
(6336, 906, 22),
(6337, 906, 3),
(6338, 906, 13),
(6339, 906, 9),
(6340, 906, 10),
(6341, 906, 16),
(6342, 906, 20),
(6343, 907, 22),
(6344, 907, 3),
(6345, 907, 13),
(6346, 907, 9),
(6347, 907, 11),
(6348, 907, 17),
(6349, 907, 18),
(6350, 908, 22),
(6351, 908, 3),
(6352, 908, 13),
(6353, 908, 9),
(6354, 908, 11),
(6355, 908, 17),
(6356, 908, 19),
(6357, 909, 22),
(6358, 909, 3),
(6359, 909, 13),
(6360, 909, 9),
(6361, 909, 11),
(6362, 909, 17),
(6363, 909, 20),
(6364, 910, 22),
(6365, 910, 3),
(6366, 910, 13),
(6367, 910, 9),
(6368, 910, 11),
(6369, 910, 16),
(6370, 910, 18),
(6371, 911, 22),
(6372, 911, 3),
(6373, 911, 13),
(6374, 911, 9),
(6375, 911, 11),
(6376, 911, 16),
(6377, 911, 19),
(6378, 912, 22),
(6379, 912, 3),
(6380, 912, 13),
(6381, 912, 9),
(6382, 912, 11),
(6383, 912, 16),
(6384, 912, 20),
(6385, 913, 22),
(6386, 913, 3),
(6387, 913, 13),
(6388, 913, 9),
(6389, 913, 12),
(6390, 913, 17),
(6391, 913, 18),
(6392, 914, 22),
(6393, 914, 3),
(6394, 914, 13),
(6395, 914, 9),
(6396, 914, 12),
(6397, 914, 17),
(6398, 914, 19),
(6399, 915, 22),
(6400, 915, 3),
(6401, 915, 13),
(6402, 915, 9),
(6403, 915, 12),
(6404, 915, 17),
(6405, 915, 20),
(6406, 916, 22),
(6407, 916, 3),
(6408, 916, 13),
(6409, 916, 9),
(6410, 916, 12),
(6411, 916, 16),
(6412, 916, 18),
(6413, 917, 22),
(6414, 917, 3),
(6415, 917, 13),
(6416, 917, 9),
(6417, 917, 12),
(6418, 917, 16),
(6419, 917, 19),
(6420, 918, 22),
(6421, 918, 3),
(6422, 918, 13),
(6423, 918, 9),
(6424, 918, 12),
(6425, 918, 16),
(6426, 918, 20),
(6427, 919, 22),
(6428, 919, 3),
(6429, 919, 15),
(6430, 919, 7),
(6431, 919, 10),
(6432, 919, 17),
(6433, 919, 18),
(6434, 920, 22),
(6435, 920, 3),
(6436, 920, 15),
(6437, 920, 7),
(6438, 920, 10),
(6439, 920, 17),
(6440, 920, 19),
(6441, 921, 22),
(6442, 921, 3),
(6443, 921, 15),
(6444, 921, 7),
(6445, 921, 10),
(6446, 921, 17),
(6447, 921, 20),
(6448, 922, 22),
(6449, 922, 3),
(6450, 922, 15),
(6451, 922, 7),
(6452, 922, 10),
(6453, 922, 16),
(6454, 922, 18),
(6455, 923, 22),
(6456, 923, 3),
(6457, 923, 15),
(6458, 923, 7),
(6459, 923, 10),
(6460, 923, 16),
(6461, 923, 19),
(6462, 924, 22),
(6463, 924, 3),
(6464, 924, 15),
(6465, 924, 7),
(6466, 924, 10),
(6467, 924, 16),
(6468, 924, 20),
(6469, 925, 22),
(6470, 925, 3),
(6471, 925, 15),
(6472, 925, 7),
(6473, 925, 11),
(6474, 925, 17),
(6475, 925, 18),
(6476, 926, 22),
(6477, 926, 3),
(6478, 926, 15),
(6479, 926, 7),
(6480, 926, 11),
(6481, 926, 17),
(6482, 926, 19),
(6483, 927, 22),
(6484, 927, 3),
(6485, 927, 15),
(6486, 927, 7),
(6487, 927, 11),
(6488, 927, 17),
(6489, 927, 20),
(6490, 928, 22),
(6491, 928, 3),
(6492, 928, 15),
(6493, 928, 7),
(6494, 928, 11),
(6495, 928, 16),
(6496, 928, 18),
(6497, 929, 22),
(6498, 929, 3),
(6499, 929, 15),
(6500, 929, 7),
(6501, 929, 11),
(6502, 929, 16),
(6503, 929, 19),
(6504, 930, 22),
(6505, 930, 3),
(6506, 930, 15),
(6507, 930, 7),
(6508, 930, 11),
(6509, 930, 16),
(6510, 930, 20),
(6511, 931, 22),
(6512, 931, 3),
(6513, 931, 15),
(6514, 931, 7),
(6515, 931, 12),
(6516, 931, 17),
(6517, 931, 18),
(6518, 932, 22),
(6519, 932, 3),
(6520, 932, 15),
(6521, 932, 7),
(6522, 932, 12),
(6523, 932, 17),
(6524, 932, 19),
(6525, 933, 22),
(6526, 933, 3),
(6527, 933, 15),
(6528, 933, 7),
(6529, 933, 12),
(6530, 933, 17),
(6531, 933, 20),
(6532, 934, 22),
(6533, 934, 3),
(6534, 934, 15),
(6535, 934, 7),
(6536, 934, 12),
(6537, 934, 16),
(6538, 934, 18),
(6539, 935, 22),
(6540, 935, 3),
(6541, 935, 15),
(6542, 935, 7),
(6543, 935, 12),
(6544, 935, 16),
(6545, 935, 19),
(6546, 936, 22),
(6547, 936, 3),
(6548, 936, 15),
(6549, 936, 7),
(6550, 936, 12),
(6551, 936, 16),
(6552, 936, 20),
(6553, 937, 22),
(6554, 937, 3),
(6555, 937, 15),
(6556, 937, 8),
(6557, 937, 10),
(6558, 937, 17),
(6559, 937, 18),
(6560, 938, 22),
(6561, 938, 3),
(6562, 938, 15),
(6563, 938, 8),
(6564, 938, 10),
(6565, 938, 17),
(6566, 938, 19),
(6567, 939, 22),
(6568, 939, 3),
(6569, 939, 15),
(6570, 939, 8),
(6571, 939, 10),
(6572, 939, 17),
(6573, 939, 20),
(6574, 940, 22),
(6575, 940, 3),
(6576, 940, 15),
(6577, 940, 8),
(6578, 940, 10),
(6579, 940, 16),
(6580, 940, 18),
(6581, 941, 22),
(6582, 941, 3),
(6583, 941, 15),
(6584, 941, 8),
(6585, 941, 10),
(6586, 941, 16),
(6587, 941, 19),
(6588, 942, 22),
(6589, 942, 3),
(6590, 942, 15),
(6591, 942, 8),
(6592, 942, 10),
(6593, 942, 16),
(6594, 942, 20),
(6595, 943, 22),
(6596, 943, 3),
(6597, 943, 15),
(6598, 943, 8),
(6599, 943, 11),
(6600, 943, 17),
(6601, 943, 18),
(6602, 944, 22),
(6603, 944, 3),
(6604, 944, 15),
(6605, 944, 8),
(6606, 944, 11),
(6607, 944, 17),
(6608, 944, 19),
(6609, 945, 22),
(6610, 945, 3),
(6611, 945, 15),
(6612, 945, 8),
(6613, 945, 11),
(6614, 945, 17),
(6615, 945, 20),
(6616, 946, 22),
(6617, 946, 3),
(6618, 946, 15),
(6619, 946, 8),
(6620, 946, 11),
(6621, 946, 16),
(6622, 946, 18),
(6623, 947, 22),
(6624, 947, 3),
(6625, 947, 15),
(6626, 947, 8),
(6627, 947, 11),
(6628, 947, 16),
(6629, 947, 19),
(6630, 948, 22),
(6631, 948, 3),
(6632, 948, 15),
(6633, 948, 8),
(6634, 948, 11),
(6635, 948, 16),
(6636, 948, 20),
(6637, 949, 22),
(6638, 949, 3),
(6639, 949, 15),
(6640, 949, 8),
(6641, 949, 12),
(6642, 949, 17),
(6643, 949, 18),
(6644, 950, 22),
(6645, 950, 3),
(6646, 950, 15),
(6647, 950, 8),
(6648, 950, 12),
(6649, 950, 17),
(6650, 950, 19),
(6651, 951, 22),
(6652, 951, 3),
(6653, 951, 15),
(6654, 951, 8),
(6655, 951, 12),
(6656, 951, 17),
(6657, 951, 20),
(6658, 952, 22),
(6659, 952, 3),
(6660, 952, 15),
(6661, 952, 8),
(6662, 952, 12),
(6663, 952, 16),
(6664, 952, 18),
(6665, 953, 22),
(6666, 953, 3),
(6667, 953, 15),
(6668, 953, 8),
(6669, 953, 12),
(6670, 953, 16),
(6671, 953, 19),
(6672, 954, 22),
(6673, 954, 3),
(6674, 954, 15),
(6675, 954, 8),
(6676, 954, 12),
(6677, 954, 16),
(6678, 954, 20),
(6679, 955, 22),
(6680, 955, 3),
(6681, 955, 15),
(6682, 955, 9),
(6683, 955, 10),
(6684, 955, 17),
(6685, 955, 18),
(6686, 956, 22),
(6687, 956, 3),
(6688, 956, 15),
(6689, 956, 9),
(6690, 956, 10),
(6691, 956, 17),
(6692, 956, 19),
(6693, 957, 22),
(6694, 957, 3),
(6695, 957, 15),
(6696, 957, 9),
(6697, 957, 10),
(6698, 957, 17),
(6699, 957, 20),
(6700, 958, 22),
(6701, 958, 3),
(6702, 958, 15),
(6703, 958, 9),
(6704, 958, 10),
(6705, 958, 16),
(6706, 958, 18),
(6707, 959, 22),
(6708, 959, 3),
(6709, 959, 15),
(6710, 959, 9),
(6711, 959, 10),
(6712, 959, 16),
(6713, 959, 19),
(6714, 960, 22),
(6715, 960, 3),
(6716, 960, 15),
(6717, 960, 9),
(6718, 960, 10),
(6719, 960, 16),
(6720, 960, 20),
(6721, 961, 22),
(6722, 961, 3),
(6723, 961, 15),
(6724, 961, 9),
(6725, 961, 11),
(6726, 961, 17),
(6727, 961, 18),
(6728, 962, 22),
(6729, 962, 3),
(6730, 962, 15),
(6731, 962, 9),
(6732, 962, 11),
(6733, 962, 17),
(6734, 962, 19),
(6735, 963, 22),
(6736, 963, 3),
(6737, 963, 15),
(6738, 963, 9),
(6739, 963, 11),
(6740, 963, 17),
(6741, 963, 20),
(6742, 964, 22),
(6743, 964, 3),
(6744, 964, 15),
(6745, 964, 9),
(6746, 964, 11),
(6747, 964, 16),
(6748, 964, 18),
(6749, 965, 22),
(6750, 965, 3),
(6751, 965, 15),
(6752, 965, 9),
(6753, 965, 11),
(6754, 965, 16),
(6755, 965, 19),
(6756, 966, 22),
(6757, 966, 3),
(6758, 966, 15),
(6759, 966, 9),
(6760, 966, 11),
(6761, 966, 16),
(6762, 966, 20),
(6763, 967, 22),
(6764, 967, 3),
(6765, 967, 15),
(6766, 967, 9),
(6767, 967, 12),
(6768, 967, 17),
(6769, 967, 18),
(6770, 968, 22),
(6771, 968, 3),
(6772, 968, 15),
(6773, 968, 9),
(6774, 968, 12),
(6775, 968, 17),
(6776, 968, 19),
(6777, 969, 22),
(6778, 969, 3),
(6779, 969, 15),
(6780, 969, 9),
(6781, 969, 12),
(6782, 969, 17),
(6783, 969, 20),
(6784, 970, 22),
(6785, 970, 3),
(6786, 970, 15),
(6787, 970, 9),
(6788, 970, 12),
(6789, 970, 16),
(6790, 970, 18),
(6791, 971, 22),
(6792, 971, 3),
(6793, 971, 15),
(6794, 971, 9),
(6795, 971, 12),
(6796, 971, 16),
(6797, 971, 19),
(6798, 972, 22),
(6799, 972, 3),
(6800, 972, 15),
(6801, 972, 9),
(6802, 972, 12),
(6803, 972, 16),
(6804, 972, 20),
(6805, 973, 23),
(6806, 973, 1),
(6807, 973, 14),
(6808, 973, 7),
(6809, 973, 10),
(6810, 973, 17),
(6811, 973, 18),
(6812, 974, 23),
(6813, 974, 1),
(6814, 974, 14),
(6815, 974, 7),
(6816, 974, 10),
(6817, 974, 17),
(6818, 974, 19),
(6819, 975, 23),
(6820, 975, 1),
(6821, 975, 14),
(6822, 975, 7),
(6823, 975, 10),
(6824, 975, 17),
(6825, 975, 20),
(6826, 976, 23),
(6827, 976, 1),
(6828, 976, 14),
(6829, 976, 7),
(6830, 976, 10),
(6831, 976, 16),
(6832, 976, 18),
(6833, 977, 23),
(6834, 977, 1),
(6835, 977, 14),
(6836, 977, 7),
(6837, 977, 10),
(6838, 977, 16),
(6839, 977, 19),
(6840, 978, 23),
(6841, 978, 1),
(6842, 978, 14),
(6843, 978, 7),
(6844, 978, 10),
(6845, 978, 16),
(6846, 978, 20),
(6847, 979, 23),
(6848, 979, 1),
(6849, 979, 14),
(6850, 979, 7),
(6851, 979, 11),
(6852, 979, 17),
(6853, 979, 18),
(6854, 980, 23),
(6855, 980, 1),
(6856, 980, 14),
(6857, 980, 7),
(6858, 980, 11),
(6859, 980, 17),
(6860, 980, 19),
(6861, 981, 23),
(6862, 981, 1),
(6863, 981, 14),
(6864, 981, 7),
(6865, 981, 11),
(6866, 981, 17),
(6867, 981, 20),
(6868, 982, 23),
(6869, 982, 1),
(6870, 982, 14),
(6871, 982, 7),
(6872, 982, 11),
(6873, 982, 16),
(6874, 982, 18),
(6875, 983, 23),
(6876, 983, 1),
(6877, 983, 14),
(6878, 983, 7),
(6879, 983, 11),
(6880, 983, 16),
(6881, 983, 19),
(6882, 984, 23),
(6883, 984, 1),
(6884, 984, 14),
(6885, 984, 7),
(6886, 984, 11),
(6887, 984, 16),
(6888, 984, 20),
(6889, 985, 23),
(6890, 985, 1),
(6891, 985, 14),
(6892, 985, 7),
(6893, 985, 12),
(6894, 985, 17),
(6895, 985, 18),
(6896, 986, 23),
(6897, 986, 1),
(6898, 986, 14),
(6899, 986, 7),
(6900, 986, 12),
(6901, 986, 17),
(6902, 986, 19),
(6903, 987, 23),
(6904, 987, 1),
(6905, 987, 14),
(6906, 987, 7),
(6907, 987, 12),
(6908, 987, 17),
(6909, 987, 20);
INSERT INTO `tb_detail_aturan` (`id_detail_aturan`, `id_aturan`, `id_kategori_gejala`) VALUES
(6910, 988, 23),
(6911, 988, 1),
(6912, 988, 14),
(6913, 988, 7),
(6914, 988, 12),
(6915, 988, 16),
(6916, 988, 18),
(6917, 989, 23),
(6918, 989, 1),
(6919, 989, 14),
(6920, 989, 7),
(6921, 989, 12),
(6922, 989, 16),
(6923, 989, 19),
(6924, 990, 23),
(6925, 990, 1),
(6926, 990, 14),
(6927, 990, 7),
(6928, 990, 12),
(6929, 990, 16),
(6930, 990, 20),
(6931, 991, 23),
(6932, 991, 1),
(6933, 991, 14),
(6934, 991, 8),
(6935, 991, 10),
(6936, 991, 17),
(6937, 991, 18),
(6938, 992, 23),
(6939, 992, 1),
(6940, 992, 14),
(6941, 992, 8),
(6942, 992, 10),
(6943, 992, 17),
(6944, 992, 19),
(6945, 993, 23),
(6946, 993, 1),
(6947, 993, 14),
(6948, 993, 8),
(6949, 993, 10),
(6950, 993, 17),
(6951, 993, 20),
(6952, 994, 23),
(6953, 994, 1),
(6954, 994, 14),
(6955, 994, 8),
(6956, 994, 10),
(6957, 994, 16),
(6958, 994, 18),
(6959, 995, 23),
(6960, 995, 1),
(6961, 995, 14),
(6962, 995, 8),
(6963, 995, 10),
(6964, 995, 16),
(6965, 995, 19),
(6966, 996, 23),
(6967, 996, 1),
(6968, 996, 14),
(6969, 996, 8),
(6970, 996, 10),
(6971, 996, 16),
(6972, 996, 20),
(6973, 997, 23),
(6974, 997, 1),
(6975, 997, 14),
(6976, 997, 8),
(6977, 997, 11),
(6978, 997, 17),
(6979, 997, 18),
(6980, 998, 23),
(6981, 998, 1),
(6982, 998, 14),
(6983, 998, 8),
(6984, 998, 11),
(6985, 998, 17),
(6986, 998, 19),
(6987, 999, 23),
(6988, 999, 1),
(6989, 999, 14),
(6990, 999, 8),
(6991, 999, 11),
(6992, 999, 17),
(6993, 999, 20),
(6994, 1000, 23),
(6995, 1000, 1),
(6996, 1000, 14),
(6997, 1000, 8),
(6998, 1000, 11),
(6999, 1000, 16),
(7000, 1000, 18),
(7001, 1001, 23),
(7002, 1001, 1),
(7003, 1001, 14),
(7004, 1001, 8),
(7005, 1001, 11),
(7006, 1001, 16),
(7007, 1001, 19),
(7008, 1002, 23),
(7009, 1002, 1),
(7010, 1002, 14),
(7011, 1002, 8),
(7012, 1002, 11),
(7013, 1002, 16),
(7014, 1002, 20),
(7015, 1003, 23),
(7016, 1003, 1),
(7017, 1003, 14),
(7018, 1003, 8),
(7019, 1003, 12),
(7020, 1003, 17),
(7021, 1003, 18),
(7022, 1004, 23),
(7023, 1004, 1),
(7024, 1004, 14),
(7025, 1004, 8),
(7026, 1004, 12),
(7027, 1004, 17),
(7028, 1004, 19),
(7029, 1005, 23),
(7030, 1005, 1),
(7031, 1005, 14),
(7032, 1005, 8),
(7033, 1005, 12),
(7034, 1005, 17),
(7035, 1005, 20),
(7036, 1006, 23),
(7037, 1006, 1),
(7038, 1006, 14),
(7039, 1006, 8),
(7040, 1006, 12),
(7041, 1006, 16),
(7042, 1006, 18),
(7043, 1007, 23),
(7044, 1007, 1),
(7045, 1007, 14),
(7046, 1007, 8),
(7047, 1007, 12),
(7048, 1007, 16),
(7049, 1007, 19),
(7050, 1008, 23),
(7051, 1008, 1),
(7052, 1008, 14),
(7053, 1008, 8),
(7054, 1008, 12),
(7055, 1008, 16),
(7056, 1008, 20),
(7057, 1009, 23),
(7058, 1009, 1),
(7059, 1009, 14),
(7060, 1009, 9),
(7061, 1009, 10),
(7062, 1009, 17),
(7063, 1009, 18),
(7064, 1010, 23),
(7065, 1010, 1),
(7066, 1010, 14),
(7067, 1010, 9),
(7068, 1010, 10),
(7069, 1010, 17),
(7070, 1010, 19),
(7071, 1011, 23),
(7072, 1011, 1),
(7073, 1011, 14),
(7074, 1011, 9),
(7075, 1011, 10),
(7076, 1011, 17),
(7077, 1011, 20),
(7078, 1012, 23),
(7079, 1012, 1),
(7080, 1012, 14),
(7081, 1012, 9),
(7082, 1012, 10),
(7083, 1012, 16),
(7084, 1012, 18),
(7085, 1013, 23),
(7086, 1013, 1),
(7087, 1013, 14),
(7088, 1013, 9),
(7089, 1013, 10),
(7090, 1013, 16),
(7091, 1013, 19),
(7092, 1014, 23),
(7093, 1014, 1),
(7094, 1014, 14),
(7095, 1014, 9),
(7096, 1014, 10),
(7097, 1014, 16),
(7098, 1014, 20),
(7099, 1015, 23),
(7100, 1015, 1),
(7101, 1015, 14),
(7102, 1015, 9),
(7103, 1015, 11),
(7104, 1015, 17),
(7105, 1015, 18),
(7106, 1016, 23),
(7107, 1016, 1),
(7108, 1016, 14),
(7109, 1016, 9),
(7110, 1016, 11),
(7111, 1016, 17),
(7112, 1016, 19),
(7113, 1017, 23),
(7114, 1017, 1),
(7115, 1017, 14),
(7116, 1017, 9),
(7117, 1017, 11),
(7118, 1017, 17),
(7119, 1017, 20),
(7120, 1018, 23),
(7121, 1018, 1),
(7122, 1018, 14),
(7123, 1018, 9),
(7124, 1018, 11),
(7125, 1018, 16),
(7126, 1018, 18),
(7127, 1019, 23),
(7128, 1019, 1),
(7129, 1019, 14),
(7130, 1019, 9),
(7131, 1019, 11),
(7132, 1019, 16),
(7133, 1019, 19),
(7134, 1020, 23),
(7135, 1020, 1),
(7136, 1020, 14),
(7137, 1020, 9),
(7138, 1020, 11),
(7139, 1020, 16),
(7140, 1020, 20),
(7141, 1021, 23),
(7142, 1021, 1),
(7143, 1021, 14),
(7144, 1021, 9),
(7145, 1021, 12),
(7146, 1021, 17),
(7147, 1021, 18),
(7148, 1022, 23),
(7149, 1022, 1),
(7150, 1022, 14),
(7151, 1022, 9),
(7152, 1022, 12),
(7153, 1022, 17),
(7154, 1022, 19),
(7155, 1023, 23),
(7156, 1023, 1),
(7157, 1023, 14),
(7158, 1023, 9),
(7159, 1023, 12),
(7160, 1023, 17),
(7161, 1023, 20),
(7162, 1024, 23),
(7163, 1024, 1),
(7164, 1024, 14),
(7165, 1024, 9),
(7166, 1024, 12),
(7167, 1024, 16),
(7168, 1024, 18),
(7169, 1025, 23),
(7170, 1025, 1),
(7171, 1025, 14),
(7172, 1025, 9),
(7173, 1025, 12),
(7174, 1025, 16),
(7175, 1025, 19),
(7176, 1026, 23),
(7177, 1026, 1),
(7178, 1026, 14),
(7179, 1026, 9),
(7180, 1026, 12),
(7181, 1026, 16),
(7182, 1026, 20),
(7183, 1027, 23),
(7184, 1027, 1),
(7185, 1027, 13),
(7186, 1027, 7),
(7187, 1027, 10),
(7188, 1027, 17),
(7189, 1027, 18),
(7190, 1028, 23),
(7191, 1028, 1),
(7192, 1028, 13),
(7193, 1028, 7),
(7194, 1028, 10),
(7195, 1028, 17),
(7196, 1028, 19),
(7197, 1029, 23),
(7198, 1029, 1),
(7199, 1029, 13),
(7200, 1029, 7),
(7201, 1029, 10),
(7202, 1029, 17),
(7203, 1029, 20),
(7204, 1030, 23),
(7205, 1030, 1),
(7206, 1030, 13),
(7207, 1030, 7),
(7208, 1030, 10),
(7209, 1030, 16),
(7210, 1030, 18),
(7211, 1031, 23),
(7212, 1031, 1),
(7213, 1031, 13),
(7214, 1031, 7),
(7215, 1031, 10),
(7216, 1031, 16),
(7217, 1031, 19),
(7218, 1032, 23),
(7219, 1032, 1),
(7220, 1032, 13),
(7221, 1032, 7),
(7222, 1032, 10),
(7223, 1032, 16),
(7224, 1032, 20),
(7225, 1033, 23),
(7226, 1033, 1),
(7227, 1033, 13),
(7228, 1033, 7),
(7229, 1033, 11),
(7230, 1033, 17),
(7231, 1033, 18),
(7232, 1034, 23),
(7233, 1034, 1),
(7234, 1034, 13),
(7235, 1034, 7),
(7236, 1034, 11),
(7237, 1034, 17),
(7238, 1034, 19),
(7239, 1035, 23),
(7240, 1035, 1),
(7241, 1035, 13),
(7242, 1035, 7),
(7243, 1035, 11),
(7244, 1035, 17),
(7245, 1035, 20),
(7246, 1036, 23),
(7247, 1036, 1),
(7248, 1036, 13),
(7249, 1036, 7),
(7250, 1036, 11),
(7251, 1036, 16),
(7252, 1036, 18),
(7253, 1037, 23),
(7254, 1037, 1),
(7255, 1037, 13),
(7256, 1037, 7),
(7257, 1037, 11),
(7258, 1037, 16),
(7259, 1037, 19),
(7260, 1038, 23),
(7261, 1038, 1),
(7262, 1038, 13),
(7263, 1038, 7),
(7264, 1038, 11),
(7265, 1038, 16),
(7266, 1038, 20),
(7267, 1039, 23),
(7268, 1039, 1),
(7269, 1039, 13),
(7270, 1039, 7),
(7271, 1039, 12),
(7272, 1039, 17),
(7273, 1039, 18),
(7274, 1040, 23),
(7275, 1040, 1),
(7276, 1040, 13),
(7277, 1040, 7),
(7278, 1040, 12),
(7279, 1040, 17),
(7280, 1040, 19),
(7281, 1041, 23),
(7282, 1041, 1),
(7283, 1041, 13),
(7284, 1041, 7),
(7285, 1041, 12),
(7286, 1041, 17),
(7287, 1041, 20),
(7288, 1042, 23),
(7289, 1042, 1),
(7290, 1042, 13),
(7291, 1042, 7),
(7292, 1042, 12),
(7293, 1042, 16),
(7294, 1042, 18),
(7295, 1043, 23),
(7296, 1043, 1),
(7297, 1043, 13),
(7298, 1043, 7),
(7299, 1043, 12),
(7300, 1043, 16),
(7301, 1043, 19),
(7302, 1044, 23),
(7303, 1044, 1),
(7304, 1044, 13),
(7305, 1044, 7),
(7306, 1044, 12),
(7307, 1044, 16),
(7308, 1044, 20),
(7309, 1045, 23),
(7310, 1045, 1),
(7311, 1045, 13),
(7312, 1045, 8),
(7313, 1045, 10),
(7314, 1045, 17),
(7315, 1045, 18),
(7316, 1046, 23),
(7317, 1046, 1),
(7318, 1046, 13),
(7319, 1046, 8),
(7320, 1046, 10),
(7321, 1046, 17),
(7322, 1046, 19),
(7323, 1047, 23),
(7324, 1047, 1),
(7325, 1047, 13),
(7326, 1047, 8),
(7327, 1047, 10),
(7328, 1047, 17),
(7329, 1047, 20),
(7330, 1048, 23),
(7331, 1048, 1),
(7332, 1048, 13),
(7333, 1048, 8),
(7334, 1048, 10),
(7335, 1048, 16),
(7336, 1048, 18),
(7337, 1049, 23),
(7338, 1049, 1),
(7339, 1049, 13),
(7340, 1049, 8),
(7341, 1049, 10),
(7342, 1049, 16),
(7343, 1049, 19),
(7344, 1050, 23),
(7345, 1050, 1),
(7346, 1050, 13),
(7347, 1050, 8),
(7348, 1050, 10),
(7349, 1050, 16),
(7350, 1050, 20),
(7351, 1051, 23),
(7352, 1051, 1),
(7353, 1051, 13),
(7354, 1051, 8),
(7355, 1051, 11),
(7356, 1051, 17),
(7357, 1051, 18),
(7358, 1052, 23),
(7359, 1052, 1),
(7360, 1052, 13),
(7361, 1052, 8),
(7362, 1052, 11),
(7363, 1052, 17),
(7364, 1052, 19),
(7365, 1053, 23),
(7366, 1053, 1),
(7367, 1053, 13),
(7368, 1053, 8),
(7369, 1053, 11),
(7370, 1053, 17),
(7371, 1053, 20),
(7372, 1054, 23),
(7373, 1054, 1),
(7374, 1054, 13),
(7375, 1054, 8),
(7376, 1054, 11),
(7377, 1054, 16),
(7378, 1054, 18),
(7379, 1055, 23),
(7380, 1055, 1),
(7381, 1055, 13),
(7382, 1055, 8),
(7383, 1055, 11),
(7384, 1055, 16),
(7385, 1055, 19),
(7386, 1056, 23),
(7387, 1056, 1),
(7388, 1056, 13),
(7389, 1056, 8),
(7390, 1056, 11),
(7391, 1056, 16),
(7392, 1056, 20),
(7393, 1057, 23),
(7394, 1057, 1),
(7395, 1057, 13),
(7396, 1057, 8),
(7397, 1057, 12),
(7398, 1057, 17),
(7399, 1057, 18),
(7400, 1058, 23),
(7401, 1058, 1),
(7402, 1058, 13),
(7403, 1058, 8),
(7404, 1058, 12),
(7405, 1058, 17),
(7406, 1058, 19),
(7407, 1059, 23),
(7408, 1059, 1),
(7409, 1059, 13),
(7410, 1059, 8),
(7411, 1059, 12),
(7412, 1059, 17),
(7413, 1059, 20),
(7414, 1060, 23),
(7415, 1060, 1),
(7416, 1060, 13),
(7417, 1060, 8),
(7418, 1060, 12),
(7419, 1060, 16),
(7420, 1060, 18),
(7421, 1061, 23),
(7422, 1061, 1),
(7423, 1061, 13),
(7424, 1061, 8),
(7425, 1061, 12),
(7426, 1061, 16),
(7427, 1061, 19),
(7428, 1062, 23),
(7429, 1062, 1),
(7430, 1062, 13),
(7431, 1062, 8),
(7432, 1062, 12),
(7433, 1062, 16),
(7434, 1062, 20),
(7435, 1063, 23),
(7436, 1063, 1),
(7437, 1063, 13),
(7438, 1063, 9),
(7439, 1063, 10),
(7440, 1063, 17),
(7441, 1063, 18),
(7442, 1064, 23),
(7443, 1064, 1),
(7444, 1064, 13),
(7445, 1064, 9),
(7446, 1064, 10),
(7447, 1064, 17),
(7448, 1064, 19),
(7449, 1065, 23),
(7450, 1065, 1),
(7451, 1065, 13),
(7452, 1065, 9),
(7453, 1065, 10),
(7454, 1065, 17),
(7455, 1065, 20),
(7456, 1066, 23),
(7457, 1066, 1),
(7458, 1066, 13),
(7459, 1066, 9),
(7460, 1066, 10),
(7461, 1066, 16),
(7462, 1066, 18),
(7463, 1067, 23),
(7464, 1067, 1),
(7465, 1067, 13),
(7466, 1067, 9),
(7467, 1067, 10),
(7468, 1067, 16),
(7469, 1067, 19),
(7470, 1068, 23),
(7471, 1068, 1),
(7472, 1068, 13),
(7473, 1068, 9),
(7474, 1068, 10),
(7475, 1068, 16),
(7476, 1068, 20),
(7477, 1069, 23),
(7478, 1069, 1),
(7479, 1069, 13),
(7480, 1069, 9),
(7481, 1069, 11),
(7482, 1069, 17),
(7483, 1069, 18),
(7484, 1070, 23),
(7485, 1070, 1),
(7486, 1070, 13),
(7487, 1070, 9),
(7488, 1070, 11),
(7489, 1070, 17),
(7490, 1070, 19),
(7491, 1071, 23),
(7492, 1071, 1),
(7493, 1071, 13),
(7494, 1071, 9),
(7495, 1071, 11),
(7496, 1071, 17),
(7497, 1071, 20),
(7498, 1072, 23),
(7499, 1072, 1),
(7500, 1072, 13),
(7501, 1072, 9),
(7502, 1072, 11),
(7503, 1072, 16),
(7504, 1072, 18),
(7505, 1073, 23),
(7506, 1073, 1),
(7507, 1073, 13),
(7508, 1073, 9),
(7509, 1073, 11),
(7510, 1073, 16),
(7511, 1073, 19),
(7512, 1074, 23),
(7513, 1074, 1),
(7514, 1074, 13),
(7515, 1074, 9),
(7516, 1074, 11),
(7517, 1074, 16),
(7518, 1074, 20),
(7519, 1075, 23),
(7520, 1075, 1),
(7521, 1075, 13),
(7522, 1075, 9),
(7523, 1075, 12),
(7524, 1075, 17),
(7525, 1075, 18),
(7526, 1076, 23),
(7527, 1076, 1),
(7528, 1076, 13),
(7529, 1076, 9),
(7530, 1076, 12),
(7531, 1076, 17),
(7532, 1076, 19),
(7533, 1077, 23),
(7534, 1077, 1),
(7535, 1077, 13),
(7536, 1077, 9),
(7537, 1077, 12),
(7538, 1077, 17),
(7539, 1077, 20),
(7540, 1078, 23),
(7541, 1078, 1),
(7542, 1078, 13),
(7543, 1078, 9),
(7544, 1078, 12),
(7545, 1078, 16),
(7546, 1078, 18),
(7547, 1079, 23),
(7548, 1079, 1),
(7549, 1079, 13),
(7550, 1079, 9),
(7551, 1079, 12),
(7552, 1079, 16),
(7553, 1079, 19),
(7554, 1080, 23),
(7555, 1080, 1),
(7556, 1080, 13),
(7557, 1080, 9),
(7558, 1080, 12),
(7559, 1080, 16),
(7560, 1080, 20),
(7561, 1081, 23),
(7562, 1081, 1),
(7563, 1081, 15),
(7564, 1081, 7),
(7565, 1081, 10),
(7566, 1081, 17),
(7567, 1081, 18),
(7568, 1082, 23),
(7569, 1082, 1),
(7570, 1082, 15),
(7571, 1082, 7),
(7572, 1082, 10),
(7573, 1082, 17),
(7574, 1082, 19),
(7575, 1083, 23),
(7576, 1083, 1),
(7577, 1083, 15),
(7578, 1083, 7),
(7579, 1083, 10),
(7580, 1083, 17),
(7581, 1083, 20),
(7582, 1084, 23),
(7583, 1084, 1),
(7584, 1084, 15),
(7585, 1084, 7),
(7586, 1084, 10),
(7587, 1084, 16),
(7588, 1084, 18),
(7589, 1085, 23),
(7590, 1085, 1),
(7591, 1085, 15),
(7592, 1085, 7),
(7593, 1085, 10),
(7594, 1085, 16),
(7595, 1085, 19),
(7596, 1086, 23),
(7597, 1086, 1),
(7598, 1086, 15),
(7599, 1086, 7),
(7600, 1086, 10),
(7601, 1086, 16),
(7602, 1086, 20),
(7603, 1087, 23),
(7604, 1087, 1),
(7605, 1087, 15),
(7606, 1087, 7),
(7607, 1087, 11),
(7608, 1087, 17),
(7609, 1087, 18),
(7610, 1088, 23),
(7611, 1088, 1),
(7612, 1088, 15),
(7613, 1088, 7),
(7614, 1088, 11),
(7615, 1088, 17),
(7616, 1088, 19),
(7617, 1089, 23),
(7618, 1089, 1),
(7619, 1089, 15),
(7620, 1089, 7),
(7621, 1089, 11),
(7622, 1089, 17),
(7623, 1089, 20),
(7624, 1090, 23),
(7625, 1090, 1),
(7626, 1090, 15),
(7627, 1090, 7),
(7628, 1090, 11),
(7629, 1090, 16),
(7630, 1090, 18),
(7631, 1091, 23),
(7632, 1091, 1),
(7633, 1091, 15),
(7634, 1091, 7),
(7635, 1091, 11),
(7636, 1091, 16),
(7637, 1091, 19),
(7638, 1092, 23),
(7639, 1092, 1),
(7640, 1092, 15),
(7641, 1092, 7),
(7642, 1092, 11),
(7643, 1092, 16),
(7644, 1092, 20),
(7645, 1093, 23),
(7646, 1093, 1),
(7647, 1093, 15),
(7648, 1093, 7),
(7649, 1093, 12),
(7650, 1093, 17),
(7651, 1093, 18),
(7652, 1094, 23),
(7653, 1094, 1),
(7654, 1094, 15),
(7655, 1094, 7),
(7656, 1094, 12),
(7657, 1094, 17),
(7658, 1094, 19),
(7659, 1095, 23),
(7660, 1095, 1),
(7661, 1095, 15),
(7662, 1095, 7),
(7663, 1095, 12),
(7664, 1095, 17),
(7665, 1095, 20),
(7666, 1096, 23),
(7667, 1096, 1),
(7668, 1096, 15),
(7669, 1096, 7),
(7670, 1096, 12),
(7671, 1096, 16),
(7672, 1096, 18),
(7673, 1097, 23),
(7674, 1097, 1),
(7675, 1097, 15),
(7676, 1097, 7),
(7677, 1097, 12),
(7678, 1097, 16),
(7679, 1097, 19),
(7680, 1098, 23),
(7681, 1098, 1),
(7682, 1098, 15),
(7683, 1098, 7),
(7684, 1098, 12),
(7685, 1098, 16),
(7686, 1098, 20),
(7687, 1099, 23),
(7688, 1099, 1),
(7689, 1099, 15),
(7690, 1099, 8),
(7691, 1099, 10),
(7692, 1099, 17),
(7693, 1099, 18),
(7694, 1100, 23),
(7695, 1100, 1),
(7696, 1100, 15),
(7697, 1100, 8),
(7698, 1100, 10),
(7699, 1100, 17),
(7700, 1100, 19),
(7701, 1101, 23),
(7702, 1101, 1),
(7703, 1101, 15),
(7704, 1101, 8),
(7705, 1101, 10),
(7706, 1101, 17),
(7707, 1101, 20),
(7708, 1102, 23),
(7709, 1102, 1),
(7710, 1102, 15),
(7711, 1102, 8),
(7712, 1102, 10),
(7713, 1102, 16),
(7714, 1102, 18),
(7715, 1103, 23),
(7716, 1103, 1),
(7717, 1103, 15),
(7718, 1103, 8),
(7719, 1103, 10),
(7720, 1103, 16),
(7721, 1103, 19),
(7722, 1104, 23),
(7723, 1104, 1),
(7724, 1104, 15),
(7725, 1104, 8),
(7726, 1104, 10),
(7727, 1104, 16),
(7728, 1104, 20),
(7729, 1105, 23),
(7730, 1105, 1),
(7731, 1105, 15),
(7732, 1105, 8),
(7733, 1105, 11),
(7734, 1105, 17),
(7735, 1105, 18),
(7736, 1106, 23),
(7737, 1106, 1),
(7738, 1106, 15),
(7739, 1106, 8),
(7740, 1106, 11),
(7741, 1106, 17),
(7742, 1106, 19),
(7743, 1107, 23),
(7744, 1107, 1),
(7745, 1107, 15),
(7746, 1107, 8),
(7747, 1107, 11),
(7748, 1107, 17),
(7749, 1107, 20),
(7750, 1108, 23),
(7751, 1108, 1),
(7752, 1108, 15),
(7753, 1108, 8),
(7754, 1108, 11),
(7755, 1108, 16),
(7756, 1108, 18),
(7757, 1109, 23),
(7758, 1109, 1),
(7759, 1109, 15),
(7760, 1109, 8),
(7761, 1109, 11),
(7762, 1109, 16),
(7763, 1109, 19),
(7764, 1110, 23),
(7765, 1110, 1),
(7766, 1110, 15),
(7767, 1110, 8),
(7768, 1110, 11),
(7769, 1110, 16),
(7770, 1110, 20),
(7771, 1111, 23),
(7772, 1111, 1),
(7773, 1111, 15),
(7774, 1111, 8),
(7775, 1111, 12),
(7776, 1111, 17),
(7777, 1111, 18),
(7778, 1112, 23),
(7779, 1112, 1),
(7780, 1112, 15),
(7781, 1112, 8),
(7782, 1112, 12),
(7783, 1112, 17),
(7784, 1112, 19),
(7785, 1113, 23),
(7786, 1113, 1),
(7787, 1113, 15),
(7788, 1113, 8),
(7789, 1113, 12),
(7790, 1113, 17),
(7791, 1113, 20),
(7792, 1114, 23),
(7793, 1114, 1),
(7794, 1114, 15),
(7795, 1114, 8),
(7796, 1114, 12),
(7797, 1114, 16),
(7798, 1114, 18),
(7799, 1115, 23),
(7800, 1115, 1),
(7801, 1115, 15),
(7802, 1115, 8),
(7803, 1115, 12),
(7804, 1115, 16),
(7805, 1115, 19),
(7806, 1116, 23),
(7807, 1116, 1),
(7808, 1116, 15),
(7809, 1116, 8),
(7810, 1116, 12),
(7811, 1116, 16),
(7812, 1116, 20),
(7813, 1117, 23),
(7814, 1117, 1),
(7815, 1117, 15),
(7816, 1117, 9),
(7817, 1117, 10),
(7818, 1117, 17),
(7819, 1117, 18),
(7820, 1118, 23),
(7821, 1118, 1),
(7822, 1118, 15),
(7823, 1118, 9),
(7824, 1118, 10),
(7825, 1118, 17),
(7826, 1118, 19),
(7827, 1119, 23),
(7828, 1119, 1),
(7829, 1119, 15),
(7830, 1119, 9),
(7831, 1119, 10),
(7832, 1119, 17),
(7833, 1119, 20),
(7834, 1120, 23),
(7835, 1120, 1),
(7836, 1120, 15),
(7837, 1120, 9),
(7838, 1120, 10),
(7839, 1120, 16),
(7840, 1120, 18),
(7841, 1121, 23),
(7842, 1121, 1),
(7843, 1121, 15),
(7844, 1121, 9),
(7845, 1121, 10),
(7846, 1121, 16),
(7847, 1121, 19),
(7848, 1122, 23),
(7849, 1122, 1),
(7850, 1122, 15),
(7851, 1122, 9),
(7852, 1122, 10),
(7853, 1122, 16),
(7854, 1122, 20),
(7855, 1123, 23),
(7856, 1123, 1),
(7857, 1123, 15),
(7858, 1123, 9),
(7859, 1123, 11),
(7860, 1123, 17),
(7861, 1123, 18),
(7862, 1124, 23),
(7863, 1124, 1),
(7864, 1124, 15),
(7865, 1124, 9),
(7866, 1124, 11),
(7867, 1124, 17),
(7868, 1124, 19),
(7869, 1125, 23),
(7870, 1125, 1),
(7871, 1125, 15),
(7872, 1125, 9),
(7873, 1125, 11),
(7874, 1125, 17),
(7875, 1125, 20),
(7876, 1126, 23),
(7877, 1126, 1),
(7878, 1126, 15),
(7879, 1126, 9),
(7880, 1126, 11),
(7881, 1126, 16),
(7882, 1126, 18),
(7883, 1127, 23),
(7884, 1127, 1),
(7885, 1127, 15),
(7886, 1127, 9),
(7887, 1127, 11),
(7888, 1127, 16),
(7889, 1127, 19),
(7890, 1128, 23),
(7891, 1128, 1),
(7892, 1128, 15),
(7893, 1128, 9),
(7894, 1128, 11),
(7895, 1128, 16),
(7896, 1128, 20),
(7897, 1129, 23),
(7898, 1129, 1),
(7899, 1129, 15),
(7900, 1129, 9),
(7901, 1129, 12),
(7902, 1129, 17),
(7903, 1129, 18),
(7904, 1130, 23),
(7905, 1130, 1),
(7906, 1130, 15),
(7907, 1130, 9),
(7908, 1130, 12),
(7909, 1130, 17),
(7910, 1130, 19),
(7911, 1131, 23),
(7912, 1131, 1),
(7913, 1131, 15),
(7914, 1131, 9),
(7915, 1131, 12),
(7916, 1131, 17),
(7917, 1131, 20),
(7918, 1132, 23),
(7919, 1132, 1),
(7920, 1132, 15),
(7921, 1132, 9),
(7922, 1132, 12),
(7923, 1132, 16),
(7924, 1132, 18),
(7925, 1133, 23),
(7926, 1133, 1),
(7927, 1133, 15),
(7928, 1133, 9),
(7929, 1133, 12),
(7930, 1133, 16),
(7931, 1133, 19),
(7932, 1134, 23),
(7933, 1134, 1),
(7934, 1134, 15),
(7935, 1134, 9),
(7936, 1134, 12),
(7937, 1134, 16),
(7938, 1134, 20),
(7939, 1135, 23),
(7940, 1135, 2),
(7941, 1135, 14),
(7942, 1135, 7),
(7943, 1135, 10),
(7944, 1135, 17),
(7945, 1135, 18),
(7946, 1136, 23),
(7947, 1136, 2),
(7948, 1136, 14),
(7949, 1136, 7),
(7950, 1136, 10),
(7951, 1136, 17),
(7952, 1136, 19),
(7953, 1137, 23),
(7954, 1137, 2),
(7955, 1137, 14),
(7956, 1137, 7),
(7957, 1137, 10),
(7958, 1137, 17),
(7959, 1137, 20),
(7960, 1138, 23),
(7961, 1138, 2),
(7962, 1138, 14),
(7963, 1138, 7),
(7964, 1138, 10),
(7965, 1138, 16),
(7966, 1138, 18),
(7967, 1139, 23),
(7968, 1139, 2),
(7969, 1139, 14),
(7970, 1139, 7),
(7971, 1139, 10),
(7972, 1139, 16),
(7973, 1139, 19),
(7974, 1140, 23),
(7975, 1140, 2),
(7976, 1140, 14),
(7977, 1140, 7),
(7978, 1140, 10),
(7979, 1140, 16),
(7980, 1140, 20),
(7981, 1141, 23),
(7982, 1141, 2),
(7983, 1141, 14),
(7984, 1141, 7),
(7985, 1141, 11),
(7986, 1141, 17),
(7987, 1141, 18),
(7988, 1142, 23),
(7989, 1142, 2),
(7990, 1142, 14),
(7991, 1142, 7),
(7992, 1142, 11),
(7993, 1142, 17),
(7994, 1142, 19),
(7995, 1143, 23),
(7996, 1143, 2),
(7997, 1143, 14),
(7998, 1143, 7),
(7999, 1143, 11),
(8000, 1143, 17),
(8001, 1143, 20),
(8002, 1144, 23),
(8003, 1144, 2),
(8004, 1144, 14),
(8005, 1144, 7),
(8006, 1144, 11),
(8007, 1144, 16),
(8008, 1144, 18),
(8009, 1145, 23),
(8010, 1145, 2),
(8011, 1145, 14),
(8012, 1145, 7),
(8013, 1145, 11),
(8014, 1145, 16),
(8015, 1145, 19),
(8016, 1146, 23),
(8017, 1146, 2),
(8018, 1146, 14),
(8019, 1146, 7),
(8020, 1146, 11),
(8021, 1146, 16),
(8022, 1146, 20),
(8023, 1147, 23),
(8024, 1147, 2),
(8025, 1147, 14),
(8026, 1147, 7),
(8027, 1147, 12),
(8028, 1147, 17),
(8029, 1147, 18),
(8030, 1148, 23),
(8031, 1148, 2),
(8032, 1148, 14),
(8033, 1148, 7),
(8034, 1148, 12),
(8035, 1148, 17),
(8036, 1148, 19),
(8037, 1149, 23),
(8038, 1149, 2),
(8039, 1149, 14),
(8040, 1149, 7),
(8041, 1149, 12),
(8042, 1149, 17),
(8043, 1149, 20),
(8044, 1150, 23),
(8045, 1150, 2),
(8046, 1150, 14),
(8047, 1150, 7),
(8048, 1150, 12),
(8049, 1150, 16),
(8050, 1150, 18),
(8051, 1151, 23),
(8052, 1151, 2),
(8053, 1151, 14),
(8054, 1151, 7),
(8055, 1151, 12),
(8056, 1151, 16),
(8057, 1151, 19),
(8058, 1152, 23),
(8059, 1152, 2),
(8060, 1152, 14),
(8061, 1152, 7),
(8062, 1152, 12),
(8063, 1152, 16),
(8064, 1152, 20),
(8065, 1153, 23),
(8066, 1153, 2),
(8067, 1153, 14),
(8068, 1153, 8),
(8069, 1153, 10),
(8070, 1153, 17),
(8071, 1153, 18),
(8072, 1154, 23),
(8073, 1154, 2),
(8074, 1154, 14),
(8075, 1154, 8),
(8076, 1154, 10),
(8077, 1154, 17),
(8078, 1154, 19),
(8079, 1155, 23),
(8080, 1155, 2),
(8081, 1155, 14),
(8082, 1155, 8),
(8083, 1155, 10),
(8084, 1155, 17),
(8085, 1155, 20),
(8086, 1156, 23),
(8087, 1156, 2),
(8088, 1156, 14),
(8089, 1156, 8),
(8090, 1156, 10),
(8091, 1156, 16),
(8092, 1156, 18),
(8093, 1157, 23),
(8094, 1157, 2),
(8095, 1157, 14),
(8096, 1157, 8),
(8097, 1157, 10),
(8098, 1157, 16),
(8099, 1157, 19),
(8100, 1158, 23),
(8101, 1158, 2),
(8102, 1158, 14),
(8103, 1158, 8),
(8104, 1158, 10),
(8105, 1158, 16),
(8106, 1158, 20),
(8107, 1159, 23),
(8108, 1159, 2),
(8109, 1159, 14),
(8110, 1159, 8),
(8111, 1159, 11),
(8112, 1159, 17),
(8113, 1159, 18),
(8114, 1160, 23),
(8115, 1160, 2),
(8116, 1160, 14),
(8117, 1160, 8),
(8118, 1160, 11),
(8119, 1160, 17),
(8120, 1160, 19),
(8121, 1161, 23),
(8122, 1161, 2),
(8123, 1161, 14),
(8124, 1161, 8),
(8125, 1161, 11),
(8126, 1161, 17),
(8127, 1161, 20),
(8128, 1162, 23),
(8129, 1162, 2),
(8130, 1162, 14),
(8131, 1162, 8),
(8132, 1162, 11),
(8133, 1162, 16),
(8134, 1162, 18),
(8135, 1163, 23),
(8136, 1163, 2),
(8137, 1163, 14),
(8138, 1163, 8),
(8139, 1163, 11),
(8140, 1163, 16),
(8141, 1163, 19),
(8142, 1164, 23),
(8143, 1164, 2),
(8144, 1164, 14),
(8145, 1164, 8),
(8146, 1164, 11),
(8147, 1164, 16),
(8148, 1164, 20),
(8149, 1165, 23),
(8150, 1165, 2),
(8151, 1165, 14),
(8152, 1165, 8),
(8153, 1165, 12),
(8154, 1165, 17),
(8155, 1165, 18),
(8156, 1166, 23),
(8157, 1166, 2),
(8158, 1166, 14),
(8159, 1166, 8),
(8160, 1166, 12),
(8161, 1166, 17),
(8162, 1166, 19),
(8163, 1167, 23),
(8164, 1167, 2),
(8165, 1167, 14),
(8166, 1167, 8),
(8167, 1167, 12),
(8168, 1167, 17),
(8169, 1167, 20),
(8170, 1168, 23),
(8171, 1168, 2),
(8172, 1168, 14),
(8173, 1168, 8),
(8174, 1168, 12),
(8175, 1168, 16),
(8176, 1168, 18),
(8177, 1169, 23),
(8178, 1169, 2),
(8179, 1169, 14),
(8180, 1169, 8),
(8181, 1169, 12),
(8182, 1169, 16),
(8183, 1169, 19),
(8184, 1170, 23),
(8185, 1170, 2),
(8186, 1170, 14),
(8187, 1170, 8),
(8188, 1170, 12),
(8189, 1170, 16),
(8190, 1170, 20),
(8191, 1171, 23),
(8192, 1171, 2),
(8193, 1171, 14),
(8194, 1171, 9),
(8195, 1171, 10),
(8196, 1171, 17),
(8197, 1171, 18),
(8198, 1172, 23),
(8199, 1172, 2),
(8200, 1172, 14),
(8201, 1172, 9),
(8202, 1172, 10),
(8203, 1172, 17),
(8204, 1172, 19),
(8205, 1173, 23),
(8206, 1173, 2),
(8207, 1173, 14),
(8208, 1173, 9),
(8209, 1173, 10),
(8210, 1173, 17),
(8211, 1173, 20),
(8212, 1174, 23),
(8213, 1174, 2),
(8214, 1174, 14),
(8215, 1174, 9),
(8216, 1174, 10),
(8217, 1174, 16),
(8218, 1174, 18),
(8219, 1175, 23),
(8220, 1175, 2),
(8221, 1175, 14),
(8222, 1175, 9),
(8223, 1175, 10),
(8224, 1175, 16),
(8225, 1175, 19),
(8226, 1176, 23),
(8227, 1176, 2),
(8228, 1176, 14),
(8229, 1176, 9),
(8230, 1176, 10),
(8231, 1176, 16),
(8232, 1176, 20),
(8233, 1177, 23),
(8234, 1177, 2),
(8235, 1177, 14),
(8236, 1177, 9),
(8237, 1177, 11),
(8238, 1177, 17),
(8239, 1177, 18),
(8240, 1178, 23),
(8241, 1178, 2),
(8242, 1178, 14),
(8243, 1178, 9),
(8244, 1178, 11),
(8245, 1178, 17),
(8246, 1178, 19),
(8247, 1179, 23),
(8248, 1179, 2),
(8249, 1179, 14),
(8250, 1179, 9),
(8251, 1179, 11),
(8252, 1179, 17),
(8253, 1179, 20),
(8254, 1180, 23),
(8255, 1180, 2),
(8256, 1180, 14),
(8257, 1180, 9),
(8258, 1180, 11),
(8259, 1180, 16),
(8260, 1180, 18),
(8261, 1181, 23),
(8262, 1181, 2),
(8263, 1181, 14),
(8264, 1181, 9),
(8265, 1181, 11),
(8266, 1181, 16),
(8267, 1181, 19),
(8268, 1182, 23),
(8269, 1182, 2),
(8270, 1182, 14),
(8271, 1182, 9),
(8272, 1182, 11),
(8273, 1182, 16),
(8274, 1182, 20),
(8275, 1183, 23),
(8276, 1183, 2),
(8277, 1183, 14),
(8278, 1183, 9),
(8279, 1183, 12),
(8280, 1183, 17),
(8281, 1183, 18),
(8282, 1184, 23),
(8283, 1184, 2),
(8284, 1184, 14),
(8285, 1184, 9),
(8286, 1184, 12),
(8287, 1184, 17),
(8288, 1184, 19),
(8289, 1185, 23),
(8290, 1185, 2),
(8291, 1185, 14),
(8292, 1185, 9),
(8293, 1185, 12),
(8294, 1185, 17),
(8295, 1185, 20),
(8296, 1186, 23),
(8297, 1186, 2),
(8298, 1186, 14),
(8299, 1186, 9),
(8300, 1186, 12),
(8301, 1186, 16),
(8302, 1186, 18),
(8303, 1187, 23),
(8304, 1187, 2),
(8305, 1187, 14),
(8306, 1187, 9),
(8307, 1187, 12),
(8308, 1187, 16),
(8309, 1187, 19),
(8310, 1188, 23),
(8311, 1188, 2),
(8312, 1188, 14),
(8313, 1188, 9),
(8314, 1188, 12),
(8315, 1188, 16),
(8316, 1188, 20),
(8317, 1189, 23),
(8318, 1189, 2),
(8319, 1189, 13),
(8320, 1189, 7),
(8321, 1189, 10),
(8322, 1189, 17),
(8323, 1189, 18),
(8324, 1190, 23),
(8325, 1190, 2),
(8326, 1190, 13),
(8327, 1190, 7),
(8328, 1190, 10),
(8329, 1190, 17),
(8330, 1190, 19),
(8331, 1191, 23),
(8332, 1191, 2),
(8333, 1191, 13),
(8334, 1191, 7),
(8335, 1191, 10),
(8336, 1191, 17),
(8337, 1191, 20),
(8338, 1192, 23),
(8339, 1192, 2),
(8340, 1192, 13),
(8341, 1192, 7),
(8342, 1192, 10),
(8343, 1192, 16),
(8344, 1192, 18),
(8345, 1193, 23),
(8346, 1193, 2),
(8347, 1193, 13),
(8348, 1193, 7),
(8349, 1193, 10),
(8350, 1193, 16),
(8351, 1193, 19),
(8352, 1194, 23),
(8353, 1194, 2),
(8354, 1194, 13),
(8355, 1194, 7),
(8356, 1194, 10),
(8357, 1194, 16),
(8358, 1194, 20),
(8359, 1195, 23),
(8360, 1195, 2),
(8361, 1195, 13),
(8362, 1195, 7),
(8363, 1195, 11),
(8364, 1195, 17),
(8365, 1195, 18),
(8366, 1196, 23),
(8367, 1196, 2),
(8368, 1196, 13),
(8369, 1196, 7),
(8370, 1196, 11),
(8371, 1196, 17),
(8372, 1196, 19),
(8373, 1197, 23),
(8374, 1197, 2),
(8375, 1197, 13),
(8376, 1197, 7),
(8377, 1197, 11),
(8378, 1197, 17),
(8379, 1197, 20),
(8380, 1198, 23),
(8381, 1198, 2),
(8382, 1198, 13),
(8383, 1198, 7),
(8384, 1198, 11),
(8385, 1198, 16),
(8386, 1198, 18),
(8387, 1199, 23),
(8388, 1199, 2),
(8389, 1199, 13),
(8390, 1199, 7),
(8391, 1199, 11),
(8392, 1199, 16),
(8393, 1199, 19),
(8394, 1200, 23),
(8395, 1200, 2),
(8396, 1200, 13),
(8397, 1200, 7),
(8398, 1200, 11),
(8399, 1200, 16),
(8400, 1200, 20),
(8401, 1201, 23),
(8402, 1201, 2),
(8403, 1201, 13),
(8404, 1201, 7),
(8405, 1201, 12),
(8406, 1201, 17),
(8407, 1201, 18),
(8408, 1202, 23),
(8409, 1202, 2),
(8410, 1202, 13),
(8411, 1202, 7),
(8412, 1202, 12),
(8413, 1202, 17),
(8414, 1202, 19),
(8415, 1203, 23),
(8416, 1203, 2),
(8417, 1203, 13),
(8418, 1203, 7),
(8419, 1203, 12),
(8420, 1203, 17),
(8421, 1203, 20),
(8422, 1204, 23),
(8423, 1204, 2),
(8424, 1204, 13),
(8425, 1204, 7),
(8426, 1204, 12),
(8427, 1204, 16),
(8428, 1204, 18),
(8429, 1205, 23),
(8430, 1205, 2),
(8431, 1205, 13),
(8432, 1205, 7),
(8433, 1205, 12),
(8434, 1205, 16),
(8435, 1205, 19),
(8436, 1206, 23),
(8437, 1206, 2),
(8438, 1206, 13),
(8439, 1206, 7),
(8440, 1206, 12),
(8441, 1206, 16),
(8442, 1206, 20),
(8443, 1207, 23),
(8444, 1207, 2),
(8445, 1207, 13),
(8446, 1207, 8),
(8447, 1207, 10),
(8448, 1207, 17),
(8449, 1207, 18),
(8450, 1208, 23),
(8451, 1208, 2),
(8452, 1208, 13),
(8453, 1208, 8),
(8454, 1208, 10),
(8455, 1208, 17),
(8456, 1208, 19),
(8457, 1209, 23),
(8458, 1209, 2),
(8459, 1209, 13),
(8460, 1209, 8),
(8461, 1209, 10),
(8462, 1209, 17),
(8463, 1209, 20),
(8464, 1210, 23),
(8465, 1210, 2),
(8466, 1210, 13),
(8467, 1210, 8),
(8468, 1210, 10),
(8469, 1210, 16),
(8470, 1210, 18),
(8471, 1211, 23),
(8472, 1211, 2),
(8473, 1211, 13),
(8474, 1211, 8),
(8475, 1211, 10),
(8476, 1211, 16),
(8477, 1211, 19),
(8478, 1212, 23),
(8479, 1212, 2),
(8480, 1212, 13),
(8481, 1212, 8),
(8482, 1212, 10),
(8483, 1212, 16),
(8484, 1212, 20),
(8485, 1213, 23),
(8486, 1213, 2),
(8487, 1213, 13),
(8488, 1213, 8),
(8489, 1213, 11),
(8490, 1213, 17),
(8491, 1213, 18),
(8492, 1214, 23),
(8493, 1214, 2),
(8494, 1214, 13),
(8495, 1214, 8),
(8496, 1214, 11),
(8497, 1214, 17),
(8498, 1214, 19),
(8499, 1215, 23),
(8500, 1215, 2),
(8501, 1215, 13),
(8502, 1215, 8),
(8503, 1215, 11),
(8504, 1215, 17),
(8505, 1215, 20),
(8506, 1216, 23),
(8507, 1216, 2),
(8508, 1216, 13),
(8509, 1216, 8),
(8510, 1216, 11),
(8511, 1216, 16),
(8512, 1216, 18),
(8513, 1217, 23),
(8514, 1217, 2),
(8515, 1217, 13),
(8516, 1217, 8),
(8517, 1217, 11),
(8518, 1217, 16),
(8519, 1217, 19),
(8520, 1218, 23),
(8521, 1218, 2),
(8522, 1218, 13),
(8523, 1218, 8),
(8524, 1218, 11),
(8525, 1218, 16),
(8526, 1218, 20),
(8527, 1219, 23),
(8528, 1219, 2),
(8529, 1219, 13),
(8530, 1219, 8),
(8531, 1219, 12),
(8532, 1219, 17),
(8533, 1219, 18),
(8534, 1220, 23),
(8535, 1220, 2),
(8536, 1220, 13),
(8537, 1220, 8),
(8538, 1220, 12),
(8539, 1220, 17),
(8540, 1220, 19),
(8541, 1221, 23),
(8542, 1221, 2),
(8543, 1221, 13),
(8544, 1221, 8),
(8545, 1221, 12),
(8546, 1221, 17),
(8547, 1221, 20),
(8548, 1222, 23),
(8549, 1222, 2),
(8550, 1222, 13),
(8551, 1222, 8),
(8552, 1222, 12),
(8553, 1222, 16),
(8554, 1222, 18),
(8555, 1223, 23),
(8556, 1223, 2),
(8557, 1223, 13),
(8558, 1223, 8),
(8559, 1223, 12),
(8560, 1223, 16),
(8561, 1223, 19),
(8562, 1224, 23),
(8563, 1224, 2),
(8564, 1224, 13),
(8565, 1224, 8),
(8566, 1224, 12),
(8567, 1224, 16),
(8568, 1224, 20),
(8569, 1225, 23),
(8570, 1225, 2),
(8571, 1225, 13),
(8572, 1225, 9),
(8573, 1225, 10),
(8574, 1225, 17),
(8575, 1225, 18),
(8576, 1226, 23),
(8577, 1226, 2),
(8578, 1226, 13),
(8579, 1226, 9),
(8580, 1226, 10),
(8581, 1226, 17),
(8582, 1226, 19),
(8583, 1227, 23),
(8584, 1227, 2),
(8585, 1227, 13),
(8586, 1227, 9),
(8587, 1227, 10),
(8588, 1227, 17),
(8589, 1227, 20),
(8590, 1228, 23),
(8591, 1228, 2),
(8592, 1228, 13),
(8593, 1228, 9),
(8594, 1228, 10),
(8595, 1228, 16),
(8596, 1228, 18),
(8597, 1229, 23),
(8598, 1229, 2),
(8599, 1229, 13),
(8600, 1229, 9),
(8601, 1229, 10),
(8602, 1229, 16),
(8603, 1229, 19),
(8604, 1230, 23),
(8605, 1230, 2),
(8606, 1230, 13),
(8607, 1230, 9),
(8608, 1230, 10),
(8609, 1230, 16),
(8610, 1230, 20),
(8611, 1231, 23),
(8612, 1231, 2),
(8613, 1231, 13),
(8614, 1231, 9),
(8615, 1231, 11),
(8616, 1231, 17),
(8617, 1231, 18),
(8618, 1232, 23),
(8619, 1232, 2),
(8620, 1232, 13),
(8621, 1232, 9),
(8622, 1232, 11),
(8623, 1232, 17),
(8624, 1232, 19),
(8625, 1233, 23),
(8626, 1233, 2),
(8627, 1233, 13),
(8628, 1233, 9),
(8629, 1233, 11),
(8630, 1233, 17),
(8631, 1233, 20),
(8632, 1234, 23),
(8633, 1234, 2),
(8634, 1234, 13),
(8635, 1234, 9),
(8636, 1234, 11),
(8637, 1234, 16),
(8638, 1234, 18),
(8639, 1235, 23),
(8640, 1235, 2),
(8641, 1235, 13),
(8642, 1235, 9),
(8643, 1235, 11),
(8644, 1235, 16),
(8645, 1235, 19),
(8646, 1236, 23),
(8647, 1236, 2),
(8648, 1236, 13),
(8649, 1236, 9),
(8650, 1236, 11),
(8651, 1236, 16),
(8652, 1236, 20),
(8653, 1237, 23),
(8654, 1237, 2),
(8655, 1237, 13),
(8656, 1237, 9),
(8657, 1237, 12),
(8658, 1237, 17),
(8659, 1237, 18),
(8660, 1238, 23),
(8661, 1238, 2),
(8662, 1238, 13),
(8663, 1238, 9),
(8664, 1238, 12),
(8665, 1238, 17),
(8666, 1238, 19),
(8667, 1239, 23),
(8668, 1239, 2),
(8669, 1239, 13),
(8670, 1239, 9),
(8671, 1239, 12),
(8672, 1239, 17),
(8673, 1239, 20),
(8674, 1240, 23),
(8675, 1240, 2),
(8676, 1240, 13),
(8677, 1240, 9),
(8678, 1240, 12),
(8679, 1240, 16),
(8680, 1240, 18),
(8681, 1241, 23),
(8682, 1241, 2),
(8683, 1241, 13),
(8684, 1241, 9),
(8685, 1241, 12),
(8686, 1241, 16),
(8687, 1241, 19),
(8688, 1242, 23),
(8689, 1242, 2),
(8690, 1242, 13),
(8691, 1242, 9),
(8692, 1242, 12),
(8693, 1242, 16),
(8694, 1242, 20),
(8695, 1243, 23),
(8696, 1243, 2),
(8697, 1243, 15),
(8698, 1243, 7),
(8699, 1243, 10),
(8700, 1243, 17),
(8701, 1243, 18),
(8702, 1244, 23),
(8703, 1244, 2),
(8704, 1244, 15),
(8705, 1244, 7),
(8706, 1244, 10),
(8707, 1244, 17),
(8708, 1244, 19),
(8709, 1245, 23),
(8710, 1245, 2),
(8711, 1245, 15),
(8712, 1245, 7),
(8713, 1245, 10),
(8714, 1245, 17),
(8715, 1245, 20),
(8716, 1246, 23),
(8717, 1246, 2),
(8718, 1246, 15),
(8719, 1246, 7),
(8720, 1246, 10),
(8721, 1246, 16),
(8722, 1246, 18),
(8723, 1247, 23),
(8724, 1247, 2),
(8725, 1247, 15),
(8726, 1247, 7),
(8727, 1247, 10),
(8728, 1247, 16),
(8729, 1247, 19),
(8730, 1248, 23),
(8731, 1248, 2),
(8732, 1248, 15),
(8733, 1248, 7),
(8734, 1248, 10),
(8735, 1248, 16),
(8736, 1248, 20),
(8737, 1249, 23),
(8738, 1249, 2),
(8739, 1249, 15),
(8740, 1249, 7),
(8741, 1249, 11),
(8742, 1249, 17),
(8743, 1249, 18),
(8744, 1250, 23),
(8745, 1250, 2),
(8746, 1250, 15),
(8747, 1250, 7),
(8748, 1250, 11),
(8749, 1250, 17),
(8750, 1250, 19),
(8751, 1251, 23),
(8752, 1251, 2),
(8753, 1251, 15),
(8754, 1251, 7),
(8755, 1251, 11),
(8756, 1251, 17),
(8757, 1251, 20),
(8758, 1252, 23),
(8759, 1252, 2),
(8760, 1252, 15),
(8761, 1252, 7),
(8762, 1252, 11),
(8763, 1252, 16),
(8764, 1252, 18),
(8765, 1253, 23),
(8766, 1253, 2),
(8767, 1253, 15),
(8768, 1253, 7),
(8769, 1253, 11),
(8770, 1253, 16),
(8771, 1253, 19),
(8772, 1254, 23),
(8773, 1254, 2),
(8774, 1254, 15),
(8775, 1254, 7),
(8776, 1254, 11),
(8777, 1254, 16),
(8778, 1254, 20),
(8779, 1255, 23),
(8780, 1255, 2),
(8781, 1255, 15),
(8782, 1255, 7),
(8783, 1255, 12),
(8784, 1255, 17),
(8785, 1255, 18),
(8786, 1256, 23),
(8787, 1256, 2),
(8788, 1256, 15),
(8789, 1256, 7),
(8790, 1256, 12),
(8791, 1256, 17),
(8792, 1256, 19),
(8793, 1257, 23),
(8794, 1257, 2),
(8795, 1257, 15),
(8796, 1257, 7),
(8797, 1257, 12),
(8798, 1257, 17),
(8799, 1257, 20),
(8800, 1258, 23),
(8801, 1258, 2),
(8802, 1258, 15),
(8803, 1258, 7),
(8804, 1258, 12),
(8805, 1258, 16),
(8806, 1258, 18),
(8807, 1259, 23),
(8808, 1259, 2),
(8809, 1259, 15),
(8810, 1259, 7),
(8811, 1259, 12),
(8812, 1259, 16),
(8813, 1259, 19),
(8814, 1260, 23),
(8815, 1260, 2),
(8816, 1260, 15),
(8817, 1260, 7),
(8818, 1260, 12),
(8819, 1260, 16),
(8820, 1260, 20),
(8821, 1261, 23),
(8822, 1261, 2),
(8823, 1261, 15),
(8824, 1261, 8),
(8825, 1261, 10),
(8826, 1261, 17),
(8827, 1261, 18),
(8828, 1262, 23),
(8829, 1262, 2),
(8830, 1262, 15),
(8831, 1262, 8),
(8832, 1262, 10),
(8833, 1262, 17),
(8834, 1262, 19),
(8835, 1263, 23),
(8836, 1263, 2),
(8837, 1263, 15),
(8838, 1263, 8),
(8839, 1263, 10),
(8840, 1263, 17),
(8841, 1263, 20),
(8842, 1264, 23),
(8843, 1264, 2),
(8844, 1264, 15),
(8845, 1264, 8),
(8846, 1264, 10),
(8847, 1264, 16),
(8848, 1264, 18),
(8849, 1265, 23),
(8850, 1265, 2),
(8851, 1265, 15),
(8852, 1265, 8),
(8853, 1265, 10),
(8854, 1265, 16),
(8855, 1265, 19),
(8856, 1266, 23),
(8857, 1266, 2),
(8858, 1266, 15),
(8859, 1266, 8),
(8860, 1266, 10),
(8861, 1266, 16),
(8862, 1266, 20),
(8863, 1267, 23),
(8864, 1267, 2),
(8865, 1267, 15),
(8866, 1267, 8),
(8867, 1267, 11),
(8868, 1267, 17),
(8869, 1267, 18),
(8870, 1268, 23),
(8871, 1268, 2),
(8872, 1268, 15),
(8873, 1268, 8),
(8874, 1268, 11),
(8875, 1268, 17),
(8876, 1268, 19),
(8877, 1269, 23),
(8878, 1269, 2),
(8879, 1269, 15),
(8880, 1269, 8),
(8881, 1269, 11),
(8882, 1269, 17),
(8883, 1269, 20),
(8884, 1270, 23),
(8885, 1270, 2),
(8886, 1270, 15),
(8887, 1270, 8),
(8888, 1270, 11),
(8889, 1270, 16),
(8890, 1270, 18),
(8891, 1271, 23),
(8892, 1271, 2),
(8893, 1271, 15),
(8894, 1271, 8),
(8895, 1271, 11),
(8896, 1271, 16),
(8897, 1271, 19),
(8898, 1272, 23),
(8899, 1272, 2),
(8900, 1272, 15),
(8901, 1272, 8),
(8902, 1272, 11),
(8903, 1272, 16),
(8904, 1272, 20),
(8905, 1273, 23),
(8906, 1273, 2),
(8907, 1273, 15),
(8908, 1273, 8),
(8909, 1273, 12),
(8910, 1273, 17),
(8911, 1273, 18),
(8912, 1274, 23),
(8913, 1274, 2),
(8914, 1274, 15),
(8915, 1274, 8),
(8916, 1274, 12),
(8917, 1274, 17),
(8918, 1274, 19),
(8919, 1275, 23),
(8920, 1275, 2),
(8921, 1275, 15),
(8922, 1275, 8),
(8923, 1275, 12),
(8924, 1275, 17),
(8925, 1275, 20),
(8926, 1276, 23),
(8927, 1276, 2),
(8928, 1276, 15),
(8929, 1276, 8),
(8930, 1276, 12),
(8931, 1276, 16),
(8932, 1276, 18),
(8933, 1277, 23),
(8934, 1277, 2),
(8935, 1277, 15),
(8936, 1277, 8),
(8937, 1277, 12),
(8938, 1277, 16),
(8939, 1277, 19),
(8940, 1278, 23),
(8941, 1278, 2),
(8942, 1278, 15),
(8943, 1278, 8),
(8944, 1278, 12),
(8945, 1278, 16),
(8946, 1278, 20),
(8947, 1279, 23),
(8948, 1279, 2),
(8949, 1279, 15),
(8950, 1279, 9),
(8951, 1279, 10),
(8952, 1279, 17),
(8953, 1279, 18),
(8954, 1280, 23),
(8955, 1280, 2),
(8956, 1280, 15),
(8957, 1280, 9),
(8958, 1280, 10),
(8959, 1280, 17),
(8960, 1280, 19),
(8961, 1281, 23),
(8962, 1281, 2),
(8963, 1281, 15),
(8964, 1281, 9),
(8965, 1281, 10),
(8966, 1281, 17),
(8967, 1281, 20),
(8968, 1282, 23),
(8969, 1282, 2),
(8970, 1282, 15),
(8971, 1282, 9),
(8972, 1282, 10),
(8973, 1282, 16),
(8974, 1282, 18),
(8975, 1283, 23),
(8976, 1283, 2),
(8977, 1283, 15),
(8978, 1283, 9),
(8979, 1283, 10),
(8980, 1283, 16),
(8981, 1283, 19),
(8982, 1284, 23),
(8983, 1284, 2),
(8984, 1284, 15),
(8985, 1284, 9),
(8986, 1284, 10),
(8987, 1284, 16),
(8988, 1284, 20),
(8989, 1285, 23),
(8990, 1285, 2),
(8991, 1285, 15),
(8992, 1285, 9),
(8993, 1285, 11),
(8994, 1285, 17),
(8995, 1285, 18),
(8996, 1286, 23),
(8997, 1286, 2),
(8998, 1286, 15),
(8999, 1286, 9),
(9000, 1286, 11),
(9001, 1286, 17),
(9002, 1286, 19),
(9003, 1287, 23),
(9004, 1287, 2),
(9005, 1287, 15),
(9006, 1287, 9),
(9007, 1287, 11),
(9008, 1287, 17),
(9009, 1287, 20),
(9010, 1288, 23),
(9011, 1288, 2),
(9012, 1288, 15),
(9013, 1288, 9),
(9014, 1288, 11),
(9015, 1288, 16),
(9016, 1288, 18),
(9017, 1289, 23),
(9018, 1289, 2),
(9019, 1289, 15),
(9020, 1289, 9),
(9021, 1289, 11),
(9022, 1289, 16),
(9023, 1289, 19),
(9024, 1290, 23),
(9025, 1290, 2),
(9026, 1290, 15),
(9027, 1290, 9),
(9028, 1290, 11),
(9029, 1290, 16),
(9030, 1290, 20),
(9031, 1291, 23),
(9032, 1291, 2),
(9033, 1291, 15),
(9034, 1291, 9),
(9035, 1291, 12),
(9036, 1291, 17),
(9037, 1291, 18),
(9038, 1292, 23),
(9039, 1292, 2),
(9040, 1292, 15),
(9041, 1292, 9),
(9042, 1292, 12),
(9043, 1292, 17),
(9044, 1292, 19),
(9045, 1293, 23),
(9046, 1293, 2),
(9047, 1293, 15),
(9048, 1293, 9),
(9049, 1293, 12),
(9050, 1293, 17),
(9051, 1293, 20),
(9052, 1294, 23),
(9053, 1294, 2),
(9054, 1294, 15),
(9055, 1294, 9),
(9056, 1294, 12),
(9057, 1294, 16),
(9058, 1294, 18),
(9059, 1295, 23),
(9060, 1295, 2),
(9061, 1295, 15),
(9062, 1295, 9),
(9063, 1295, 12),
(9064, 1295, 16),
(9065, 1295, 19),
(9066, 1296, 23),
(9067, 1296, 2),
(9068, 1296, 15),
(9069, 1296, 9),
(9070, 1296, 12),
(9071, 1296, 16),
(9072, 1296, 20),
(9073, 1297, 23),
(9074, 1297, 3),
(9075, 1297, 14),
(9076, 1297, 7),
(9077, 1297, 10),
(9078, 1297, 17),
(9079, 1297, 18),
(9080, 1298, 23),
(9081, 1298, 3),
(9082, 1298, 14),
(9083, 1298, 7),
(9084, 1298, 10),
(9085, 1298, 17),
(9086, 1298, 19),
(9087, 1299, 23),
(9088, 1299, 3),
(9089, 1299, 14),
(9090, 1299, 7),
(9091, 1299, 10),
(9092, 1299, 17),
(9093, 1299, 20),
(9094, 1300, 23),
(9095, 1300, 3),
(9096, 1300, 14),
(9097, 1300, 7),
(9098, 1300, 10),
(9099, 1300, 16),
(9100, 1300, 18),
(9101, 1301, 23),
(9102, 1301, 3),
(9103, 1301, 14),
(9104, 1301, 7),
(9105, 1301, 10),
(9106, 1301, 16),
(9107, 1301, 19),
(9108, 1302, 23),
(9109, 1302, 3),
(9110, 1302, 14),
(9111, 1302, 7),
(9112, 1302, 10),
(9113, 1302, 16),
(9114, 1302, 20),
(9115, 1303, 23),
(9116, 1303, 3),
(9117, 1303, 14),
(9118, 1303, 7),
(9119, 1303, 11),
(9120, 1303, 17),
(9121, 1303, 18),
(9122, 1304, 23),
(9123, 1304, 3),
(9124, 1304, 14),
(9125, 1304, 7),
(9126, 1304, 11),
(9127, 1304, 17),
(9128, 1304, 19),
(9129, 1305, 23),
(9130, 1305, 3),
(9131, 1305, 14),
(9132, 1305, 7),
(9133, 1305, 11),
(9134, 1305, 17),
(9135, 1305, 20),
(9136, 1306, 23),
(9137, 1306, 3),
(9138, 1306, 14),
(9139, 1306, 7),
(9140, 1306, 11),
(9141, 1306, 16),
(9142, 1306, 18),
(9143, 1307, 23),
(9144, 1307, 3),
(9145, 1307, 14),
(9146, 1307, 7),
(9147, 1307, 11),
(9148, 1307, 16),
(9149, 1307, 19),
(9150, 1308, 23),
(9151, 1308, 3),
(9152, 1308, 14),
(9153, 1308, 7),
(9154, 1308, 11),
(9155, 1308, 16),
(9156, 1308, 20),
(9157, 1309, 23),
(9158, 1309, 3),
(9159, 1309, 14),
(9160, 1309, 7),
(9161, 1309, 12),
(9162, 1309, 17),
(9163, 1309, 18),
(9164, 1310, 23),
(9165, 1310, 3),
(9166, 1310, 14),
(9167, 1310, 7),
(9168, 1310, 12),
(9169, 1310, 17),
(9170, 1310, 19),
(9171, 1311, 23),
(9172, 1311, 3),
(9173, 1311, 14),
(9174, 1311, 7),
(9175, 1311, 12),
(9176, 1311, 17),
(9177, 1311, 20),
(9178, 1312, 23),
(9179, 1312, 3),
(9180, 1312, 14),
(9181, 1312, 7),
(9182, 1312, 12),
(9183, 1312, 16),
(9184, 1312, 18),
(9185, 1313, 23),
(9186, 1313, 3),
(9187, 1313, 14),
(9188, 1313, 7),
(9189, 1313, 12),
(9190, 1313, 16),
(9191, 1313, 19),
(9192, 1314, 23),
(9193, 1314, 3),
(9194, 1314, 14),
(9195, 1314, 7),
(9196, 1314, 12),
(9197, 1314, 16),
(9198, 1314, 20),
(9199, 1315, 23),
(9200, 1315, 3),
(9201, 1315, 14),
(9202, 1315, 8),
(9203, 1315, 10),
(9204, 1315, 17),
(9205, 1315, 18),
(9206, 1316, 23),
(9207, 1316, 3),
(9208, 1316, 14),
(9209, 1316, 8),
(9210, 1316, 10),
(9211, 1316, 17),
(9212, 1316, 19),
(9213, 1317, 23),
(9214, 1317, 3),
(9215, 1317, 14),
(9216, 1317, 8),
(9217, 1317, 10),
(9218, 1317, 17),
(9219, 1317, 20),
(9220, 1318, 23),
(9221, 1318, 3),
(9222, 1318, 14),
(9223, 1318, 8),
(9224, 1318, 10),
(9225, 1318, 16),
(9226, 1318, 18),
(9227, 1319, 23),
(9228, 1319, 3),
(9229, 1319, 14),
(9230, 1319, 8),
(9231, 1319, 10),
(9232, 1319, 16),
(9233, 1319, 19),
(9234, 1320, 23),
(9235, 1320, 3),
(9236, 1320, 14),
(9237, 1320, 8),
(9238, 1320, 10),
(9239, 1320, 16),
(9240, 1320, 20),
(9241, 1321, 23),
(9242, 1321, 3),
(9243, 1321, 14),
(9244, 1321, 8),
(9245, 1321, 11),
(9246, 1321, 17),
(9247, 1321, 18),
(9248, 1322, 23),
(9249, 1322, 3),
(9250, 1322, 14),
(9251, 1322, 8),
(9252, 1322, 11),
(9253, 1322, 17),
(9254, 1322, 19),
(9255, 1323, 23),
(9256, 1323, 3),
(9257, 1323, 14),
(9258, 1323, 8),
(9259, 1323, 11),
(9260, 1323, 17),
(9261, 1323, 20),
(9262, 1324, 23),
(9263, 1324, 3),
(9264, 1324, 14),
(9265, 1324, 8),
(9266, 1324, 11),
(9267, 1324, 16),
(9268, 1324, 18),
(9269, 1325, 23),
(9270, 1325, 3),
(9271, 1325, 14),
(9272, 1325, 8),
(9273, 1325, 11),
(9274, 1325, 16),
(9275, 1325, 19),
(9276, 1326, 23),
(9277, 1326, 3),
(9278, 1326, 14),
(9279, 1326, 8),
(9280, 1326, 11),
(9281, 1326, 16),
(9282, 1326, 20),
(9283, 1327, 23),
(9284, 1327, 3),
(9285, 1327, 14),
(9286, 1327, 8),
(9287, 1327, 12),
(9288, 1327, 17),
(9289, 1327, 18),
(9290, 1328, 23),
(9291, 1328, 3),
(9292, 1328, 14),
(9293, 1328, 8),
(9294, 1328, 12),
(9295, 1328, 17),
(9296, 1328, 19),
(9297, 1329, 23),
(9298, 1329, 3),
(9299, 1329, 14),
(9300, 1329, 8),
(9301, 1329, 12),
(9302, 1329, 17),
(9303, 1329, 20),
(9304, 1330, 23),
(9305, 1330, 3),
(9306, 1330, 14),
(9307, 1330, 8),
(9308, 1330, 12),
(9309, 1330, 16),
(9310, 1330, 18),
(9311, 1331, 23),
(9312, 1331, 3),
(9313, 1331, 14),
(9314, 1331, 8),
(9315, 1331, 12),
(9316, 1331, 16),
(9317, 1331, 19),
(9318, 1332, 23),
(9319, 1332, 3),
(9320, 1332, 14),
(9321, 1332, 8),
(9322, 1332, 12),
(9323, 1332, 16),
(9324, 1332, 20),
(9325, 1333, 23),
(9326, 1333, 3),
(9327, 1333, 14),
(9328, 1333, 9),
(9329, 1333, 10),
(9330, 1333, 17),
(9331, 1333, 18),
(9332, 1334, 23),
(9333, 1334, 3),
(9334, 1334, 14),
(9335, 1334, 9),
(9336, 1334, 10),
(9337, 1334, 17),
(9338, 1334, 19),
(9339, 1335, 23),
(9340, 1335, 3),
(9341, 1335, 14),
(9342, 1335, 9),
(9343, 1335, 10),
(9344, 1335, 17),
(9345, 1335, 20),
(9346, 1336, 23),
(9347, 1336, 3),
(9348, 1336, 14),
(9349, 1336, 9),
(9350, 1336, 10),
(9351, 1336, 16),
(9352, 1336, 18),
(9353, 1337, 23),
(9354, 1337, 3),
(9355, 1337, 14),
(9356, 1337, 9),
(9357, 1337, 10),
(9358, 1337, 16),
(9359, 1337, 19),
(9360, 1338, 23),
(9361, 1338, 3),
(9362, 1338, 14),
(9363, 1338, 9),
(9364, 1338, 10),
(9365, 1338, 16),
(9366, 1338, 20),
(9367, 1339, 23),
(9368, 1339, 3),
(9369, 1339, 14),
(9370, 1339, 9),
(9371, 1339, 11),
(9372, 1339, 17),
(9373, 1339, 18),
(9374, 1340, 23),
(9375, 1340, 3),
(9376, 1340, 14),
(9377, 1340, 9),
(9378, 1340, 11),
(9379, 1340, 17),
(9380, 1340, 19),
(9381, 1341, 23),
(9382, 1341, 3),
(9383, 1341, 14),
(9384, 1341, 9),
(9385, 1341, 11),
(9386, 1341, 17),
(9387, 1341, 20),
(9388, 1342, 23),
(9389, 1342, 3),
(9390, 1342, 14),
(9391, 1342, 9),
(9392, 1342, 11),
(9393, 1342, 16),
(9394, 1342, 18),
(9395, 1343, 23),
(9396, 1343, 3),
(9397, 1343, 14),
(9398, 1343, 9),
(9399, 1343, 11),
(9400, 1343, 16),
(9401, 1343, 19),
(9402, 1344, 23),
(9403, 1344, 3),
(9404, 1344, 14),
(9405, 1344, 9),
(9406, 1344, 11),
(9407, 1344, 16),
(9408, 1344, 20),
(9409, 1345, 23),
(9410, 1345, 3),
(9411, 1345, 14),
(9412, 1345, 9),
(9413, 1345, 12),
(9414, 1345, 17),
(9415, 1345, 18),
(9416, 1346, 23),
(9417, 1346, 3),
(9418, 1346, 14),
(9419, 1346, 9),
(9420, 1346, 12),
(9421, 1346, 17),
(9422, 1346, 19),
(9423, 1347, 23),
(9424, 1347, 3),
(9425, 1347, 14),
(9426, 1347, 9),
(9427, 1347, 12),
(9428, 1347, 17),
(9429, 1347, 20),
(9430, 1348, 23),
(9431, 1348, 3),
(9432, 1348, 14),
(9433, 1348, 9),
(9434, 1348, 12),
(9435, 1348, 16),
(9436, 1348, 18),
(9437, 1349, 23),
(9438, 1349, 3),
(9439, 1349, 14),
(9440, 1349, 9),
(9441, 1349, 12),
(9442, 1349, 16),
(9443, 1349, 19),
(9444, 1350, 23),
(9445, 1350, 3),
(9446, 1350, 14),
(9447, 1350, 9),
(9448, 1350, 12),
(9449, 1350, 16),
(9450, 1350, 20),
(9451, 1351, 23),
(9452, 1351, 3),
(9453, 1351, 13),
(9454, 1351, 7),
(9455, 1351, 10),
(9456, 1351, 17),
(9457, 1351, 18),
(9458, 1352, 23),
(9459, 1352, 3),
(9460, 1352, 13),
(9461, 1352, 7),
(9462, 1352, 10),
(9463, 1352, 17),
(9464, 1352, 19),
(9465, 1353, 23),
(9466, 1353, 3),
(9467, 1353, 13),
(9468, 1353, 7),
(9469, 1353, 10),
(9470, 1353, 17),
(9471, 1353, 20),
(9472, 1354, 23),
(9473, 1354, 3),
(9474, 1354, 13),
(9475, 1354, 7),
(9476, 1354, 10),
(9477, 1354, 16),
(9478, 1354, 18),
(9479, 1355, 23),
(9480, 1355, 3),
(9481, 1355, 13),
(9482, 1355, 7),
(9483, 1355, 10),
(9484, 1355, 16),
(9485, 1355, 19),
(9486, 1356, 23),
(9487, 1356, 3),
(9488, 1356, 13),
(9489, 1356, 7),
(9490, 1356, 10),
(9491, 1356, 16),
(9492, 1356, 20),
(9493, 1357, 23),
(9494, 1357, 3),
(9495, 1357, 13),
(9496, 1357, 7),
(9497, 1357, 11),
(9498, 1357, 17),
(9499, 1357, 18),
(9500, 1358, 23),
(9501, 1358, 3),
(9502, 1358, 13),
(9503, 1358, 7),
(9504, 1358, 11),
(9505, 1358, 17),
(9506, 1358, 19),
(9507, 1359, 23),
(9508, 1359, 3),
(9509, 1359, 13),
(9510, 1359, 7),
(9511, 1359, 11),
(9512, 1359, 17),
(9513, 1359, 20),
(9514, 1360, 23),
(9515, 1360, 3),
(9516, 1360, 13),
(9517, 1360, 7),
(9518, 1360, 11),
(9519, 1360, 16),
(9520, 1360, 18),
(9521, 1361, 23),
(9522, 1361, 3),
(9523, 1361, 13),
(9524, 1361, 7),
(9525, 1361, 11),
(9526, 1361, 16),
(9527, 1361, 19),
(9528, 1362, 23),
(9529, 1362, 3),
(9530, 1362, 13),
(9531, 1362, 7),
(9532, 1362, 11),
(9533, 1362, 16),
(9534, 1362, 20),
(9535, 1363, 23),
(9536, 1363, 3),
(9537, 1363, 13),
(9538, 1363, 7),
(9539, 1363, 12),
(9540, 1363, 17),
(9541, 1363, 18),
(9542, 1364, 23),
(9543, 1364, 3),
(9544, 1364, 13),
(9545, 1364, 7),
(9546, 1364, 12),
(9547, 1364, 17),
(9548, 1364, 19),
(9549, 1365, 23),
(9550, 1365, 3),
(9551, 1365, 13),
(9552, 1365, 7),
(9553, 1365, 12),
(9554, 1365, 17),
(9555, 1365, 20),
(9556, 1366, 23),
(9557, 1366, 3),
(9558, 1366, 13),
(9559, 1366, 7),
(9560, 1366, 12),
(9561, 1366, 16),
(9562, 1366, 18),
(9563, 1367, 23),
(9564, 1367, 3),
(9565, 1367, 13),
(9566, 1367, 7),
(9567, 1367, 12),
(9568, 1367, 16),
(9569, 1367, 19),
(9570, 1368, 23),
(9571, 1368, 3),
(9572, 1368, 13),
(9573, 1368, 7),
(9574, 1368, 12),
(9575, 1368, 16),
(9576, 1368, 20),
(9577, 1369, 23),
(9578, 1369, 3),
(9579, 1369, 13),
(9580, 1369, 8),
(9581, 1369, 10),
(9582, 1369, 17),
(9583, 1369, 18),
(9584, 1370, 23),
(9585, 1370, 3),
(9586, 1370, 13),
(9587, 1370, 8),
(9588, 1370, 10),
(9589, 1370, 17),
(9590, 1370, 19),
(9591, 1371, 23),
(9592, 1371, 3),
(9593, 1371, 13),
(9594, 1371, 8),
(9595, 1371, 10),
(9596, 1371, 17),
(9597, 1371, 20),
(9598, 1372, 23),
(9599, 1372, 3),
(9600, 1372, 13),
(9601, 1372, 8),
(9602, 1372, 10),
(9603, 1372, 16),
(9604, 1372, 18),
(9605, 1373, 23),
(9606, 1373, 3),
(9607, 1373, 13),
(9608, 1373, 8),
(9609, 1373, 10),
(9610, 1373, 16),
(9611, 1373, 19),
(9612, 1374, 23),
(9613, 1374, 3),
(9614, 1374, 13),
(9615, 1374, 8),
(9616, 1374, 10),
(9617, 1374, 16),
(9618, 1374, 20),
(9619, 1375, 23),
(9620, 1375, 3),
(9621, 1375, 13),
(9622, 1375, 8),
(9623, 1375, 11),
(9624, 1375, 17),
(9625, 1375, 18),
(9626, 1376, 23),
(9627, 1376, 3),
(9628, 1376, 13),
(9629, 1376, 8),
(9630, 1376, 11),
(9631, 1376, 17),
(9632, 1376, 19),
(9633, 1377, 23),
(9634, 1377, 3),
(9635, 1377, 13),
(9636, 1377, 8),
(9637, 1377, 11),
(9638, 1377, 17),
(9639, 1377, 20),
(9640, 1378, 23),
(9641, 1378, 3),
(9642, 1378, 13),
(9643, 1378, 8),
(9644, 1378, 11),
(9645, 1378, 16),
(9646, 1378, 18),
(9647, 1379, 23),
(9648, 1379, 3),
(9649, 1379, 13),
(9650, 1379, 8),
(9651, 1379, 11),
(9652, 1379, 16),
(9653, 1379, 19),
(9654, 1380, 23),
(9655, 1380, 3),
(9656, 1380, 13),
(9657, 1380, 8),
(9658, 1380, 11),
(9659, 1380, 16),
(9660, 1380, 20),
(9661, 1381, 23),
(9662, 1381, 3),
(9663, 1381, 13),
(9664, 1381, 8),
(9665, 1381, 12),
(9666, 1381, 17),
(9667, 1381, 18),
(9668, 1382, 23),
(9669, 1382, 3),
(9670, 1382, 13),
(9671, 1382, 8),
(9672, 1382, 12),
(9673, 1382, 17),
(9674, 1382, 19),
(9675, 1383, 23),
(9676, 1383, 3),
(9677, 1383, 13),
(9678, 1383, 8),
(9679, 1383, 12),
(9680, 1383, 17),
(9681, 1383, 20),
(9682, 1384, 23),
(9683, 1384, 3),
(9684, 1384, 13),
(9685, 1384, 8),
(9686, 1384, 12),
(9687, 1384, 16),
(9688, 1384, 18),
(9689, 1385, 23),
(9690, 1385, 3),
(9691, 1385, 13),
(9692, 1385, 8),
(9693, 1385, 12),
(9694, 1385, 16),
(9695, 1385, 19),
(9696, 1386, 23),
(9697, 1386, 3),
(9698, 1386, 13),
(9699, 1386, 8),
(9700, 1386, 12),
(9701, 1386, 16),
(9702, 1386, 20),
(9703, 1387, 23),
(9704, 1387, 3),
(9705, 1387, 13),
(9706, 1387, 9),
(9707, 1387, 10),
(9708, 1387, 17),
(9709, 1387, 18),
(9710, 1388, 23),
(9711, 1388, 3),
(9712, 1388, 13),
(9713, 1388, 9),
(9714, 1388, 10),
(9715, 1388, 17),
(9716, 1388, 19),
(9717, 1389, 23),
(9718, 1389, 3),
(9719, 1389, 13),
(9720, 1389, 9),
(9721, 1389, 10),
(9722, 1389, 17),
(9723, 1389, 20),
(9724, 1390, 23),
(9725, 1390, 3),
(9726, 1390, 13),
(9727, 1390, 9),
(9728, 1390, 10),
(9729, 1390, 16),
(9730, 1390, 18),
(9731, 1391, 23),
(9732, 1391, 3),
(9733, 1391, 13),
(9734, 1391, 9),
(9735, 1391, 10),
(9736, 1391, 16),
(9737, 1391, 19),
(9738, 1392, 23),
(9739, 1392, 3),
(9740, 1392, 13),
(9741, 1392, 9),
(9742, 1392, 10),
(9743, 1392, 16),
(9744, 1392, 20),
(9745, 1393, 23),
(9746, 1393, 3),
(9747, 1393, 13),
(9748, 1393, 9),
(9749, 1393, 11),
(9750, 1393, 17),
(9751, 1393, 18),
(9752, 1394, 23),
(9753, 1394, 3),
(9754, 1394, 13),
(9755, 1394, 9),
(9756, 1394, 11),
(9757, 1394, 17),
(9758, 1394, 19),
(9759, 1395, 23),
(9760, 1395, 3),
(9761, 1395, 13),
(9762, 1395, 9),
(9763, 1395, 11),
(9764, 1395, 17),
(9765, 1395, 20),
(9766, 1396, 23),
(9767, 1396, 3),
(9768, 1396, 13),
(9769, 1396, 9),
(9770, 1396, 11),
(9771, 1396, 16),
(9772, 1396, 18),
(9773, 1397, 23),
(9774, 1397, 3),
(9775, 1397, 13),
(9776, 1397, 9),
(9777, 1397, 11),
(9778, 1397, 16),
(9779, 1397, 19),
(9780, 1398, 23),
(9781, 1398, 3),
(9782, 1398, 13),
(9783, 1398, 9),
(9784, 1398, 11),
(9785, 1398, 16),
(9786, 1398, 20),
(9787, 1399, 23),
(9788, 1399, 3),
(9789, 1399, 13),
(9790, 1399, 9),
(9791, 1399, 12),
(9792, 1399, 17),
(9793, 1399, 18),
(9794, 1400, 23),
(9795, 1400, 3),
(9796, 1400, 13),
(9797, 1400, 9),
(9798, 1400, 12),
(9799, 1400, 17),
(9800, 1400, 19),
(9801, 1401, 23),
(9802, 1401, 3),
(9803, 1401, 13),
(9804, 1401, 9),
(9805, 1401, 12),
(9806, 1401, 17),
(9807, 1401, 20),
(9808, 1402, 23),
(9809, 1402, 3),
(9810, 1402, 13),
(9811, 1402, 9),
(9812, 1402, 12),
(9813, 1402, 16),
(9814, 1402, 18),
(9815, 1403, 23),
(9816, 1403, 3),
(9817, 1403, 13),
(9818, 1403, 9),
(9819, 1403, 12),
(9820, 1403, 16),
(9821, 1403, 19),
(9822, 1404, 23),
(9823, 1404, 3),
(9824, 1404, 13),
(9825, 1404, 9),
(9826, 1404, 12),
(9827, 1404, 16),
(9828, 1404, 20),
(9829, 1405, 23),
(9830, 1405, 3),
(9831, 1405, 15),
(9832, 1405, 7),
(9833, 1405, 10),
(9834, 1405, 17),
(9835, 1405, 18),
(9836, 1406, 23),
(9837, 1406, 3),
(9838, 1406, 15),
(9839, 1406, 7),
(9840, 1406, 10),
(9841, 1406, 17),
(9842, 1406, 19),
(9843, 1407, 23),
(9844, 1407, 3),
(9845, 1407, 15),
(9846, 1407, 7),
(9847, 1407, 10),
(9848, 1407, 17),
(9849, 1407, 20),
(9850, 1408, 23),
(9851, 1408, 3),
(9852, 1408, 15),
(9853, 1408, 7),
(9854, 1408, 10),
(9855, 1408, 16),
(9856, 1408, 18),
(9857, 1409, 23),
(9858, 1409, 3),
(9859, 1409, 15),
(9860, 1409, 7),
(9861, 1409, 10),
(9862, 1409, 16),
(9863, 1409, 19),
(9864, 1410, 23),
(9865, 1410, 3),
(9866, 1410, 15),
(9867, 1410, 7),
(9868, 1410, 10),
(9869, 1410, 16),
(9870, 1410, 20),
(9871, 1411, 23),
(9872, 1411, 3),
(9873, 1411, 15),
(9874, 1411, 7),
(9875, 1411, 11),
(9876, 1411, 17),
(9877, 1411, 18),
(9878, 1412, 23),
(9879, 1412, 3),
(9880, 1412, 15),
(9881, 1412, 7),
(9882, 1412, 11),
(9883, 1412, 17),
(9884, 1412, 19),
(9885, 1413, 23),
(9886, 1413, 3),
(9887, 1413, 15),
(9888, 1413, 7),
(9889, 1413, 11),
(9890, 1413, 17),
(9891, 1413, 20),
(9892, 1414, 23),
(9893, 1414, 3),
(9894, 1414, 15),
(9895, 1414, 7),
(9896, 1414, 11),
(9897, 1414, 16),
(9898, 1414, 18),
(9899, 1415, 23),
(9900, 1415, 3),
(9901, 1415, 15),
(9902, 1415, 7),
(9903, 1415, 11),
(9904, 1415, 16),
(9905, 1415, 19),
(9906, 1416, 23),
(9907, 1416, 3),
(9908, 1416, 15),
(9909, 1416, 7),
(9910, 1416, 11),
(9911, 1416, 16),
(9912, 1416, 20),
(9913, 1417, 23),
(9914, 1417, 3),
(9915, 1417, 15),
(9916, 1417, 7),
(9917, 1417, 12),
(9918, 1417, 17),
(9919, 1417, 18),
(9920, 1418, 23),
(9921, 1418, 3),
(9922, 1418, 15),
(9923, 1418, 7),
(9924, 1418, 12),
(9925, 1418, 17),
(9926, 1418, 19),
(9927, 1419, 23),
(9928, 1419, 3),
(9929, 1419, 15),
(9930, 1419, 7),
(9931, 1419, 12),
(9932, 1419, 17),
(9933, 1419, 20),
(9934, 1420, 23),
(9935, 1420, 3),
(9936, 1420, 15),
(9937, 1420, 7),
(9938, 1420, 12),
(9939, 1420, 16),
(9940, 1420, 18),
(9941, 1421, 23),
(9942, 1421, 3),
(9943, 1421, 15),
(9944, 1421, 7),
(9945, 1421, 12),
(9946, 1421, 16),
(9947, 1421, 19),
(9948, 1422, 23),
(9949, 1422, 3),
(9950, 1422, 15),
(9951, 1422, 7),
(9952, 1422, 12),
(9953, 1422, 16),
(9954, 1422, 20),
(9955, 1423, 23),
(9956, 1423, 3),
(9957, 1423, 15),
(9958, 1423, 8),
(9959, 1423, 10),
(9960, 1423, 17),
(9961, 1423, 18),
(9962, 1424, 23),
(9963, 1424, 3),
(9964, 1424, 15),
(9965, 1424, 8),
(9966, 1424, 10),
(9967, 1424, 17),
(9968, 1424, 19),
(9969, 1425, 23),
(9970, 1425, 3),
(9971, 1425, 15),
(9972, 1425, 8),
(9973, 1425, 10),
(9974, 1425, 17),
(9975, 1425, 20),
(9976, 1426, 23),
(9977, 1426, 3),
(9978, 1426, 15),
(9979, 1426, 8),
(9980, 1426, 10),
(9981, 1426, 16),
(9982, 1426, 18),
(9983, 1427, 23),
(9984, 1427, 3),
(9985, 1427, 15),
(9986, 1427, 8),
(9987, 1427, 10),
(9988, 1427, 16),
(9989, 1427, 19),
(9990, 1428, 23),
(9991, 1428, 3),
(9992, 1428, 15),
(9993, 1428, 8),
(9994, 1428, 10),
(9995, 1428, 16),
(9996, 1428, 20),
(9997, 1429, 23),
(9998, 1429, 3),
(9999, 1429, 15),
(10000, 1429, 8),
(10001, 1429, 11),
(10002, 1429, 17),
(10003, 1429, 18),
(10004, 1430, 23),
(10005, 1430, 3),
(10006, 1430, 15),
(10007, 1430, 8),
(10008, 1430, 11),
(10009, 1430, 17),
(10010, 1430, 19),
(10011, 1431, 23),
(10012, 1431, 3),
(10013, 1431, 15),
(10014, 1431, 8),
(10015, 1431, 11),
(10016, 1431, 17),
(10017, 1431, 20),
(10018, 1432, 23),
(10019, 1432, 3),
(10020, 1432, 15),
(10021, 1432, 8),
(10022, 1432, 11),
(10023, 1432, 16),
(10024, 1432, 18),
(10025, 1433, 23),
(10026, 1433, 3),
(10027, 1433, 15),
(10028, 1433, 8),
(10029, 1433, 11),
(10030, 1433, 16),
(10031, 1433, 19),
(10032, 1434, 23),
(10033, 1434, 3),
(10034, 1434, 15),
(10035, 1434, 8),
(10036, 1434, 11),
(10037, 1434, 16),
(10038, 1434, 20),
(10039, 1435, 23),
(10040, 1435, 3),
(10041, 1435, 15),
(10042, 1435, 8),
(10043, 1435, 12),
(10044, 1435, 17),
(10045, 1435, 18),
(10046, 1436, 23),
(10047, 1436, 3),
(10048, 1436, 15),
(10049, 1436, 8),
(10050, 1436, 12),
(10051, 1436, 17),
(10052, 1436, 19),
(10053, 1437, 23),
(10054, 1437, 3),
(10055, 1437, 15),
(10056, 1437, 8),
(10057, 1437, 12),
(10058, 1437, 17),
(10059, 1437, 20),
(10060, 1438, 23),
(10061, 1438, 3),
(10062, 1438, 15),
(10063, 1438, 8),
(10064, 1438, 12),
(10065, 1438, 16),
(10066, 1438, 18),
(10067, 1439, 23),
(10068, 1439, 3),
(10069, 1439, 15),
(10070, 1439, 8),
(10071, 1439, 12),
(10072, 1439, 16),
(10073, 1439, 19),
(10074, 1440, 23),
(10075, 1440, 3),
(10076, 1440, 15),
(10077, 1440, 8),
(10078, 1440, 12),
(10079, 1440, 16),
(10080, 1440, 20),
(10081, 1441, 23),
(10082, 1441, 3),
(10083, 1441, 15),
(10084, 1441, 9);
INSERT INTO `tb_detail_aturan` (`id_detail_aturan`, `id_aturan`, `id_kategori_gejala`) VALUES
(10085, 1441, 10),
(10086, 1441, 17),
(10087, 1441, 18),
(10088, 1442, 23),
(10089, 1442, 3),
(10090, 1442, 15),
(10091, 1442, 9),
(10092, 1442, 10),
(10093, 1442, 17),
(10094, 1442, 19),
(10095, 1443, 23),
(10096, 1443, 3),
(10097, 1443, 15),
(10098, 1443, 9),
(10099, 1443, 10),
(10100, 1443, 17),
(10101, 1443, 20),
(10102, 1444, 23),
(10103, 1444, 3),
(10104, 1444, 15),
(10105, 1444, 9),
(10106, 1444, 10),
(10107, 1444, 16),
(10108, 1444, 18),
(10109, 1445, 23),
(10110, 1445, 3),
(10111, 1445, 15),
(10112, 1445, 9),
(10113, 1445, 10),
(10114, 1445, 16),
(10115, 1445, 19),
(10116, 1446, 23),
(10117, 1446, 3),
(10118, 1446, 15),
(10119, 1446, 9),
(10120, 1446, 10),
(10121, 1446, 16),
(10122, 1446, 20),
(10123, 1447, 23),
(10124, 1447, 3),
(10125, 1447, 15),
(10126, 1447, 9),
(10127, 1447, 11),
(10128, 1447, 17),
(10129, 1447, 18),
(10130, 1448, 23),
(10131, 1448, 3),
(10132, 1448, 15),
(10133, 1448, 9),
(10134, 1448, 11),
(10135, 1448, 17),
(10136, 1448, 19),
(10137, 1449, 23),
(10138, 1449, 3),
(10139, 1449, 15),
(10140, 1449, 9),
(10141, 1449, 11),
(10142, 1449, 17),
(10143, 1449, 20),
(10144, 1450, 23),
(10145, 1450, 3),
(10146, 1450, 15),
(10147, 1450, 9),
(10148, 1450, 11),
(10149, 1450, 16),
(10150, 1450, 18),
(10151, 1451, 23),
(10152, 1451, 3),
(10153, 1451, 15),
(10154, 1451, 9),
(10155, 1451, 11),
(10156, 1451, 16),
(10157, 1451, 19),
(10158, 1452, 23),
(10159, 1452, 3),
(10160, 1452, 15),
(10161, 1452, 9),
(10162, 1452, 11),
(10163, 1452, 16),
(10164, 1452, 20),
(10165, 1453, 23),
(10166, 1453, 3),
(10167, 1453, 15),
(10168, 1453, 9),
(10169, 1453, 12),
(10170, 1453, 17),
(10171, 1453, 18),
(10172, 1454, 23),
(10173, 1454, 3),
(10174, 1454, 15),
(10175, 1454, 9),
(10176, 1454, 12),
(10177, 1454, 17),
(10178, 1454, 19),
(10179, 1455, 23),
(10180, 1455, 3),
(10181, 1455, 15),
(10182, 1455, 9),
(10183, 1455, 12),
(10184, 1455, 17),
(10185, 1455, 20),
(10186, 1456, 23),
(10187, 1456, 3),
(10188, 1456, 15),
(10189, 1456, 9),
(10190, 1456, 12),
(10191, 1456, 16),
(10192, 1456, 18),
(10193, 1457, 23),
(10194, 1457, 3),
(10195, 1457, 15),
(10196, 1457, 9),
(10197, 1457, 12),
(10198, 1457, 16),
(10199, 1457, 19),
(10200, 1458, 23),
(10201, 1458, 3),
(10202, 1458, 15),
(10203, 1458, 9),
(10204, 1458, 12),
(10205, 1458, 16),
(10206, 1458, 20);

-- --------------------------------------------------------

--
-- Struktur dari tabel `tb_detail_konsultasi`
--

CREATE TABLE `tb_detail_konsultasi` (
  `id_detail_konsultasi` bigint(20) NOT NULL,
  `id_konsultasi` bigint(20) NOT NULL,
  `kategori_gejala` enum('TDS','TDD','KBB','UK','UI','EDEMA','PROTEINURIA') NOT NULL,
  `nilai` varchar(30) NOT NULL
) ENGINE=InnoDB DEFAULT CHARSET=latin1;

-- --------------------------------------------------------

--
-- Struktur dari tabel `tb_gejala`
--

CREATE TABLE `tb_gejala` (
  `id_gejala` bigint(20) NOT NULL,
  `kode_gejala` enum('TDS','TDD','KBB','UK','UI','EDEMA','PROTEINURIA') NOT NULL,
  `nama_gejala` varchar(30) NOT NULL,
  `label_gejala` varchar(10) NOT NULL
) ENGINE=InnoDB DEFAULT CHARSET=latin1;

--
-- Dumping data untuk tabel `tb_gejala`
--

INSERT INTO `tb_gejala` (`id_gejala`, `kode_gejala`, `nama_gejala`, `label_gejala`) VALUES
(1, 'TDS', 'Tekanan Darah Sistolic', 'mmHg'),
(2, 'TDD', 'Tekanan Darah Diastolic', 'mmHg'),
(3, 'KBB', 'Kenaikan Berat Badan', 'kg'),
(4, 'UK', 'Usia Kehamilan', 'minggu'),
(5, 'UI', 'Usia Ibu', 'tahun'),
(6, 'EDEMA', 'Edema', ''),
(7, 'PROTEINURIA', 'Proteinuria', '');

-- --------------------------------------------------------

--
-- Struktur dari tabel `tb_kategori_gejala`
--

CREATE TABLE `tb_kategori_gejala` (
  `id_kategori_gejala` bigint(20) NOT NULL,
  `id_gejala` bigint(20) NOT NULL,
  `kategori_gejala` varchar(20) NOT NULL,
  `nilai_gejala` varchar(20) NOT NULL,
  `cf_gejala` double DEFAULT NULL
) ENGINE=InnoDB DEFAULT CHARSET=latin1;

--
-- Dumping data untuk tabel `tb_kategori_gejala`
--

INSERT INTO `tb_kategori_gejala` (`id_kategori_gejala`, `id_gejala`, `kategori_gejala`, `nilai_gejala`, `cf_gejala`) VALUES
(1, 1, 'Normal', '0-122', 0.4),
(2, 1, 'Tinggi', '140-159', 0.6),
(3, 1, 'Sangat Tinggi', '>160', 0.8),
(7, 3, 'Rendah', '<1', 0.4),
(8, 3, 'Normal', '1-3', 0.6),
(9, 3, 'Tinggi', '>3', 0.8),
(10, 4, 'Trimester 1', '1-13', 0.4),
(11, 4, 'Trimester 2', '14-27', 0.6),
(12, 4, 'Trimester 3', '>27', 0.8),
(13, 5, 'Tinggi', '<=17', 0.6),
(14, 5, 'Normal', '17-35', 0.4),
(15, 5, 'Resiko Tinggi', '>=35', 0.8),
(16, 6, 'Tidak', '0', 0.4),
(17, 6, 'Iya', '1', 0.8),
(18, 7, 'Normal', '0', 0.4),
(19, 7, 'Tinggi', '1', 0.6),
(20, 7, 'Sangat Tinggi', '2', 0.8),
(21, 2, 'Normal', '0-90', 0.4),
(22, 2, 'Tinggi', '90-130', 0.6),
(23, 2, 'Sangat Tinggi', '>130', 0.8);

-- --------------------------------------------------------

--
-- Struktur dari tabel `tb_konsultasi`
--

CREATE TABLE `tb_konsultasi` (
  `id_konsultasi` bigint(20) NOT NULL,
  `id_pasien` bigint(20) NOT NULL,
  `tanggal_konsultasi` datetime NOT NULL DEFAULT CURRENT_TIMESTAMP,
  `hasil_konsultasi` enum('Normal','Sedang','Tinggi') DEFAULT NULL,
  `persentase` double DEFAULT NULL,
  `solusi` text,
  `tdd` double NOT NULL,
  `tds` double NOT NULL,
  `kbb` double NOT NULL,
  `uk` double NOT NULL,
  `ui` double NOT NULL,
  `edema` enum('Iya','Tidak') NOT NULL,
  `proteinuria` enum('Normal','Tinggi','Sangat Tinggi') NOT NULL
) ENGINE=InnoDB DEFAULT CHARSET=latin1;

--
-- Dumping data untuk tabel `tb_konsultasi`
--

INSERT INTO `tb_konsultasi` (`id_konsultasi`, `id_pasien`, `tanggal_konsultasi`, `hasil_konsultasi`, `persentase`, `solusi`, `tdd`, `tds`, `kbb`, `uk`, `ui`, `edema`, `proteinuria`) VALUES
(1, 7, '2020-06-26 16:51:25', 'Normal', 87.479289940828, 'Menjaga asupan makanan, mengontrol berat badan, melakukan olahraga ringan setiap hari, rajin meminun vitamin', 90, 120, 5, 8, 26, 'Tidak', 'Normal'),
(2, 7, '2020-06-26 16:52:18', 'Normal', 93.431591644287, 'Menjaga asupan makanan, mengontrol berat badan, melakukan olahraga ringan setiap hari, rajin meminun vitamin', 85, 110, 3, 14, 26, 'Tidak', 'Normal'),
(3, 7, '2020-06-26 16:52:46', 'Normal', 89.534641992188, 'Menjaga asupan makanan, mengontrol berat badan, melakukan olahraga ringan setiap hari, rajin meminun vitamin', 90, 123, 4, 28, 26, 'Tidak', 'Normal'),
(4, 7, '2020-06-26 16:53:16', 'Normal', 87.803786982249, 'Menjaga asupan makanan, mengontrol berat badan, melakukan olahraga ringan setiap hari, rajin meminun vitamin', 93, 120, 7, 32, 26, 'Tidak', 'Normal'),
(5, 8, '2020-06-26 16:54:42', 'Normal', 67.142857142857, 'Menjaga asupan makanan, mengontrol berat badan, melakukan olahraga ringan setiap hari, rajin meminun vitamin', 110, 150, 5, 6, 24, 'Iya', 'Tinggi'),
(7, 8, '2020-06-26 17:00:00', 'Normal', 78.222222222222, 'Menjaga asupan makanan, mengontrol berat badan, melakukan olahraga ringan setiap hari, rajin meminun vitamin', 120, 150, 8, 16, 24, 'Iya', 'Tinggi'),
(8, 8, '2020-06-26 17:00:45', 'Normal', 78.737654320988, 'Menjaga asupan makanan, mengontrol berat badan, melakukan olahraga ringan setiap hari, rajin meminun vitamin', 120, 155, 5, 28, 24, 'Iya', 'Tinggi'),
(9, 8, '2020-06-26 17:01:15', 'Normal', 78.84, 'Menjaga asupan makanan, mengontrol berat badan, melakukan olahraga ringan setiap hari, rajin meminun vitamin', 121, 155, 6, 35, 24, 'Iya', 'Tinggi'),
(10, 24, '2020-06-26 17:09:50', 'Normal', 99.793902742461, 'Menjaga asupan makanan, mengontrol berat badan, melakukan olahraga ringan setiap hari, rajin meminun vitamin', 100, 145, 3, 28, 19, 'Iya', 'Sangat Tinggi'),
(11, 24, '2020-06-26 17:37:26', 'Normal', 89.262892082231, 'Menjaga asupan makanan, mengontrol berat badan, melakukan olahraga ringan setiap hari, rajin meminun vitamin', 110, 146, 3, 4, 21, 'Iya', 'Sangat Tinggi'),
(12, 24, '2020-06-26 17:38:19', 'Normal', 79.63734375, 'Menjaga asupan makanan, mengontrol berat badan, melakukan olahraga ringan setiap hari, rajin meminun vitamin', 99, 130, 5, 16, 21, 'Iya', 'Sangat Tinggi'),
(13, 24, '2020-06-26 17:39:39', 'Normal', 76.531358024691, 'Menjaga asupan makanan, mengontrol berat badan, melakukan olahraga ringan setiap hari, rajin meminun vitamin', 112, 142, 6, 36, 21, 'Iya', 'Sangat Tinggi'),
(17, 52, '2020-06-26 22:16:36', 'Sedang', 90.347478966356, 'hindari konsumsi makanan berlemak, hindari makanan tinggi garam, ketika tidur posisi kaki lebih tinggi dari kepala, segera melakukan pemeriksaan lanjutan ke rumah sakit', 120, 171, 5, 18, 19, 'Iya', 'Tinggi'),
(18, 52, '2020-06-26 22:17:14', 'Sedang', 94.920607815962, 'hindari konsumsi makanan berlemak, hindari makanan tinggi garam, ketika tidur posisi kaki lebih tinggi dari kepala, segera melakukan pemeriksaan lanjutan ke rumah sakit', 121, 160, 8, 22, 19, 'Iya', 'Tinggi'),
(19, 52, '2020-06-26 22:17:49', 'Sedang', 89.918882838984, 'hindari konsumsi makanan berlemak, hindari makanan tinggi garam, ketika tidur posisi kaki lebih tinggi dari kepala, segera melakukan pemeriksaan lanjutan ke rumah sakit', 119, 165, 5, 28, 19, 'Iya', 'Tinggi'),
(20, 52, '2020-06-26 22:18:24', 'Sedang', 90.287103725558, 'hindari konsumsi makanan berlemak, hindari makanan tinggi garam, ketika tidur posisi kaki lebih tinggi dari kepala, segera melakukan pemeriksaan lanjutan ke rumah sakit', 120, 170, 4, 32, 19, 'Iya', 'Tinggi'),
(21, 67, '2020-06-26 22:20:33', 'Normal', 85.421487603306, 'Menjaga asupan makanan, mengontrol berat badan, melakukan olahraga ringan setiap hari, rajin meminun vitamin', 70, 100, 1, 5, 21, 'Tidak', 'Normal'),
(22, 67, '2020-06-26 22:21:22', 'Normal', 86.366863905325, 'Menjaga asupan makanan, mengontrol berat badan, melakukan olahraga ringan setiap hari, rajin meminun vitamin', 80, 109, 5, 12, 21, 'Tidak', 'Normal'),
(23, 67, '2020-06-26 22:21:53', 'Normal', 85.792899408284, 'Menjaga asupan makanan, mengontrol berat badan, melakukan olahraga ringan setiap hari, rajin meminun vitamin', 75, 110, 8, 18, 21, 'Tidak', 'Normal'),
(24, 68, '2020-06-26 22:32:30', 'Normal', 86.366863905325, 'Menjaga asupan makanan, mengontrol berat badan, melakukan olahraga ringan setiap hari, rajin meminun vitamin', 80, 111, 5, 8, 29, 'Tidak', 'Normal'),
(25, 68, '2020-06-26 22:34:15', 'Normal', 86.480236686391, 'Menjaga asupan makanan, mengontrol berat badan, melakukan olahraga ringan setiap hari, rajin meminun vitamin', 81, 109, 7, 14, 29, 'Tidak', 'Normal'),
(26, 68, '2020-06-26 22:35:21', 'Normal', 87.479289940828, 'Menjaga asupan makanan, mengontrol berat badan, melakukan olahraga ringan setiap hari, rajin meminun vitamin', 90, 110, 4, 19, 29, 'Tidak', 'Normal'),
(27, 68, '2020-06-26 22:36:26', 'Normal', 86.366863905325, 'Menjaga asupan makanan, mengontrol berat badan, melakukan olahraga ringan setiap hari, rajin meminun vitamin', 80, 105, 8, 23, 29, 'Tidak', 'Normal'),
(28, 68, '2020-06-26 22:37:20', 'Normal', 93.75, 'Menjaga asupan makanan, mengontrol berat badan, melakukan olahraga ringan setiap hari, rajin meminun vitamin', 90, 109, 3, 28, 29, 'Tidak', 'Normal'),
(29, 69, '2020-06-26 22:39:31', 'Normal', 80, 'Menjaga asupan makanan, mengontrol berat badan, melakukan olahraga ringan setiap hari, rajin meminun vitamin', 70, 100, 4, 6, 27, 'Tidak', 'Normal'),
(30, 69, '2020-06-26 22:40:20', 'Normal', 86.366863905325, 'Menjaga asupan makanan, mengontrol berat badan, melakukan olahraga ringan setiap hari, rajin meminun vitamin', 80, 105, 6, 11, 27, 'Tidak', 'Normal'),
(32, 70, '2020-06-26 22:44:09', 'Normal', 86.366863905325, 'Menjaga asupan makanan, mengontrol berat badan, melakukan olahraga ringan setiap hari, rajin meminun vitamin', 80, 120, 4, 8, 26, 'Tidak', 'Normal'),
(33, 70, '2020-06-26 22:45:27', 'Normal', 86.366863905325, 'Menjaga asupan makanan, mengontrol berat badan, melakukan olahraga ringan setiap hari, rajin meminun vitamin', 80, 120, 4, 8, 26, 'Tidak', 'Normal'),
(34, 70, '2020-06-26 22:47:02', 'Normal', 86.92899408284, 'Menjaga asupan makanan, mengontrol berat badan, melakukan olahraga ringan setiap hari, rajin meminun vitamin', 85, 116, 9, 14, 26, 'Tidak', 'Normal'),
(35, 70, '2020-06-26 22:47:40', 'Normal', 88.854174804688, 'Menjaga asupan makanan, mengontrol berat badan, melakukan olahraga ringan setiap hari, rajin meminun vitamin', 83, 122, 5, 12, 26, 'Tidak', 'Normal'),
(36, 70, '2020-06-26 22:48:27', 'Normal', 86.366863905325, 'Menjaga asupan makanan, mengontrol berat badan, melakukan olahraga ringan setiap hari, rajin meminun vitamin', 80, 120, 6, 16, 26, 'Tidak', 'Normal'),
(37, 71, '2020-06-26 22:52:35', 'Normal', 85.792899408284, 'Menjaga asupan makanan, mengontrol berat badan, melakukan olahraga ringan setiap hari, rajin meminun vitamin', 75, 100, 5, 6, 30, 'Tidak', 'Normal'),
(38, 71, '2020-06-26 22:54:09', 'Normal', 86.366863905325, 'Menjaga asupan makanan, mengontrol berat badan, melakukan olahraga ringan setiap hari, rajin meminun vitamin', 80, 105, 6, 12, 30, 'Tidak', 'Normal'),
(39, 71, '2020-06-26 22:55:29', 'Normal', 86.92899408284, 'Menjaga asupan makanan, mengontrol berat badan, melakukan olahraga ringan setiap hari, rajin meminun vitamin', 85, 108, 5, 17, 30, 'Tidak', 'Normal'),
(40, 71, '2020-06-26 22:56:20', 'Normal', 86.366863905325, 'Menjaga asupan makanan, mengontrol berat badan, melakukan olahraga ringan setiap hari, rajin meminun vitamin', 80, 110, 8, 24, 30, 'Tidak', 'Normal'),
(41, 72, '2020-06-26 22:58:11', 'Normal', 85.792899408284, 'Menjaga asupan makanan, mengontrol berat badan, melakukan olahraga ringan setiap hari, rajin meminun vitamin', 75, 110, 5, 6, 25, 'Tidak', 'Normal'),
(42, 72, '2020-06-26 22:59:10', 'Normal', 86.366863905325, 'Menjaga asupan makanan, mengontrol berat badan, melakukan olahraga ringan setiap hari, rajin meminun vitamin', 80, 110, 4, 11, 25, 'Tidak', 'Normal'),
(43, 72, '2020-06-26 23:00:03', 'Normal', 92.9655699375, 'Menjaga asupan makanan, mengontrol berat badan, melakukan olahraga ringan setiap hari, rajin meminun vitamin', 78, 109, 3, 17, 25, 'Tidak', 'Normal'),
(44, 72, '2020-06-26 23:02:49', 'Normal', 86.366863905325, 'Menjaga asupan makanan, mengontrol berat badan, melakukan olahraga ringan setiap hari, rajin meminun vitamin', 80, 105, 6, 23, 25, 'Tidak', 'Normal'),
(45, 72, '2020-06-26 23:03:28', 'Normal', 86.023905325444, 'Menjaga asupan makanan, mengontrol berat badan, melakukan olahraga ringan setiap hari, rajin meminun vitamin', 77, 110, 4, 28, 25, 'Tidak', 'Normal'),
(46, 73, '2020-06-26 23:05:23', 'Normal', 93.101169433594, 'Menjaga asupan makanan, mengontrol berat badan, melakukan olahraga ringan setiap hari, rajin meminun vitamin', 80, 115, 3, 5, 25, 'Tidak', 'Normal'),
(47, 73, '2020-06-26 23:06:19', 'Normal', 86.593136094675, 'Menjaga asupan makanan, mengontrol berat badan, melakukan olahraga ringan setiap hari, rajin meminun vitamin', 82, 110, 7, 9, 25, 'Tidak', 'Normal'),
(48, 73, '2020-06-26 23:06:53', 'Normal', 86.366863905325, 'Menjaga asupan makanan, mengontrol berat badan, melakukan olahraga ringan setiap hari, rajin meminun vitamin', 80, 110, 4, 14, 25, 'Tidak', 'Normal'),
(49, 73, '2020-06-26 23:07:32', 'Normal', 93.234799, 'Menjaga asupan makanan, mengontrol berat badan, melakukan olahraga ringan setiap hari, rajin meminun vitamin', 82, 110, 3, 18, 25, 'Tidak', 'Normal'),
(50, 74, '2020-06-26 23:10:31', 'Normal', 86.366863905325, 'Menjaga asupan makanan, mengontrol berat badan, melakukan olahraga ringan setiap hari, rajin meminun vitamin', 80, 120, 4, 5, 35, 'Tidak', 'Normal'),
(51, 74, '2020-06-26 23:11:35', 'Normal', 93.75, 'Menjaga asupan makanan, mengontrol berat badan, melakukan olahraga ringan setiap hari, rajin meminun vitamin', 90, 115, 3, 14, 35, 'Tidak', 'Normal'),
(52, 74, '2020-06-26 23:12:35', 'Normal', 86.705562130178, 'Menjaga asupan makanan, mengontrol berat badan, melakukan olahraga ringan setiap hari, rajin meminun vitamin', 83, 120, 5, 17, 35, 'Tidak', 'Normal'),
(53, 76, '2020-06-26 23:16:05', 'Normal', 86.817514792899, 'Menjaga asupan makanan, mengontrol berat badan, melakukan olahraga ringan setiap hari, rajin meminun vitamin', 84, 100, 4, 5, 29, 'Tidak', 'Normal'),
(54, 76, '2020-06-26 23:16:46', 'Normal', 86.480236686391, 'Menjaga asupan makanan, mengontrol berat badan, melakukan olahraga ringan setiap hari, rajin meminun vitamin', 81, 105, 6, 9, 29, 'Tidak', 'Normal'),
(55, 76, '2020-06-26 23:17:24', 'Normal', 86.593136094675, 'Menjaga asupan makanan, mengontrol berat badan, melakukan olahraga ringan setiap hari, rajin meminun vitamin', 82, 102, 5, 14, 29, 'Tidak', 'Normal'),
(56, 76, '2020-06-26 23:18:14', 'Normal', 86.705562130178, 'Menjaga asupan makanan, mengontrol berat badan, melakukan olahraga ringan setiap hari, rajin meminun vitamin', 83, 100, 8, 20, 29, 'Tidak', 'Normal'),
(57, 75, '2020-06-26 23:18:55', 'Normal', 80, 'Menjaga asupan makanan, mengontrol berat badan, melakukan olahraga ringan setiap hari, rajin meminun vitamin', 70, 100, 4, 5, 22, 'Tidak', 'Normal'),
(58, 75, '2020-06-26 23:19:39', 'Normal', 85.792899408284, 'Menjaga asupan makanan, mengontrol berat badan, melakukan olahraga ringan setiap hari, rajin meminun vitamin', 75, 105, 6, 9, 22, 'Tidak', 'Normal'),
(59, 75, '2020-06-26 23:20:07', 'Normal', 93.101169433594, 'Menjaga asupan makanan, mengontrol berat badan, melakukan olahraga ringan setiap hari, rajin meminun vitamin', 80, 111, 3, 14, 22, 'Tidak', 'Normal'),
(60, 75, '2020-06-26 23:20:51', 'Normal', 86.593136094675, 'Menjaga asupan makanan, mengontrol berat badan, melakukan olahraga ringan setiap hari, rajin meminun vitamin', 82, 102, 6, 19, 22, 'Tidak', 'Normal'),
(61, 77, '2020-06-26 23:21:25', 'Normal', 86.366863905325, 'Menjaga asupan makanan, mengontrol berat badan, melakukan olahraga ringan setiap hari, rajin meminun vitamin', 80, 108, 5, 4, 25, 'Tidak', 'Normal'),
(62, 77, '2020-06-26 23:22:10', 'Normal', 80, 'Menjaga asupan makanan, mengontrol berat badan, melakukan olahraga ringan setiap hari, rajin meminun vitamin', 70, 110, 6, 9, 25, 'Tidak', 'Normal'),
(63, 77, '2020-06-26 23:22:43', 'Normal', 80, 'Menjaga asupan makanan, mengontrol berat badan, melakukan olahraga ringan setiap hari, rajin meminun vitamin', 70, 100, 4, 14, 25, 'Tidak', 'Normal'),
(64, 77, '2020-06-26 23:23:16', 'Normal', 86.366863905325, 'Menjaga asupan makanan, mengontrol berat badan, melakukan olahraga ringan setiap hari, rajin meminun vitamin', 80, 110, 5, 20, 25, 'Tidak', 'Normal'),
(65, 69, '2020-06-26 23:35:17', 'Normal', 85.792899408284, 'Menjaga asupan makanan, mengontrol berat badan, melakukan olahraga ringan setiap hari, rajin meminun vitamin', 75, 103, 8, 16, 27, 'Tidak', 'Normal'),
(66, 7, '2020-06-29 12:24:20', 'Normal', 93.431591644287, 'Menjaga asupan makanan, mengontrol berat badan, melakukan olahraga ringan setiap hari, rajin meminun vitamin', 85, 110, 3, 14, 26, 'Tidak', 'Normal'),
(74, 65, '2019-03-11 00:00:00', 'Normal', 85.305555555556, 'Menjaga asupan makanan, mengontrol berat badan, melakukan olahraga ringan setiap hari, rajin meminun vitamin', 80, 110, 2, 5, 23, 'Tidak', 'Normal'),
(75, 65, '2019-04-08 00:00:00', 'Normal', 87.479289940828, 'Menjaga asupan makanan, mengontrol berat badan, melakukan olahraga ringan setiap hari, rajin meminun vitamin', 90, 120, 4, 9, 23, 'Tidak', 'Normal'),
(76, 65, '2019-05-17 00:00:00', 'Normal', 96.626964381974, 'Menjaga asupan makanan, mengontrol berat badan, melakukan olahraga ringan setiap hari, rajin meminun vitamin', 90, 130, 3, 15, 23, 'Tidak', 'Normal'),
(77, 65, '2019-06-14 00:00:00', 'Normal', 79.18359375, 'Menjaga asupan makanan, mengontrol berat badan, melakukan olahraga ringan setiap hari, rajin meminun vitamin', 100, 125, 4, 20, 23, 'Tidak', 'Normal'),
(78, 66, '2019-02-10 00:00:00', 'Normal', 94.691584, 'Menjaga asupan makanan, mengontrol berat badan, melakukan olahraga ringan setiap hari, rajin meminun vitamin', 90, 130, 2, 4, 22, 'Iya', 'Normal'),
(79, 66, '2019-03-14 00:00:00', 'Normal', 80, 'Menjaga asupan makanan, mengontrol berat badan, melakukan olahraga ringan setiap hari, rajin meminun vitamin', 110, 120, 4, 10, 22, 'Iya', 'Normal'),
(80, 66, '2019-04-29 00:00:00', 'Normal', 85.792899408284, 'Menjaga asupan makanan, mengontrol berat badan, melakukan olahraga ringan setiap hari, rajin meminun vitamin', 75, 110, 8, 17, 22, 'Iya', 'Normal'),
(81, 66, '2019-06-11 00:00:00', 'Normal', 87.75, 'Menjaga asupan makanan, mengontrol berat badan, melakukan olahraga ringan setiap hari, rajin meminun vitamin', 100, 120, 2, 28, 22, 'Iya', 'Normal'),
(82, 79, '2019-02-01 00:00:00', 'Normal', 90.1068359375, 'Menjaga asupan makanan, mengontrol berat badan, melakukan olahraga ringan setiap hari, rajin meminun vitamin', 90, 130, 7, 3, 20, 'Tidak', 'Normal'),
(83, 79, '2019-03-16 00:00:00', 'Normal', 86.92899408284, 'Menjaga asupan makanan, mengontrol berat badan, melakukan olahraga ringan setiap hari, rajin meminun vitamin', 85, 110, 8, 9, 20, 'Tidak', 'Normal'),
(84, 79, '2019-05-12 00:00:00', 'Normal', 87.479289940828, 'Menjaga asupan makanan, mengontrol berat badan, melakukan olahraga ringan setiap hari, rajin meminun vitamin', 90, 120, 4, 19, 20, 'Tidak', 'Normal'),
(85, 79, '2019-07-14 00:00:00', 'Normal', 98.203566119816, 'Menjaga asupan makanan, mengontrol berat badan, melakukan olahraga ringan setiap hari, rajin meminun vitamin', 100, 125, 3, 30, 20, 'Tidak', 'Normal'),
(86, 78, '2019-03-03 00:00:00', 'Normal', 98.203566119816, 'Menjaga asupan makanan, mengontrol berat badan, melakukan olahraga ringan setiap hari, rajin meminun vitamin', 100, 125, 3, 6, 21, 'Iya', 'Normal'),
(87, 78, '2019-05-01 00:00:00', 'Normal', 80, 'Menjaga asupan makanan, mengontrol berat badan, melakukan olahraga ringan setiap hari, rajin meminun vitamin', 70, 110, 7, 14, 21, 'Iya', 'Normal'),
(88, 78, '2019-07-21 00:00:00', 'Normal', 79.75, 'Menjaga asupan makanan, mengontrol berat badan, melakukan olahraga ringan setiap hari, rajin meminun vitamin', 100, 130, 8, 26, 21, 'Iya', 'Normal'),
(89, 78, '2019-09-22 00:00:00', 'Normal', 94.595427817708, 'Menjaga asupan makanan, mengontrol berat badan, melakukan olahraga ringan setiap hari, rajin meminun vitamin', 120, 150, 1, 35, 21, 'Iya', 'Normal'),
(90, 80, '2019-02-04 00:00:00', 'Normal', 92.758434906006, 'Menjaga asupan makanan, mengontrol berat badan, melakukan olahraga ringan setiap hari, rajin meminun vitamin', 75, 115, 3, 5, 26, 'Tidak', 'Normal'),
(91, 80, '2019-04-06 00:00:00', 'Normal', 86.366863905325, 'Menjaga asupan makanan, mengontrol berat badan, melakukan olahraga ringan setiap hari, rajin meminun vitamin', 80, 109, 7, 10, 26, 'Tidak', 'Normal'),
(92, 80, '2019-06-20 00:00:00', 'Normal', 92.758434906006, 'Menjaga asupan makanan, mengontrol berat badan, melakukan olahraga ringan setiap hari, rajin meminun vitamin', 75, 110, 3, 18, 26, 'Tidak', 'Normal'),
(93, 80, '2019-08-14 00:00:00', 'Normal', 85.686388888889, 'Menjaga asupan makanan, mengontrol berat badan, melakukan olahraga ringan setiap hari, rajin meminun vitamin', 83, 112, 2, 28, 26, 'Tidak', 'Normal'),
(94, 81, '2019-02-04 00:00:00', 'Normal', 93.821123031653, 'Menjaga asupan makanan, mengontrol berat badan, melakukan olahraga ringan setiap hari, rajin meminun vitamin', 81, 109, 1, 6, 25, 'Tidak', 'Normal'),
(95, 81, '2019-02-12 00:00:00', 'Normal', 87.479289940828, 'Menjaga asupan makanan, mengontrol berat badan, melakukan olahraga ringan setiap hari, rajin meminun vitamin', 90, 110, 4, 8, 25, 'Tidak', 'Normal'),
(96, 81, '2019-04-20 00:00:00', 'Normal', 85.305555555556, 'Menjaga asupan makanan, mengontrol berat badan, melakukan olahraga ringan setiap hari, rajin meminun vitamin', 80, 105, 2, 18, 25, 'Tidak', 'Normal'),
(97, 81, '2019-08-14 00:00:00', 'Normal', 89.039249271137, 'Menjaga asupan makanan, mengontrol berat badan, melakukan olahraga ringan setiap hari, rajin meminun vitamin', 95, 109, 1, 32, 25, 'Tidak', 'Normal'),
(98, 51, '2019-02-04 00:00:00', 'Normal', 85.792899408284, 'Menjaga asupan makanan, mengontrol berat badan, melakukan olahraga ringan setiap hari, rajin meminun vitamin', 75, 110, 8, 3, 29, 'Iya', 'Normal'),
(99, 51, '2019-03-22 00:00:00', 'Normal', 86.366863905325, 'Menjaga asupan makanan, mengontrol berat badan, melakukan olahraga ringan setiap hari, rajin meminun vitamin', 80, 105, 7, 9, 29, 'Iya', 'Normal'),
(100, 51, '2019-04-12 00:00:00', 'Normal', 92.758434906006, 'Menjaga asupan makanan, mengontrol berat badan, melakukan olahraga ringan setiap hari, rajin meminun vitamin', 75, 113, 3, 11, 29, 'Iya', 'Normal'),
(101, 51, '2019-06-04 00:00:00', 'Normal', 76.83984375, 'Menjaga asupan makanan, mengontrol berat badan, melakukan olahraga ringan setiap hari, rajin meminun vitamin', 80, 125, 5, 19, 29, 'Iya', 'Normal'),
(102, 51, '2020-07-12 00:00:00', 'Normal', 94.1405019904, 'Menjaga asupan makanan, mengontrol berat badan, melakukan olahraga ringan setiap hari, rajin meminun vitamin', 90, 121, 2, 25, 29, 'Iya', 'Normal'),
(103, 51, '2020-09-24 00:00:00', 'Normal', 97.728546176034, 'Menjaga asupan makanan, mengontrol berat badan, melakukan olahraga ringan setiap hari, rajin meminun vitamin', 83, 122, 1, 33, 29, 'Iya', 'Normal'),
(104, 53, '2019-02-04 00:00:00', 'Normal', 86.366863905325, 'Menjaga asupan makanan, mengontrol berat badan, melakukan olahraga ringan setiap hari, rajin meminun vitamin', 80, 120, 5, 5, 32, 'Tidak', 'Normal'),
(105, 53, '2019-02-12 00:00:00', 'Normal', 85.792899408284, 'Menjaga asupan makanan, mengontrol berat badan, melakukan olahraga ringan setiap hari, rajin meminun vitamin', 75, 100, 4, 10, 32, 'Tidak', 'Normal'),
(106, 53, '2019-04-20 00:00:00', 'Normal', 86.366863905325, 'Menjaga asupan makanan, mengontrol berat badan, melakukan olahraga ringan setiap hari, rajin meminun vitamin', 80, 105, 8, 20, 32, 'Tidak', 'Normal'),
(107, 53, '2019-08-14 00:00:00', 'Normal', 86.92899408284, 'Menjaga asupan makanan, mengontrol berat badan, melakukan olahraga ringan setiap hari, rajin meminun vitamin', 85, 108, 5, 35, 32, 'Tidak', 'Normal'),
(108, 62, '2019-02-22 00:00:00', 'Normal', 78.737654320988, 'Menjaga asupan makanan, mengontrol berat badan, melakukan olahraga ringan setiap hari, rajin meminun vitamin', 130, 145, 5, 20, 26, 'Iya', 'Tinggi'),
(109, 62, '2019-03-20 00:00:00', 'Normal', 79.246913580247, 'Menjaga asupan makanan, mengontrol berat badan, melakukan olahraga ringan setiap hari, rajin meminun vitamin', 132, 148, 7, 24, 26, 'Iya', 'Tinggi'),
(110, 62, '2019-04-18 00:00:00', 'Normal', 79.246913580247, 'Menjaga asupan makanan, mengontrol berat badan, melakukan olahraga ringan setiap hari, rajin meminun vitamin', 135, 145, 5, 28, 26, 'Iya', 'Tinggi'),
(111, 17, '2019-02-04 00:00:00', 'Normal', 86.138698224852, 'Menjaga asupan makanan, mengontrol berat badan, melakukan olahraga ringan setiap hari, rajin meminun vitamin', 78, 110, 4, 7, 29, 'Tidak', 'Normal'),
(112, 17, '2019-03-15 00:00:00', 'Normal', 86.366863905325, 'Menjaga asupan makanan, mengontrol berat badan, melakukan olahraga ringan setiap hari, rajin meminun vitamin', 80, 120, 8, 11, 29, 'Tidak', 'Normal'),
(113, 17, '2019-05-10 00:00:00', 'Normal', 86.023905325444, 'Menjaga asupan makanan, mengontrol berat badan, melakukan olahraga ringan setiap hari, rajin meminun vitamin', 77, 110, 4, 19, 29, 'Tidak', 'Normal'),
(114, 17, '2019-07-14 00:00:00', 'Normal', 85.305555555556, 'Menjaga asupan makanan, mengontrol berat badan, melakukan olahraga ringan setiap hari, rajin meminun vitamin', 80, 105, 2, 23, 29, 'Tidak', 'Normal'),
(115, 17, '2019-08-24 00:00:00', 'Normal', 93.431591644287, 'Menjaga asupan makanan, mengontrol berat badan, melakukan olahraga ringan setiap hari, rajin meminun vitamin', 85, 120, 3, 37, 29, 'Tidak', 'Normal'),
(116, 29, '2019-03-11 00:00:00', 'Normal', 89.2828125, 'Menjaga asupan makanan, mengontrol berat badan, melakukan olahraga ringan setiap hari, rajin meminun vitamin', 80, 130, 6, 4, 32, 'Iya', 'Normal'),
(117, 29, '2019-04-08 00:00:00', 'Normal', 87.479289940828, 'Menjaga asupan makanan, mengontrol berat badan, melakukan olahraga ringan setiap hari, rajin meminun vitamin', 90, 110, 7, 8, 32, 'Iya', 'Normal'),
(118, 29, '2019-05-17 00:00:00', 'Normal', 85.305555555556, 'Menjaga asupan makanan, mengontrol berat badan, melakukan olahraga ringan setiap hari, rajin meminun vitamin', 80, 120, 2, 18, 32, 'Iya', 'Normal'),
(119, 29, '2019-06-14 00:00:00', 'Normal', 87.04, 'Menjaga asupan makanan, mengontrol berat badan, melakukan olahraga ringan setiap hari, rajin meminun vitamin', 86, 115, 8, 28, 32, 'Iya', 'Normal'),
(120, 26, '2019-02-17 00:00:00', 'Normal', 99.894866539574, 'Menjaga asupan makanan, mengontrol berat badan, melakukan olahraga ringan setiap hari, rajin meminun vitamin', 90, 130, 3, 8, 18, 'Iya', 'Normal'),
(121, 26, '2019-05-14 00:00:00', 'Normal', 95.31125456561, 'Menjaga asupan makanan, mengontrol berat badan, melakukan olahraga ringan setiap hari, rajin meminun vitamin', 95, 120, 2, 20, 18, 'Iya', 'Normal'),
(122, 30, '2019-02-04 00:00:00', 'Normal', 86.817514792899, 'Menjaga asupan makanan, mengontrol berat badan, melakukan olahraga ringan setiap hari, rajin meminun vitamin', 84, 108, 6, 5, 30, 'Tidak', 'Normal'),
(123, 30, '2019-03-15 00:00:00', 'Normal', 88.01775147929, 'Menjaga asupan makanan, mengontrol berat badan, melakukan olahraga ringan setiap hari, rajin meminun vitamin', 95, 120, 7, 13, 30, 'Tidak', 'Normal'),
(124, 30, '2019-05-10 00:00:00', 'Normal', 85.56, 'Menjaga asupan makanan, mengontrol berat badan, melakukan olahraga ringan setiap hari, rajin meminun vitamin', 82, 110, 2, 27, 30, 'Tidak', 'Normal'),
(125, 30, '2019-07-14 00:00:00', 'Normal', 86.705562130178, 'Menjaga asupan makanan, mengontrol berat badan, melakukan olahraga ringan setiap hari, rajin meminun vitamin', 83, 105, 6, 37, 30, 'Tidak', 'Normal'),
(126, 39, '2019-06-04 00:00:00', 'Normal', 94.056689300537, 'Menjaga asupan makanan, mengontrol berat badan, melakukan olahraga ringan setiap hari, rajin meminun vitamin', 70, 145, 3, 3, 33, 'Tidak', 'Normal'),
(127, 39, '2020-07-12 00:00:00', 'Normal', 78.609375, 'Menjaga asupan makanan, mengontrol berat badan, melakukan olahraga ringan setiap hari, rajin meminun vitamin', 95, 125, 8, 17, 33, 'Tidak', 'Normal'),
(128, 39, '2020-09-24 00:00:00', 'Normal', 87.5, 'Menjaga asupan makanan, mengontrol berat badan, melakukan olahraga ringan setiap hari, rajin meminun vitamin', 80, 110, 1, 30, 33, 'Tidak', 'Normal'),
(129, 56, '2019-02-04 00:00:00', 'Normal', 87.479289940828, 'Menjaga asupan makanan, mengontrol berat badan, melakukan olahraga ringan setiap hari, rajin meminun vitamin', 90, 115, 8, 7, 34, 'Iya', 'Normal'),
(130, 56, '2019-03-15 00:00:00', 'Normal', 84.3975, 'Menjaga asupan makanan, mengontrol berat badan, melakukan olahraga ringan setiap hari, rajin meminun vitamin', 73, 108, 2, 13, 34, 'Iya', 'Normal'),
(131, 56, '2019-05-10 00:00:00', 'Normal', 78.84, 'Menjaga asupan makanan, mengontrol berat badan, melakukan olahraga ringan setiap hari, rajin meminun vitamin', 87, 135, 4, 21, 34, 'Iya', 'Normal'),
(132, 56, '2019-07-14 00:00:00', 'Normal', 96.43518183698, 'Menjaga asupan makanan, mengontrol berat badan, melakukan olahraga ringan setiap hari, rajin meminun vitamin', 75, 140, 3, 27, 34, 'Iya', 'Normal'),
(133, 56, '2019-08-24 00:00:00', 'Normal', 88.4142578125, 'Menjaga asupan makanan, mengontrol berat badan, melakukan olahraga ringan setiap hari, rajin meminun vitamin', 75, 125, 8, 35, 34, 'Iya', 'Normal'),
(134, 50, '2019-03-11 00:00:00', 'Normal', 88.47357037037, 'Menjaga asupan makanan, mengontrol berat badan, melakukan olahraga ringan setiap hari, rajin meminun vitamin', 85, 130, 2, 4, 34, 'Tidak', 'Normal'),
(135, 50, '2019-04-08 00:00:00', 'Normal', 63.076923076923, 'Menjaga asupan makanan, mengontrol berat badan, melakukan olahraga ringan setiap hari, rajin meminun vitamin', 70, 130, 5, 18, 34, 'Tidak', 'Normal'),
(136, 50, '2019-05-17 00:00:00', 'Normal', 77.199375, 'Menjaga asupan makanan, mengontrol berat badan, melakukan olahraga ringan setiap hari, rajin meminun vitamin', 85, 123, 6, 26, 34, 'Tidak', 'Normal'),
(137, 50, '2019-06-14 00:00:00', 'Normal', 87.479289940828, 'Menjaga asupan makanan, mengontrol berat badan, melakukan olahraga ringan setiap hari, rajin meminun vitamin', 90, 120, 8, 32, 34, 'Tidak', 'Normal'),
(138, 20, '2019-03-11 00:00:00', 'Normal', 91.6259765625, 'Menjaga asupan makanan, mengontrol berat badan, melakukan olahraga ringan setiap hari, rajin meminun vitamin', 100, 140, 8, 6, 26, 'Tidak', 'Normal'),
(139, 20, '2019-04-08 00:00:00', 'Normal', 90.502514648438, 'Menjaga asupan makanan, mengontrol berat badan, melakukan olahraga ringan setiap hari, rajin meminun vitamin', 90, 135, 7, 12, 26, 'Tidak', 'Normal'),
(140, 20, '2019-05-17 00:00:00', 'Normal', 93.175650053346, 'Menjaga asupan makanan, mengontrol berat badan, melakukan olahraga ringan setiap hari, rajin meminun vitamin', 130, 115, 3, 28, 26, 'Tidak', 'Normal'),
(141, 20, '2019-06-14 00:00:00', 'Normal', 80, 'Menjaga asupan makanan, mengontrol berat badan, melakukan olahraga ringan setiap hari, rajin meminun vitamin', 110, 120, 2, 38, 26, 'Tidak', 'Normal'),
(142, 11, '2019-02-04 00:00:00', 'Normal', 94.434252394835, 'Menjaga asupan makanan, mengontrol berat badan, melakukan olahraga ringan setiap hari, rajin meminun vitamin', 90, 120, 1, 4, 23, 'Iya', 'Normal'),
(143, 11, '2019-03-15 00:00:00', 'Normal', 89.700317382812, 'Menjaga asupan makanan, mengontrol berat badan, melakukan olahraga ringan setiap hari, rajin meminun vitamin', 85, 130, 7, 8, 23, 'Iya', 'Normal'),
(144, 11, '2019-05-10 00:00:00', 'Normal', 85.792899408284, 'Menjaga asupan makanan, mengontrol berat badan, melakukan olahraga ringan setiap hari, rajin meminun vitamin', 75, 100, 8, 12, 23, 'Iya', 'Normal'),
(145, 11, '2019-07-14 00:00:00', 'Normal', 86.92899408284, 'Menjaga asupan makanan, mengontrol berat badan, melakukan olahraga ringan setiap hari, rajin meminun vitamin', 85, 115, 9, 26, 23, 'Iya', 'Normal'),
(146, 11, '2019-08-24 00:00:00', 'Tinggi', 77.700617283951, 'Segera menghubungi faskes terdekat, dan melakukan pemeriksaan lanjutan ke rumah sakit', 100, 165, 10, 32, 23, 'Iya', 'Normal'),
(147, 16, '2019-04-08 00:00:00', 'Normal', 90.502514648438, 'Menjaga asupan makanan, mengontrol berat badan, melakukan olahraga ringan setiap hari, rajin meminun vitamin', 85, 140, 8, 6, 30, 'Tidak', 'Normal'),
(148, 16, '2019-05-17 00:00:00', 'Normal', 79.18359375, 'Menjaga asupan makanan, mengontrol berat badan, melakukan olahraga ringan setiap hari, rajin meminun vitamin', 90, 135, 4, 16, 30, 'Tidak', 'Normal'),
(149, 16, '2019-06-14 00:00:00', 'Sedang', 93.287492070575, 'hindari konsumsi makanan berlemak, hindari makanan tinggi garam, ketika tidur posisi kaki lebih tinggi dari kepala, segera melakukan pemeriksaan lanjutan ke rumah sakit', 120, 170, 3, 28, 30, 'Tidak', 'Normal'),
(150, 60, '2019-03-15 00:00:00', 'Normal', 90.8875, 'Menjaga asupan makanan, mengontrol berat badan, melakukan olahraga ringan setiap hari, rajin meminun vitamin', 90, 140, 9, 8, 28, 'Iya', 'Normal'),
(151, 60, '2019-05-10 00:00:00', 'Normal', 93.532943406497, 'Menjaga asupan makanan, mengontrol berat badan, melakukan olahraga ringan setiap hari, rajin meminun vitamin', 77, 111, 1, 16, 28, 'Iya', 'Normal'),
(152, 60, '2019-07-14 00:00:00', 'Normal', 96.234397225976, 'Menjaga asupan makanan, mengontrol berat badan, melakukan olahraga ringan setiap hari, rajin meminun vitamin', 80, 130, 3, 23, 28, 'Iya', 'Normal'),
(153, 60, '2019-08-24 00:00:00', 'Normal', 87.479289940828, 'Menjaga asupan makanan, mengontrol berat badan, melakukan olahraga ringan setiap hari, rajin meminun vitamin', 70, 140, 5, 32, 28, 'Iya', 'Normal'),
(154, 43, '2019-04-08 00:00:00', 'Normal', 94.056689300537, 'Menjaga asupan makanan, mengontrol berat badan, melakukan olahraga ringan setiap hari, rajin meminun vitamin', 95, 109, 3, 4, 27, 'Tidak', 'Normal'),
(155, 43, '2019-05-17 00:00:00', 'Normal', 87.479289940828, 'Menjaga asupan makanan, mengontrol berat badan, melakukan olahraga ringan setiap hari, rajin meminun vitamin', 90, 110, 7, 16, 27, 'Tidak', 'Normal'),
(156, 43, '2019-06-14 00:00:00', 'Normal', 86.366863905325, 'Menjaga asupan makanan, mengontrol berat badan, melakukan olahraga ringan setiap hari, rajin meminun vitamin', 80, 105, 5, 24, 27, 'Tidak', 'Normal'),
(157, 88, '2019-02-04 00:00:00', 'Normal', 93.75, 'Menjaga asupan makanan, mengontrol berat badan, melakukan olahraga ringan setiap hari, rajin meminun vitamin', 90, 109, 3, 6, 22, 'Iya', 'Normal'),
(158, 88, '2019-03-15 00:00:00', 'Normal', 80, 'Menjaga asupan makanan, mengontrol berat badan, melakukan olahraga ringan setiap hari, rajin meminun vitamin', 70, 100, 7, 16, 22, 'Iya', 'Normal'),
(159, 88, '2019-05-10 00:00:00', 'Normal', 93.101169433594, 'Menjaga asupan makanan, mengontrol berat badan, melakukan olahraga ringan setiap hari, rajin meminun vitamin', 80, 105, 3, 28, 22, 'Iya', 'Normal'),
(160, 88, '2019-07-14 00:00:00', 'Normal', 85.792899408284, 'Menjaga asupan makanan, mengontrol berat badan, melakukan olahraga ringan setiap hari, rajin meminun vitamin', 75, 103, 4, 34, 22, 'Iya', 'Normal'),
(161, 109, '2019-02-04 00:00:00', 'Normal', 86.366863905325, 'Menjaga asupan makanan, mengontrol berat badan, melakukan olahraga ringan setiap hari, rajin meminun vitamin', 80, 120, 5, 4, 26, 'Iya', 'Normal'),
(162, 109, '2019-03-15 00:00:00', 'Normal', 93.431591644287, 'Menjaga asupan makanan, mengontrol berat badan, melakukan olahraga ringan setiap hari, rajin meminun vitamin', 85, 116, 3, 12, 26, 'Iya', 'Normal'),
(163, 109, '2019-05-10 00:00:00', 'Normal', 93.75, 'Menjaga asupan makanan, mengontrol berat badan, melakukan olahraga ringan setiap hari, rajin meminun vitamin', 83, 122, 2, 24, 26, 'Iya', 'Normal'),
(164, 109, '2019-07-14 00:00:00', 'Normal', 86.366863905325, 'Menjaga asupan makanan, mengontrol berat badan, melakukan olahraga ringan setiap hari, rajin meminun vitamin', 80, 120, 4, 28, 26, 'Iya', 'Normal'),
(165, 109, '2019-08-24 00:00:00', 'Normal', 85.792899408284, 'Menjaga asupan makanan, mengontrol berat badan, melakukan olahraga ringan setiap hari, rajin meminun vitamin', 75, 110, 8, 32, 26, 'Iya', 'Normal'),
(166, 64, '2019-02-04 00:00:00', 'Normal', 96.43518183698, 'Menjaga asupan makanan, mengontrol berat badan, melakukan olahraga ringan setiap hari, rajin meminun vitamin', 90, 125, 3, 5, 24, 'Tidak', 'Normal'),
(167, 64, '2019-03-15 00:00:00', 'Normal', 96.1931307456, 'Menjaga asupan makanan, mengontrol berat badan, melakukan olahraga ringan setiap hari, rajin meminun vitamin', 77, 130, 1, 13, 24, 'Tidak', 'Normal'),
(168, 64, '2019-05-10 00:00:00', 'Normal', 86.366863905325, 'Menjaga asupan makanan, mengontrol berat badan, melakukan olahraga ringan setiap hari, rajin meminun vitamin', 80, 110, 4, 20, 24, 'Tidak', 'Normal'),
(169, 64, '2019-07-14 00:00:00', 'Normal', 95.776518320988, 'Menjaga asupan makanan, mengontrol berat badan, melakukan olahraga ringan setiap hari, rajin meminun vitamin', 90, 150, 2, 30, 24, 'Tidak', 'Normal'),
(170, 57, '2019-02-04 00:00:00', 'Normal', 86.92899408284, 'Menjaga asupan makanan, mengontrol berat badan, melakukan olahraga ringan setiap hari, rajin meminun vitamin', 85, 120, 5, 4, 31, 'Iya', 'Normal'),
(171, 57, '2019-03-15 00:00:00', 'Normal', 85.792899408284, 'Menjaga asupan makanan, mengontrol berat badan, melakukan olahraga ringan setiap hari, rajin meminun vitamin', 75, 110, 6, 14, 31, 'Iya', 'Normal'),
(172, 57, '2019-05-10 00:00:00', 'Normal', 78.02734375, 'Menjaga asupan makanan, mengontrol berat badan, melakukan olahraga ringan setiap hari, rajin meminun vitamin', 85, 130, 8, 26, 31, 'Iya', 'Normal'),
(173, 57, '2019-07-14 00:00:00', 'Normal', 92.758434906006, 'Menjaga asupan makanan, mengontrol berat badan, melakukan olahraga ringan setiap hari, rajin meminun vitamin', 75, 115, 3, 32, 31, 'Iya', 'Normal'),
(174, 61, '2019-02-04 00:00:00', 'Normal', 80, 'Menjaga asupan makanan, mengontrol berat badan, melakukan olahraga ringan setiap hari, rajin meminun vitamin', 70, 110, 4, 8, 25, 'Tidak', 'Normal'),
(175, 61, '2019-03-15 00:00:00', 'Normal', 86.366863905325, 'Menjaga asupan makanan, mengontrol berat badan, melakukan olahraga ringan setiap hari, rajin meminun vitamin', 80, 100, 5, 14, 25, 'Tidak', 'Normal'),
(176, 61, '2019-05-10 00:00:00', 'Normal', 93.234799, 'Menjaga asupan makanan, mengontrol berat badan, melakukan olahraga ringan setiap hari, rajin meminun vitamin', 82, 107, 3, 19, 25, 'Tidak', 'Normal'),
(177, 61, '2019-07-14 00:00:00', 'Normal', 86.138698224852, 'Menjaga asupan makanan, mengontrol berat badan, melakukan olahraga ringan setiap hari, rajin meminun vitamin', 78, 111, 5, 23, 25, 'Tidak', 'Normal'),
(178, 57, '2019-02-04 00:00:00', 'Normal', 87.479289940828, 'Menjaga asupan makanan, mengontrol berat badan, melakukan olahraga ringan setiap hari, rajin meminun vitamin', 90, 120, 4, 7, 31, 'Tidak', 'Normal'),
(179, 57, '2019-02-12 00:00:00', 'Normal', 87.479289940828, 'Menjaga asupan makanan, mengontrol berat badan, melakukan olahraga ringan setiap hari, rajin meminun vitamin', 90, 117, 4, 14, 31, 'Tidak', 'Normal'),
(180, 57, '2019-04-20 00:00:00', 'Normal', 96.512956655168, 'Menjaga asupan makanan, mengontrol berat badan, melakukan olahraga ringan setiap hari, rajin meminun vitamin', 95, 122, 3, 20, 31, 'Tidak', 'Normal'),
(181, 58, '2019-02-04 00:00:00', 'Normal', 92.9655699375, 'Menjaga asupan makanan, mengontrol berat badan, melakukan olahraga ringan setiap hari, rajin meminun vitamin', 78, 112, 3, 4, 30, 'Tidak', 'Normal'),
(182, 58, '2019-03-22 00:00:00', 'Normal', 88.124023668639, 'Menjaga asupan makanan, mengontrol berat badan, melakukan olahraga ringan setiap hari, rajin meminun vitamin', 96, 120, 5, 9, 30, 'Tidak', 'Normal'),
(183, 58, '2019-04-12 00:00:00', 'Normal', 87.04, 'Menjaga asupan makanan, mengontrol berat badan, melakukan olahraga ringan setiap hari, rajin meminun vitamin', 86, 110, 6, 15, 30, 'Tidak', 'Normal'),
(184, 58, '2019-06-04 00:00:00', 'Normal', 96.315812546991, 'Menjaga asupan makanan, mengontrol berat badan, melakukan olahraga ringan setiap hari, rajin meminun vitamin', 90, 122, 3, 20, 30, 'Tidak', 'Normal'),
(185, 58, '2019-07-08 00:00:00', 'Normal', 87.370177514793, 'Menjaga asupan makanan, mengontrol berat badan, melakukan olahraga ringan setiap hari, rajin meminun vitamin', 89, 114, 4, 24, 30, 'Tidak', 'Normal'),
(186, 104, '2019-02-04 00:00:00', 'Normal', 88.44, 'Menjaga asupan makanan, mengontrol berat badan, melakukan olahraga ringan setiap hari, rajin meminun vitamin', 99, 112, 4, 6, 31, 'Tidak', 'Normal'),
(187, 104, '2019-03-22 00:00:00', 'Normal', 87.479289940828, 'Menjaga asupan makanan, mengontrol berat badan, melakukan olahraga ringan setiap hari, rajin meminun vitamin', 90, 115, 4, 10, 31, 'Tidak', 'Normal'),
(188, 104, '2019-04-12 00:00:00', 'Normal', 87.370177514793, 'Menjaga asupan makanan, mengontrol berat badan, melakukan olahraga ringan setiap hari, rajin meminun vitamin', 89, 110, 9, 15, 31, 'Tidak', 'Normal'),
(189, 104, '2019-06-04 00:00:00', 'Normal', 87.479289940828, 'Menjaga asupan makanan, mengontrol berat badan, melakukan olahraga ringan setiap hari, rajin meminun vitamin', 90, 110, 5, 21, 31, 'Tidak', 'Normal'),
(190, 104, '2019-07-08 00:00:00', 'Normal', 93.624059371094, 'Menjaga asupan makanan, mengontrol berat badan, melakukan olahraga ringan setiap hari, rajin meminun vitamin', 88, 112, 3, 27, 31, 'Tidak', 'Normal'),
(191, 108, '2019-05-10 00:00:00', 'Normal', 87.260591715976, 'Menjaga asupan makanan, mengontrol berat badan, melakukan olahraga ringan setiap hari, rajin meminun vitamin', 88, 111, 5, 9, 27, 'Tidak', 'Normal'),
(192, 108, '2019-07-14 00:00:00', 'Normal', 86.366863905325, 'Menjaga asupan makanan, mengontrol berat badan, melakukan olahraga ringan setiap hari, rajin meminun vitamin', 80, 100, 4, 14, 27, 'Tidak', 'Normal'),
(193, 108, '2019-08-24 00:00:00', 'Normal', 93.431591644287, 'Menjaga asupan makanan, mengontrol berat badan, melakukan olahraga ringan setiap hari, rajin meminun vitamin', 85, 112, 3, 20, 27, 'Tidak', 'Normal'),
(194, 115, '2019-02-04 00:00:00', 'Normal', 85.792899408284, 'Menjaga asupan makanan, mengontrol berat badan, melakukan olahraga ringan setiap hari, rajin meminun vitamin', 75, 110, 5, 6, 26, 'Tidak', 'Normal'),
(195, 115, '2019-03-22 00:00:00', 'Normal', 86.366863905325, 'Menjaga asupan makanan, mengontrol berat badan, melakukan olahraga ringan setiap hari, rajin meminun vitamin', 80, 110, 4, 11, 26, 'Tidak', 'Normal'),
(196, 115, '2019-04-12 00:00:00', 'Normal', 92.9655699375, 'Menjaga asupan makanan, mengontrol berat badan, melakukan olahraga ringan setiap hari, rajin meminun vitamin', 78, 109, 3, 17, 26, 'Tidak', 'Normal'),
(197, 115, '2019-06-04 00:00:00', 'Normal', 86.366863905325, 'Menjaga asupan makanan, mengontrol berat badan, melakukan olahraga ringan setiap hari, rajin meminun vitamin', 80, 105, 6, 23, 26, 'Tidak', 'Normal'),
(198, 115, '2019-07-08 00:00:00', 'Normal', 86.023905325444, 'Menjaga asupan makanan, mengontrol berat badan, melakukan olahraga ringan setiap hari, rajin meminun vitamin', 77, 110, 4, 28, 26, 'Tidak', 'Normal'),
(199, 146, '2019-02-10 00:00:00', 'Normal', 85.792899408284, 'Menjaga asupan makanan, mengontrol berat badan, melakukan olahraga ringan setiap hari, rajin meminun vitamin', 75, 100, 5, 6, 23, 'Tidak', 'Normal'),
(200, 146, '2019-03-14 00:00:00', 'Normal', 86.366863905325, 'Menjaga asupan makanan, mengontrol berat badan, melakukan olahraga ringan setiap hari, rajin meminun vitamin', 80, 105, 6, 12, 23, 'Tidak', 'Normal'),
(201, 146, '2019-04-29 00:00:00', 'Normal', 86.92899408284, 'Menjaga asupan makanan, mengontrol berat badan, melakukan olahraga ringan setiap hari, rajin meminun vitamin', 85, 108, 5, 17, 23, 'Tidak', 'Normal'),
(202, 146, '2019-06-11 00:00:00', 'Normal', 86.366863905325, 'Menjaga asupan makanan, mengontrol berat badan, melakukan olahraga ringan setiap hari, rajin meminun vitamin', 80, 110, 8, 24, 23, 'Tidak', 'Normal'),
(203, 125, '2019-03-11 00:00:00', 'Normal', 86.92899408284, 'Menjaga asupan makanan, mengontrol berat badan, melakukan olahraga ringan setiap hari, rajin meminun vitamin', 85, 116, 9, 14, 22, 'Tidak', 'Normal'),
(204, 125, '2019-04-08 00:00:00', 'Normal', 88.854174804688, 'Menjaga asupan makanan, mengontrol berat badan, melakukan olahraga ringan setiap hari, rajin meminun vitamin', 83, 122, 5, 12, 22, 'Tidak', 'Normal'),
(205, 125, '2019-05-17 00:00:00', 'Normal', 86.366863905325, 'Menjaga asupan makanan, mengontrol berat badan, melakukan olahraga ringan setiap hari, rajin meminun vitamin', 80, 120, 6, 16, 22, 'Tidak', 'Normal'),
(206, 139, '2019-02-04 00:00:00', 'Normal', 86.366863905325, 'Menjaga asupan makanan, mengontrol berat badan, melakukan olahraga ringan setiap hari, rajin meminun vitamin', 80, 120, 4, 5, 31, 'Tidak', 'Normal'),
(207, 139, '2019-03-15 00:00:00', 'Normal', 87.04, 'Menjaga asupan makanan, mengontrol berat badan, melakukan olahraga ringan setiap hari, rajin meminun vitamin', 86, 119, 6, 9, 31, 'Tidak', 'Normal'),
(208, 139, '2019-05-10 00:00:00', 'Normal', 93.75, 'Menjaga asupan makanan, mengontrol berat badan, melakukan olahraga ringan setiap hari, rajin meminun vitamin', 90, 115, 3, 14, 31, 'Tidak', 'Normal'),
(209, 139, '2019-07-14 00:00:00', 'Normal', 86.705562130178, 'Menjaga asupan makanan, mengontrol berat badan, melakukan olahraga ringan setiap hari, rajin meminun vitamin', 83, 120, 5, 17, 31, 'Tidak', 'Normal'),
(210, 117, '2019-02-04 00:00:00', 'Normal', 86.366863905325, 'Menjaga asupan makanan, mengontrol berat badan, melakukan olahraga ringan setiap hari, rajin meminun vitamin', 80, 111, 5, 8, 31, 'Tidak', 'Normal'),
(211, 117, '2019-03-22 00:00:00', 'Normal', 86.480236686391, 'Menjaga asupan makanan, mengontrol berat badan, melakukan olahraga ringan setiap hari, rajin meminun vitamin', 81, 109, 7, 14, 31, 'Tidak', 'Normal'),
(212, 117, '2019-04-12 00:00:00', 'Normal', 87.479289940828, 'Menjaga asupan makanan, mengontrol berat badan, melakukan olahraga ringan setiap hari, rajin meminun vitamin', 90, 110, 4, 19, 31, 'Tidak', 'Normal'),
(213, 117, '2019-06-04 00:00:00', 'Normal', 86.366863905325, 'Menjaga asupan makanan, mengontrol berat badan, melakukan olahraga ringan setiap hari, rajin meminun vitamin', 80, 105, 8, 23, 31, 'Tidak', 'Normal'),
(214, 117, '2019-07-08 00:00:00', 'Normal', 93.75, 'Menjaga asupan makanan, mengontrol berat badan, melakukan olahraga ringan setiap hari, rajin meminun vitamin', 90, 109, 3, 28, 31, 'Tidak', 'Normal'),
(215, 109, '2019-02-04 00:00:00', 'Normal', 76.098765432099, 'Menjaga asupan makanan, mengontrol berat badan, melakukan olahraga ringan setiap hari, rajin meminun vitamin', 120, 130, 6, 17, 26, 'Iya', 'Tinggi'),
(216, 109, '2019-03-15 00:00:00', 'Normal', 77.172839506173, 'Menjaga asupan makanan, mengontrol berat badan, melakukan olahraga ringan setiap hari, rajin meminun vitamin', 125, 135, 5, 21, 26, 'Iya', 'Tinggi'),
(217, 109, '2019-05-10 00:00:00', 'Normal', 77.384691358025, 'Menjaga asupan makanan, mengontrol berat badan, melakukan olahraga ringan setiap hari, rajin meminun vitamin', 127, 135, 8, 25, 26, 'Iya', 'Tinggi'),
(218, 89, '2019-02-04 00:00:00', 'Normal', 86.366863905325, 'Menjaga asupan makanan, mengontrol berat badan, melakukan olahraga ringan setiap hari, rajin meminun vitamin', 80, 120, 4, 8, 23, 'Tidak', 'Normal'),
(219, 89, '2019-03-15 00:00:00', 'Normal', 86.92899408284, 'Menjaga asupan makanan, mengontrol berat badan, melakukan olahraga ringan setiap hari, rajin meminun vitamin', 85, 116, 9, 14, 23, 'Tidak', 'Normal'),
(220, 89, '2019-05-10 00:00:00', 'Normal', 88.854174804688, 'Menjaga asupan makanan, mengontrol berat badan, melakukan olahraga ringan setiap hari, rajin meminun vitamin', 83, 122, 5, 12, 23, 'Tidak', 'Normal'),
(221, 89, '2019-07-14 00:00:00', 'Normal', 86.366863905325, 'Menjaga asupan makanan, mengontrol berat badan, melakukan olahraga ringan setiap hari, rajin meminun vitamin', 80, 120, 6, 16, 23, 'Tidak', 'Normal'),
(222, 63, '2019-02-04 00:00:00', 'Normal', 85.792899408284, 'Menjaga asupan makanan, mengontrol berat badan, melakukan olahraga ringan setiap hari, rajin meminun vitamin', 75, 100, 5, 6, 25, 'Tidak', 'Normal'),
(223, 63, '2019-03-15 00:00:00', 'Normal', 86.366863905325, 'Menjaga asupan makanan, mengontrol berat badan, melakukan olahraga ringan setiap hari, rajin meminun vitamin', 80, 105, 6, 12, 25, 'Tidak', 'Normal'),
(224, 63, '2019-05-10 00:00:00', 'Normal', 86.92899408284, 'Menjaga asupan makanan, mengontrol berat badan, melakukan olahraga ringan setiap hari, rajin meminun vitamin', 85, 108, 5, 17, 25, 'Tidak', 'Normal'),
(225, 63, '2019-07-14 00:00:00', 'Normal', 86.366863905325, 'Menjaga asupan makanan, mengontrol berat badan, melakukan olahraga ringan setiap hari, rajin meminun vitamin', 80, 110, 8, 24, 25, 'Tidak', 'Normal'),
(226, 27, '2019-02-04 00:00:00', 'Normal', 87.479289940828, 'Menjaga asupan makanan, mengontrol berat badan, melakukan olahraga ringan setiap hari, rajin meminun vitamin', 90, 120, 5, 8, 25, 'Tidak', 'Normal'),
(227, 27, '2019-03-15 00:00:00', 'Normal', 93.431591644287, 'Menjaga asupan makanan, mengontrol berat badan, melakukan olahraga ringan setiap hari, rajin meminun vitamin', 85, 110, 3, 14, 25, 'Tidak', 'Normal'),
(228, 27, '2019-05-10 00:00:00', 'Normal', 89.534641992188, 'Menjaga asupan makanan, mengontrol berat badan, melakukan olahraga ringan setiap hari, rajin meminun vitamin', 90, 123, 4, 28, 25, 'Tidak', 'Normal'),
(229, 27, '2019-07-14 00:00:00', 'Normal', 87.803786982249, 'Menjaga asupan makanan, mengontrol berat badan, melakukan olahraga ringan setiap hari, rajin meminun vitamin', 93, 120, 7, 32, 25, 'Tidak', 'Normal'),
(230, 59, '2019-02-04 00:00:00', 'Normal', 78.222222222222, 'Menjaga asupan makanan, mengontrol berat badan, melakukan olahraga ringan setiap hari, rajin meminun vitamin', 130, 140, 6, 29, 29, 'Iya', 'Sangat Tinggi'),
(231, 59, '2019-03-22 00:00:00', 'Normal', 78.118395061728, 'Menjaga asupan makanan, mengontrol berat badan, melakukan olahraga ringan setiap hari, rajin meminun vitamin', 129, 140, 5, 32, 29, 'Iya', 'Sangat Tinggi'),
(232, 91, '2019-02-04 00:00:00', 'Normal', 67.857142857143, 'Menjaga asupan makanan, mengontrol berat badan, melakukan olahraga ringan setiap hari, rajin meminun vitamin', 110, 155, 5, 6, 25, 'Iya', 'Sangat Tinggi'),
(233, 91, '2019-03-22 00:00:00', 'Normal', 78.222222222222, 'Menjaga asupan makanan, mengontrol berat badan, melakukan olahraga ringan setiap hari, rajin meminun vitamin', 120, 150, 8, 10, 25, 'Iya', 'Tinggi'),
(234, 91, '2019-04-12 00:00:00', 'Normal', 78.737654320988, 'Menjaga asupan makanan, mengontrol berat badan, melakukan olahraga ringan setiap hari, rajin meminun vitamin', 120, 155, 5, 14, 25, 'Iya', 'Tinggi'),
(235, 91, '2019-06-04 00:00:00', 'Normal', 78.84, 'Menjaga asupan makanan, mengontrol berat badan, melakukan olahraga ringan setiap hari, rajin meminun vitamin', 121, 155, 6, 20, 25, 'Iya', 'Tinggi'),
(236, 111, '2019-02-04 00:00:00', 'Normal', 82.745562130178, 'Menjaga asupan makanan, mengontrol berat badan, melakukan olahraga ringan setiap hari, rajin meminun vitamin', 70, 100, 3, 5, 23, 'Tidak', 'Normal'),
(237, 111, '2019-02-12 00:00:00', 'Normal', 86.366863905325, 'Menjaga asupan makanan, mengontrol berat badan, melakukan olahraga ringan setiap hari, rajin meminun vitamin', 80, 109, 5, 12, 23, 'Tidak', 'Normal'),
(238, 111, '2019-04-20 00:00:00', 'Normal', 85.792899408284, 'Menjaga asupan makanan, mengontrol berat badan, melakukan olahraga ringan setiap hari, rajin meminun vitamin', 75, 110, 8, 18, 23, 'Tidak', 'Normal'),
(239, 122, '2019-02-04 00:00:00', 'Normal', 86.480236686391, 'Menjaga asupan makanan, mengontrol berat badan, melakukan olahraga ringan setiap hari, rajin meminun vitamin', 81, 109, 7, 14, 23, 'Tidak', 'Normal'),
(240, 122, '2019-03-15 00:00:00', 'Normal', 87.479289940828, 'Menjaga asupan makanan, mengontrol berat badan, melakukan olahraga ringan setiap hari, rajin meminun vitamin', 90, 110, 4, 19, 23, 'Tidak', 'Normal'),
(241, 122, '2019-05-10 00:00:00', 'Normal', 86.366863905325, 'Menjaga asupan makanan, mengontrol berat badan, melakukan olahraga ringan setiap hari, rajin meminun vitamin', 80, 105, 8, 23, 23, 'Tidak', 'Normal'),
(242, 122, '2019-07-14 00:00:00', 'Normal', 93.75, 'Menjaga asupan makanan, mengontrol berat badan, melakukan olahraga ringan setiap hari, rajin meminun vitamin', 90, 109, 3, 28, 23, 'Tidak', 'Normal'),
(243, 9, '2019-02-04 00:00:00', 'Normal', 85.792899408284, 'Menjaga asupan makanan, mengontrol berat badan, melakukan olahraga ringan setiap hari, rajin meminun vitamin', 75, 110, 5, 6, 35, 'Tidak', 'Normal'),
(244, 9, '2019-03-15 00:00:00', 'Normal', 86.366863905325, 'Menjaga asupan makanan, mengontrol berat badan, melakukan olahraga ringan setiap hari, rajin meminun vitamin', 80, 110, 4, 11, 35, 'Tidak', 'Normal'),
(245, 9, '2019-05-10 00:00:00', 'Normal', 92.9655699375, 'Menjaga asupan makanan, mengontrol berat badan, melakukan olahraga ringan setiap hari, rajin meminun vitamin', 78, 109, 3, 17, 35, 'Tidak', 'Normal'),
(246, 9, '2019-07-14 00:00:00', 'Normal', 86.366863905325, 'Menjaga asupan makanan, mengontrol berat badan, melakukan olahraga ringan setiap hari, rajin meminun vitamin', 80, 105, 6, 23, 35, 'Tidak', 'Normal'),
(247, 9, '2019-08-24 00:00:00', 'Normal', 86.023905325444, 'Menjaga asupan makanan, mengontrol berat badan, melakukan olahraga ringan setiap hari, rajin meminun vitamin', 77, 110, 4, 28, 35, 'Tidak', 'Normal'),
(248, 54, '2019-03-11 00:00:00', 'Normal', 85.792899408284, 'Menjaga asupan makanan, mengontrol berat badan, melakukan olahraga ringan setiap hari, rajin meminun vitamin', 75, 100, 5, 6, 30, 'Tidak', 'Normal'),
(249, 54, '2019-04-08 00:00:00', 'Normal', 86.366863905325, 'Menjaga asupan makanan, mengontrol berat badan, melakukan olahraga ringan setiap hari, rajin meminun vitamin', 80, 105, 6, 12, 30, 'Tidak', 'Normal'),
(250, 54, '2019-05-17 00:00:00', 'Normal', 86.92899408284, 'Menjaga asupan makanan, mengontrol berat badan, melakukan olahraga ringan setiap hari, rajin meminun vitamin', 85, 108, 5, 17, 30, 'Tidak', 'Normal');
INSERT INTO `tb_konsultasi` (`id_konsultasi`, `id_pasien`, `tanggal_konsultasi`, `hasil_konsultasi`, `persentase`, `solusi`, `tdd`, `tds`, `kbb`, `uk`, `ui`, `edema`, `proteinuria`) VALUES
(251, 54, '2019-06-14 00:00:00', 'Normal', 86.366863905325, 'Menjaga asupan makanan, mengontrol berat badan, melakukan olahraga ringan setiap hari, rajin meminun vitamin', 80, 110, 8, 24, 30, 'Tidak', 'Normal'),
(252, 99, '2019-03-22 00:00:00', 'Normal', 86.366863905325, 'Menjaga asupan makanan, mengontrol berat badan, melakukan olahraga ringan setiap hari, rajin meminun vitamin', 80, 120, 4, 5, 34, 'Tidak', 'Normal'),
(253, 99, '2019-04-12 00:00:00', 'Normal', 87.04, 'Menjaga asupan makanan, mengontrol berat badan, melakukan olahraga ringan setiap hari, rajin meminun vitamin', 86, 119, 6, 9, 34, 'Tidak', 'Normal'),
(254, 99, '2019-06-04 00:00:00', 'Normal', 93.75, 'Menjaga asupan makanan, mengontrol berat badan, melakukan olahraga ringan setiap hari, rajin meminun vitamin', 90, 115, 3, 14, 34, 'Tidak', 'Normal'),
(255, 99, '2019-07-08 00:00:00', 'Normal', 86.705562130178, 'Menjaga asupan makanan, mengontrol berat badan, melakukan olahraga ringan setiap hari, rajin meminun vitamin', 83, 120, 5, 17, 34, 'Tidak', 'Normal'),
(256, 83, '2019-02-04 00:00:00', 'Normal', 85.792899408284, 'Menjaga asupan makanan, mengontrol berat badan, melakukan olahraga ringan setiap hari, rajin meminun vitamin', 75, 110, 5, 6, 29, 'Tidak', 'Normal'),
(257, 83, '2019-03-15 00:00:00', 'Normal', 86.366863905325, 'Menjaga asupan makanan, mengontrol berat badan, melakukan olahraga ringan setiap hari, rajin meminun vitamin', 80, 110, 4, 11, 29, 'Tidak', 'Normal'),
(258, 83, '2019-05-10 00:00:00', 'Normal', 92.9655699375, 'Menjaga asupan makanan, mengontrol berat badan, melakukan olahraga ringan setiap hari, rajin meminun vitamin', 78, 109, 3, 17, 29, 'Tidak', 'Normal'),
(259, 83, '2019-07-14 00:00:00', 'Normal', 86.366863905325, 'Menjaga asupan makanan, mengontrol berat badan, melakukan olahraga ringan setiap hari, rajin meminun vitamin', 80, 105, 6, 23, 29, 'Tidak', 'Normal'),
(260, 83, '2019-08-24 00:00:00', 'Normal', 86.023905325444, 'Menjaga asupan makanan, mengontrol berat badan, melakukan olahraga ringan setiap hari, rajin meminun vitamin', 77, 110, 4, 28, 29, 'Tidak', 'Normal'),
(261, 12, '2017-12-11 00:00:00', 'Normal', 89.964604111541, 'Menjaga asupan makanan, mengontrol berat badan, melakukan olahraga ringan setiap hari, rajin meminun vitamin', 110, 155, 3, 6, 24, 'Iya', 'Normal'),
(262, 12, '2018-01-08 00:00:00', 'Normal', 78.222222222222, 'Menjaga asupan makanan, mengontrol berat badan, melakukan olahraga ringan setiap hari, rajin meminun vitamin', 120, 150, 5, 12, 24, 'Iya', 'Normal'),
(263, 12, '2018-04-17 00:00:00', 'Normal', 78.737654320988, 'Menjaga asupan makanan, mengontrol berat badan, melakukan olahraga ringan setiap hari, rajin meminun vitamin', 120, 155, 5, 17, 24, 'Iya', 'Normal'),
(264, 12, '2018-05-14 00:00:00', 'Normal', 78.84, 'Menjaga asupan makanan, mengontrol berat badan, melakukan olahraga ringan setiap hari, rajin meminun vitamin', 121, 155, 6, 24, 24, 'Iya', 'Normal'),
(265, 124, '2017-12-10 00:00:00', 'Normal', 86.480236686391, 'Menjaga asupan makanan, mengontrol berat badan, melakukan olahraga ringan setiap hari, rajin meminun vitamin', 81, 109, 5, 4, 23, 'Iya', 'Normal'),
(266, 124, '2018-01-04 00:00:00', 'Normal', 87.479289940828, 'Menjaga asupan makanan, mengontrol berat badan, melakukan olahraga ringan setiap hari, rajin meminun vitamin', 90, 110, 8, 11, 23, 'Iya', 'Normal'),
(267, 124, '2018-01-29 00:00:00', 'Normal', 86.366863905325, 'Menjaga asupan makanan, mengontrol berat badan, melakukan olahraga ringan setiap hari, rajin meminun vitamin', 80, 105, 5, 17, 23, 'Iya', 'Normal'),
(268, 124, '2018-03-11 00:00:00', 'Normal', 88.01775147929, 'Menjaga asupan makanan, mengontrol berat badan, melakukan olahraga ringan setiap hari, rajin meminun vitamin', 95, 109, 6, 23, 23, 'Iya', 'Normal'),
(269, 126, '2018-01-21 00:00:00', 'Normal', 86.92899408284, 'Menjaga asupan makanan, mengontrol berat badan, melakukan olahraga ringan setiap hari, rajin meminun vitamin', 85, 110, 7, 3, 21, 'Tidak', 'Normal'),
(270, 126, '2018-03-11 00:00:00', 'Normal', 88.679569726563, 'Menjaga asupan makanan, mengontrol berat badan, melakukan olahraga ringan setiap hari, rajin meminun vitamin', 80, 123, 8, 9, 21, 'Tidak', 'Normal'),
(271, 126, '2018-04-03 00:00:00', 'Normal', 86.366863905325, 'Menjaga asupan makanan, mengontrol berat badan, melakukan olahraga ringan setiap hari, rajin meminun vitamin', 80, 115, 6, 14, 21, 'Tidak', 'Normal'),
(272, 148, '2018-02-04 00:00:00', 'Normal', 85.048888888889, 'Menjaga asupan makanan, mengontrol berat badan, melakukan olahraga ringan setiap hari, rajin meminun vitamin', 78, 110, 2, 20, 21, 'Tidak', 'Normal'),
(273, 148, '2018-03-15 00:00:00', 'Normal', 86.366863905325, 'Menjaga asupan makanan, mengontrol berat badan, melakukan olahraga ringan setiap hari, rajin meminun vitamin', 80, 120, 4, 6, 22, 'Tidak', 'Normal'),
(274, 148, '2018-05-10 00:00:00', 'Normal', 86.023905325444, 'Menjaga asupan makanan, mengontrol berat badan, melakukan olahraga ringan setiap hari, rajin meminun vitamin', 77, 110, 6, 15, 22, 'Tidak', 'Normal'),
(275, 148, '2018-07-14 00:00:00', 'Normal', 86.366863905325, 'Menjaga asupan makanan, mengontrol berat badan, melakukan olahraga ringan setiap hari, rajin meminun vitamin', 80, 105, 8, 25, 22, 'Tidak', 'Normal'),
(276, 148, '2018-08-24 00:00:00', 'Normal', 88.028097667638, 'Menjaga asupan makanan, mengontrol berat badan, melakukan olahraga ringan setiap hari, rajin meminun vitamin', 85, 120, 1, 31, 22, 'Tidak', 'Normal'),
(277, 146, '2018-02-22 00:00:00', 'Normal', 96.626964381974, 'Menjaga asupan makanan, mengontrol berat badan, melakukan olahraga ringan setiap hari, rajin meminun vitamin', 90, 130, 3, 5, 27, 'Tidak', 'Normal'),
(278, 146, '2018-03-20 00:00:00', 'Normal', 88.01775147929, 'Menjaga asupan makanan, mengontrol berat badan, melakukan olahraga ringan setiap hari, rajin meminun vitamin', 95, 120, 5, 13, 27, 'Tidak', 'Normal'),
(279, 110, '2018-02-04 00:00:00', 'Normal', 86.817514792899, 'Menjaga asupan makanan, mengontrol berat badan, melakukan olahraga ringan setiap hari, rajin meminun vitamin', 84, 108, 7, 6, 27, 'Tidak', 'Normal'),
(280, 110, '2018-03-15 00:00:00', 'Normal', 88.01775147929, 'Menjaga asupan makanan, mengontrol berat badan, melakukan olahraga ringan setiap hari, rajin meminun vitamin', 95, 120, 4, 11, 27, 'Tidak', 'Normal'),
(281, 110, '2018-05-10 00:00:00', 'Normal', 86.593136094675, 'Menjaga asupan makanan, mengontrol berat badan, melakukan olahraga ringan setiap hari, rajin meminun vitamin', 82, 110, 8, 17, 26, 'Tidak', 'Normal'),
(282, 110, '2018-07-14 00:00:00', 'Normal', 93.300881054443, 'Menjaga asupan makanan, mengontrol berat badan, melakukan olahraga ringan setiap hari, rajin meminun vitamin', 83, 105, 3, 23, 26, 'Tidak', 'Normal'),
(283, 110, '2018-08-24 00:00:00', 'Normal', 86.366863905325, 'Menjaga asupan makanan, mengontrol berat badan, melakukan olahraga ringan setiap hari, rajin meminun vitamin', 80, 105, 5, 28, 26, 'Tidak', 'Normal'),
(284, 140, '2018-04-08 00:00:00', 'Normal', 89.700317382812, 'Menjaga asupan makanan, mengontrol berat badan, melakukan olahraga ringan setiap hari, rajin meminun vitamin', 90, 125, 6, 4, 26, 'Iya', 'Normal'),
(285, 140, '2018-05-17 00:00:00', 'Normal', 77.07984375, 'Menjaga asupan makanan, mengontrol berat badan, melakukan olahraga ringan setiap hari, rajin meminun vitamin', 77, 130, 5, 16, 26, 'Iya', 'Normal'),
(286, 140, '2018-06-14 00:00:00', 'Normal', 93.101169433594, 'Menjaga asupan makanan, mengontrol berat badan, melakukan olahraga ringan setiap hari, rajin meminun vitamin', 80, 110, 3, 1, 26, 'Iya', 'Normal'),
(287, 148, '2018-03-11 00:00:00', 'Normal', 93.75, 'Menjaga asupan makanan, mengontrol berat badan, melakukan olahraga ringan setiap hari, rajin meminun vitamin', 90, 120, 3, 11, 20, 'Iya', 'Normal'),
(288, 148, '2018-04-08 00:00:00', 'Normal', 86.92899408284, 'Menjaga asupan makanan, mengontrol berat badan, melakukan olahraga ringan setiap hari, rajin meminun vitamin', 85, 120, 8, 19, 20, 'Iya', 'Normal'),
(289, 148, '2018-05-17 00:00:00', 'Normal', 84.659722222222, 'Menjaga asupan makanan, mengontrol berat badan, melakukan olahraga ringan setiap hari, rajin meminun vitamin', 75, 110, 2, 25, 20, 'Iya', 'Normal'),
(290, 148, '2018-06-14 00:00:00', 'Normal', 93.431591644287, 'Menjaga asupan makanan, mengontrol berat badan, melakukan olahraga ringan setiap hari, rajin meminun vitamin', 85, 114, 3, 33, 20, 'Iya', 'Normal'),
(291, 157, '2018-02-04 00:00:00', 'Normal', 85.792899408284, 'Menjaga asupan makanan, mengontrol berat badan, melakukan olahraga ringan setiap hari, rajin meminun vitamin', 75, 100, 7, 5, 34, 'Iya', 'Normal'),
(292, 157, '2018-03-15 00:00:00', 'Normal', 93.101169433594, 'Menjaga asupan makanan, mengontrol berat badan, melakukan olahraga ringan setiap hari, rajin meminun vitamin', 80, 105, 3, 10, 34, 'Iya', 'Normal'),
(293, 157, '2018-05-10 00:00:00', 'Normal', 85.9375, 'Menjaga asupan makanan, mengontrol berat badan, melakukan olahraga ringan setiap hari, rajin meminun vitamin', 85, 108, 2, 20, 34, 'Iya', 'Normal'),
(294, 157, '2018-07-14 00:00:00', 'Normal', 87.5, 'Menjaga asupan makanan, mengontrol berat badan, melakukan olahraga ringan setiap hari, rajin meminun vitamin', 80, 110, 1, 35, 34, 'Iya', 'Normal'),
(295, 157, '2018-08-24 00:00:00', 'Normal', 85.792899408284, 'Menjaga asupan makanan, mengontrol berat badan, melakukan olahraga ringan setiap hari, rajin meminun vitamin', 75, 110, 6, 4, 34, 'Iya', 'Normal'),
(296, 154, '2018-02-10 00:00:00', 'Normal', 86.366863905325, 'Menjaga asupan makanan, mengontrol berat badan, melakukan olahraga ringan setiap hari, rajin meminun vitamin', 80, 108, 7, 12, 27, 'Iya', 'Normal'),
(297, 154, '2018-03-14 00:00:00', 'Normal', 80, 'Menjaga asupan makanan, mengontrol berat badan, melakukan olahraga ringan setiap hari, rajin meminun vitamin', 70, 110, 2, 8, 27, 'Iya', 'Normal'),
(298, 154, '2018-04-29 00:00:00', 'Normal', 80, 'Menjaga asupan makanan, mengontrol berat badan, melakukan olahraga ringan setiap hari, rajin meminun vitamin', 70, 100, 8, 7, 27, 'Iya', 'Normal'),
(299, 154, '2018-06-11 00:00:00', 'Normal', 93.101169433594, 'Menjaga asupan makanan, mengontrol berat badan, melakukan olahraga ringan setiap hari, rajin meminun vitamin', 80, 110, 3, 11, 27, 'Iya', 'Normal'),
(300, 97, '2018-03-03 00:00:00', 'Normal', 94.434252394835, 'Menjaga asupan makanan, mengontrol berat badan, melakukan olahraga ringan setiap hari, rajin meminun vitamin', 90, 110, 1, 8, 31, 'Tidak', 'Normal'),
(301, 97, '2018-05-16 00:00:00', 'Normal', 86.023905325444, 'Menjaga asupan makanan, mengontrol berat badan, melakukan olahraga ringan setiap hari, rajin meminun vitamin', 77, 111, 4, 14, 31, 'Tidak', 'Normal'),
(302, 97, '2018-07-12 00:00:00', 'Normal', 86.366863905325, 'Menjaga asupan makanan, mengontrol berat badan, melakukan olahraga ringan setiap hari, rajin meminun vitamin', 80, 120, 8, 12, 31, 'Tidak', 'Normal'),
(303, 97, '2018-08-14 00:00:00', 'Normal', 86.92899408284, 'Menjaga asupan makanan, mengontrol berat badan, melakukan olahraga ringan setiap hari, rajin meminun vitamin', 85, 120, 6, 16, 31, 'Tidak', 'Normal'),
(304, 55, '2018-03-03 00:00:00', 'Normal', 87.479289940828, 'Menjaga asupan makanan, mengontrol berat badan, melakukan olahraga ringan setiap hari, rajin meminun vitamin', 90, 120, 5, 5, 32, 'Iya', 'Normal'),
(305, 55, '2018-05-16 00:00:00', 'Normal', 89.026975195313, 'Menjaga asupan makanan, mengontrol berat badan, melakukan olahraga ringan setiap hari, rajin meminun vitamin', 85, 122, 6, 13, 32, 'Iya', 'Normal'),
(306, 55, '2018-07-12 00:00:00', 'Normal', 85.792899408284, 'Menjaga asupan makanan, mengontrol berat badan, melakukan olahraga ringan setiap hari, rajin meminun vitamin', 75, 100, 4, 20, 32, 'Iya', 'Normal'),
(307, 55, '2018-08-14 00:00:00', 'Normal', 86.92899408284, 'Menjaga asupan makanan, mengontrol berat badan, melakukan olahraga ringan setiap hari, rajin meminun vitamin', 85, 115, 5, 30, 32, 'Iya', 'Normal'),
(308, 15, '2018-02-15 00:00:00', 'Normal', 88.544378698225, 'Menjaga asupan makanan, mengontrol berat badan, melakukan olahraga ringan setiap hari, rajin meminun vitamin', 100, 120, 5, 9, 30, 'Iya', 'Normal'),
(309, 15, '2018-03-15 00:00:00', 'Normal', 88.01775147929, 'Menjaga asupan makanan, mengontrol berat badan, melakukan olahraga ringan setiap hari, rajin meminun vitamin', 95, 109, 8, 14, 30, 'Tidak', 'Normal'),
(310, 15, '2018-04-15 00:00:00', 'Normal', 93.75, 'Menjaga asupan makanan, mengontrol berat badan, melakukan olahraga ringan setiap hari, rajin meminun vitamin', 90, 110, 3, 18, 30, 'Tidak', 'Normal'),
(311, 15, '2018-05-15 00:00:00', 'Normal', 93.101169433594, 'Menjaga asupan makanan, mengontrol berat badan, melakukan olahraga ringan setiap hari, rajin meminun vitamin', 80, 105, 3, 27, 30, 'Tidak', 'Normal'),
(312, 23, '2018-02-04 00:00:00', 'Normal', 93.75, 'Menjaga asupan makanan, mengontrol berat badan, melakukan olahraga ringan setiap hari, rajin meminun vitamin', 80, 120, 1, 5, 20, 'Tidak', 'Normal'),
(313, 23, '2018-03-15 00:00:00', 'Normal', 87.04, 'Menjaga asupan makanan, mengontrol berat badan, melakukan olahraga ringan setiap hari, rajin meminun vitamin', 86, 119, 4, 9, 20, 'Tidak', 'Normal'),
(314, 23, '2018-05-10 00:00:00', 'Normal', 86.555555555556, 'Menjaga asupan makanan, mengontrol berat badan, melakukan olahraga ringan setiap hari, rajin meminun vitamin', 90, 115, 2, 14, 20, 'Tidak', 'Normal'),
(315, 23, '2018-07-14 00:00:00', 'Normal', 93.300881054443, 'Menjaga asupan makanan, mengontrol berat badan, melakukan olahraga ringan setiap hari, rajin meminun vitamin', 83, 120, 3, 27, 20, 'Tidak', 'Normal'),
(316, 23, '2018-08-24 00:00:00', 'Normal', 86.817514792899, 'Menjaga asupan makanan, mengontrol berat badan, melakukan olahraga ringan setiap hari, rajin meminun vitamin', 84, 100, 8, 36, 20, 'Tidak', 'Normal'),
(317, 37, '2018-02-04 00:00:00', 'Normal', 85.305555555556, 'Menjaga asupan makanan, mengontrol berat badan, melakukan olahraga ringan setiap hari, rajin meminun vitamin', 80, 120, 2, 5, 20, 'Iya', 'Normal'),
(318, 37, '2018-03-15 00:00:00', 'Normal', 86.92899408284, 'Menjaga asupan makanan, mengontrol berat badan, melakukan olahraga ringan setiap hari, rajin meminun vitamin', 85, 116, 4, 9, 20, 'Iya', 'Normal'),
(319, 37, '2018-05-10 00:00:00', 'Normal', 76.83984375, 'Menjaga asupan makanan, mengontrol berat badan, melakukan olahraga ringan setiap hari, rajin meminun vitamin', 83, 122, 8, 14, 20, 'Iya', 'Normal'),
(320, 37, '2018-07-14 00:00:00', 'Normal', 85.305555555556, 'Menjaga asupan makanan, mengontrol berat badan, melakukan olahraga ringan setiap hari, rajin meminun vitamin', 80, 120, 2, 20, 20, 'Iya', 'Normal'),
(321, 37, '2018-08-24 00:00:00', 'Normal', 94.099562421908, 'Menjaga asupan makanan, mengontrol berat badan, melakukan olahraga ringan setiap hari, rajin meminun vitamin', 85, 110, 1, 26, 20, 'Tidak', 'Normal'),
(322, 90, '2017-12-01 00:00:00', 'Normal', 86.817514792899, 'Menjaga asupan makanan, mengontrol berat badan, melakukan olahraga ringan setiap hari, rajin meminun vitamin', 84, 100, 5, 5, 23, 'Tidak', 'Normal'),
(323, 90, '2018-01-06 00:00:00', 'Normal', 86.480236686391, 'Menjaga asupan makanan, mengontrol berat badan, melakukan olahraga ringan setiap hari, rajin meminun vitamin', 81, 105, 6, 13, 23, 'Tidak', 'Normal'),
(324, 90, '2018-04-12 00:00:00', 'Normal', 86.593136094675, 'Menjaga asupan makanan, mengontrol berat badan, melakukan olahraga ringan setiap hari, rajin meminun vitamin', 82, 102, 8, 20, 23, 'Tidak', 'Normal'),
(325, 90, '2018-05-14 00:00:00', 'Normal', 86.705562130178, 'Menjaga asupan makanan, mengontrol berat badan, melakukan olahraga ringan setiap hari, rajin meminun vitamin', 83, 100, 8, 30, 23, 'Tidak', 'Normal'),
(326, 107, '2018-02-04 00:00:00', 'Normal', 85.9375, 'Menjaga asupan makanan, mengontrol berat badan, melakukan olahraga ringan setiap hari, rajin meminun vitamin', 85, 120, 2, 4, 27, 'Tidak', 'Normal'),
(327, 107, '2018-04-06 00:00:00', 'Normal', 87.479289940828, 'Menjaga asupan makanan, mengontrol berat badan, melakukan olahraga ringan setiap hari, rajin meminun vitamin', 90, 115, 5, 16, 27, 'Tidak', 'Normal'),
(328, 107, '2018-06-20 00:00:00', 'Normal', 94.235199, 'Menjaga asupan makanan, mengontrol berat badan, melakukan olahraga ringan setiap hari, rajin meminun vitamin', 98, 120, 3, 4, 27, 'Tidak', 'Normal'),
(329, 161, '2018-02-04 00:00:00', 'Normal', 94.434252394835, 'Menjaga asupan makanan, mengontrol berat badan, melakukan olahraga ringan setiap hari, rajin meminun vitamin', 90, 115, 1, 7, 29, 'Iya', 'Normal'),
(330, 161, '2018-03-15 00:00:00', 'Normal', 85.56, 'Menjaga asupan makanan, mengontrol berat badan, melakukan olahraga ringan setiap hari, rajin meminun vitamin', 73, 108, 5, 13, 29, 'Iya', 'Normal'),
(331, 161, '2018-05-10 00:00:00', 'Normal', 87.150532544379, 'Menjaga asupan makanan, mengontrol berat badan, melakukan olahraga ringan setiap hari, rajin meminun vitamin', 87, 115, 8, 21, 29, 'Iya', 'Normal'),
(332, 161, '2018-07-14 00:00:00', 'Normal', 92.758434906006, 'Menjaga asupan makanan, mengontrol berat badan, melakukan olahraga ringan setiap hari, rajin meminun vitamin', 75, 110, 3, 27, 29, 'Iya', 'Normal'),
(333, 161, '2018-08-24 00:00:00', 'Normal', 84.659722222222, 'Menjaga asupan makanan, mengontrol berat badan, melakukan olahraga ringan setiap hari, rajin meminun vitamin', 75, 90, 2, 35, 29, 'Iya', 'Normal'),
(334, 135, '2018-01-02 00:00:00', 'Normal', 86.92899408284, 'Menjaga asupan makanan, mengontrol berat badan, melakukan olahraga ringan setiap hari, rajin meminun vitamin', 85, 120, 8, 6, 33, 'Iya', 'Normal'),
(335, 135, '2018-01-21 00:00:00', 'Normal', 78.02734375, 'Menjaga asupan makanan, mengontrol berat badan, melakukan olahraga ringan setiap hari, rajin meminun vitamin', 90, 125, 4, 16, 33, 'Iya', 'Normal'),
(336, 135, '2018-03-11 00:00:00', 'Normal', 94.351950683594, 'Menjaga asupan makanan, mengontrol berat badan, melakukan olahraga ringan setiap hari, rajin meminun vitamin', 100, 120, 3, 28, 33, 'Iya', 'Normal'),
(337, 135, '2018-04-03 00:00:00', 'Normal', 86.555555555556, 'Menjaga asupan makanan, mengontrol berat badan, melakukan olahraga ringan setiap hari, rajin meminun vitamin', 90, 114, 2, 6, 33, 'Iya', 'Normal'),
(338, 159, '2018-02-04 00:00:00', 'Normal', 93.366477808594, 'Menjaga asupan makanan, mengontrol berat badan, melakukan olahraga ringan setiap hari, rajin meminun vitamin', 84, 110, 3, 10, 32, 'Tidak', 'Normal'),
(339, 159, '2018-03-15 00:00:00', 'Normal', 86.366863905325, 'Menjaga asupan makanan, mengontrol berat badan, melakukan olahraga ringan setiap hari, rajin meminun vitamin', 80, 120, 4, 14, 32, 'Tidak', 'Normal'),
(340, 159, '2018-05-10 00:00:00', 'Normal', 86.023905325444, 'Menjaga asupan makanan, mengontrol berat badan, melakukan olahraga ringan setiap hari, rajin meminun vitamin', 77, 110, 7, 20, 32, 'Tidak', 'Normal'),
(341, 159, '2018-07-14 00:00:00', 'Normal', 86.366863905325, 'Menjaga asupan makanan, mengontrol berat badan, melakukan olahraga ringan setiap hari, rajin meminun vitamin', 80, 105, 8, 28, 32, 'Tidak', 'Normal'),
(342, 159, '2018-08-24 00:00:00', 'Normal', 85.9375, 'Menjaga asupan makanan, mengontrol berat badan, melakukan olahraga ringan setiap hari, rajin meminun vitamin', 85, 120, 2, 32, 32, 'Tidak', 'Normal'),
(343, 18, '2018-02-04 00:00:00', 'Normal', 85.792899408284, 'Menjaga asupan makanan, mengontrol berat badan, melakukan olahraga ringan setiap hari, rajin meminun vitamin', 75, 110, 5, 9, 27, 'Tidak', 'Normal'),
(344, 18, '2018-03-15 00:00:00', 'Normal', 93.101169433594, 'Menjaga asupan makanan, mengontrol berat badan, melakukan olahraga ringan setiap hari, rajin meminun vitamin', 80, 110, 3, 14, 27, 'Tidak', 'Normal'),
(345, 18, '2018-05-10 00:00:00', 'Normal', 86.138698224852, 'Menjaga asupan makanan, mengontrol berat badan, melakukan olahraga ringan setiap hari, rajin meminun vitamin', 78, 109, 7, 18, 27, 'Tidak', 'Normal'),
(346, 18, '2018-07-14 00:00:00', 'Normal', 87.5, 'Menjaga asupan makanan, mengontrol berat badan, melakukan olahraga ringan setiap hari, rajin meminun vitamin', 80, 105, 1, 28, 27, 'Tidak', 'Normal'),
(347, 18, '2018-08-24 00:00:00', 'Normal', 86.023905325444, 'Menjaga asupan makanan, mengontrol berat badan, melakukan olahraga ringan setiap hari, rajin meminun vitamin', 77, 110, 4, 34, 27, 'Tidak', 'Normal'),
(348, 42, '2018-05-16 00:00:00', 'Normal', 93.431591644287, 'Menjaga asupan makanan, mengontrol berat badan, melakukan olahraga ringan setiap hari, rajin meminun vitamin', 85, 110, 3, 4, 25, 'Iya', 'Normal'),
(349, 42, '2018-07-12 00:00:00', 'Normal', 88.679569726563, 'Menjaga asupan makanan, mengontrol berat badan, melakukan olahraga ringan setiap hari, rajin meminun vitamin', 80, 123, 5, 12, 25, 'Iya', 'Normal'),
(350, 42, '2018-08-14 00:00:00', 'Normal', 86.366863905325, 'Menjaga asupan makanan, mengontrol berat badan, melakukan olahraga ringan setiap hari, rajin meminun vitamin', 80, 115, 4, 5, 25, 'Iya', 'Normal'),
(351, 100, '2018-02-01 00:00:00', 'Normal', 85.305555555556, 'Menjaga asupan makanan, mengontrol berat badan, melakukan olahraga ringan setiap hari, rajin meminun vitamin', 80, 120, 2, 9, 34, 'Tidak', 'Normal'),
(352, 100, '2018-03-16 00:00:00', 'Normal', 85.792899408284, 'Menjaga asupan makanan, mengontrol berat badan, melakukan olahraga ringan setiap hari, rajin meminun vitamin', 75, 100, 8, 14, 34, 'Tidak', 'Normal'),
(353, 100, '2018-05-12 00:00:00', 'Normal', 93.75, 'Menjaga asupan makanan, mengontrol berat badan, melakukan olahraga ringan setiap hari, rajin meminun vitamin', 80, 105, 1, 23, 34, 'Tidak', 'Normal'),
(354, 100, '2018-07-14 00:00:00', 'Normal', 85.9375, 'Menjaga asupan makanan, mengontrol berat badan, melakukan olahraga ringan setiap hari, rajin meminun vitamin', 85, 108, 2, 31, 34, 'Tidak', 'Normal'),
(355, 92, '2018-04-08 00:00:00', 'Normal', 80, 'Menjaga asupan makanan, mengontrol berat badan, melakukan olahraga ringan setiap hari, rajin meminun vitamin', 70, 100, 4, 3, 26, 'Tidak', 'Normal'),
(356, 92, '2018-05-17 00:00:00', 'Normal', 86.366863905325, 'Menjaga asupan makanan, mengontrol berat badan, melakukan olahraga ringan setiap hari, rajin meminun vitamin', 80, 105, 5, 17, 26, 'Tidak', 'Normal'),
(357, 92, '2018-06-14 00:00:00', 'Normal', 84.659722222222, 'Menjaga asupan makanan, mengontrol berat badan, melakukan olahraga ringan setiap hari, rajin meminun vitamin', 75, 103, 2, 30, 26, 'Tidak', 'Normal'),
(358, 129, '2018-03-11 00:00:00', 'Normal', 85.421487603306, 'Menjaga asupan makanan, mengontrol berat badan, melakukan olahraga ringan setiap hari, rajin meminun vitamin', 70, 110, 1, 4, 26, 'Iya', 'Normal'),
(359, 129, '2018-04-08 00:00:00', 'Normal', 80, 'Menjaga asupan makanan, mengontrol berat badan, melakukan olahraga ringan setiap hari, rajin meminun vitamin', 70, 100, 8, 9, 26, 'Iya', 'Normal'),
(360, 129, '2018-05-17 00:00:00', 'Normal', 86.366863905325, 'Menjaga asupan makanan, mengontrol berat badan, melakukan olahraga ringan setiap hari, rajin meminun vitamin', 80, 110, 5, 14, 26, 'Iya', 'Normal'),
(361, 103, '2018-01-05 00:00:00', 'Normal', 80, 'Menjaga asupan makanan, mengontrol berat badan, melakukan olahraga ringan setiap hari, rajin meminun vitamin', 70, 110, 4, 8, 31, 'Tidak', 'Normal'),
(362, 103, '2018-02-15 00:00:00', 'Normal', 86.366863905325, 'Menjaga asupan makanan, mengontrol berat badan, melakukan olahraga ringan setiap hari, rajin meminun vitamin', 80, 100, 5, 14, 31, 'Tidak', 'Normal'),
(363, 103, '2018-03-15 00:00:00', 'Normal', 93.234799, 'Menjaga asupan makanan, mengontrol berat badan, melakukan olahraga ringan setiap hari, rajin meminun vitamin', 82, 107, 3, 19, 31, 'Tidak', 'Normal'),
(364, 103, '2018-04-15 00:00:00', 'Normal', 86.138698224852, 'Menjaga asupan makanan, mengontrol berat badan, melakukan olahraga ringan setiap hari, rajin meminun vitamin', 78, 111, 5, 23, 31, 'Tidak', 'Normal'),
(365, 87, '2018-02-04 00:00:00', 'Normal', 87.479289940828, 'Menjaga asupan makanan, mengontrol berat badan, melakukan olahraga ringan setiap hari, rajin meminun vitamin', 90, 120, 4, 7, 20, 'Tidak', 'Normal'),
(366, 87, '2018-02-12 00:00:00', 'Normal', 87.479289940828, 'Menjaga asupan makanan, mengontrol berat badan, melakukan olahraga ringan setiap hari, rajin meminun vitamin', 90, 117, 4, 14, 20, 'Tidak', 'Normal'),
(367, 87, '2018-04-20 00:00:00', 'Normal', 96.512956655168, 'Menjaga asupan makanan, mengontrol berat badan, melakukan olahraga ringan setiap hari, rajin meminun vitamin', 95, 122, 3, 20, 20, 'Tidak', 'Normal'),
(368, 22, '2018-02-04 00:00:00', 'Normal', 92.9655699375, 'Menjaga asupan makanan, mengontrol berat badan, melakukan olahraga ringan setiap hari, rajin meminun vitamin', 78, 112, 3, 4, 21, 'Tidak', 'Normal'),
(369, 22, '2018-03-15 00:00:00', 'Normal', 88.124023668639, 'Menjaga asupan makanan, mengontrol berat badan, melakukan olahraga ringan setiap hari, rajin meminun vitamin', 96, 120, 5, 9, 21, 'Tidak', 'Normal'),
(370, 22, '2018-05-10 00:00:00', 'Normal', 87.04, 'Menjaga asupan makanan, mengontrol berat badan, melakukan olahraga ringan setiap hari, rajin meminun vitamin', 86, 110, 6, 15, 21, 'Tidak', 'Normal'),
(371, 22, '2018-07-14 00:00:00', 'Normal', 96.315812546991, 'Menjaga asupan makanan, mengontrol berat badan, melakukan olahraga ringan setiap hari, rajin meminun vitamin', 90, 122, 3, 20, 21, 'Tidak', 'Normal'),
(372, 22, '2018-08-24 00:00:00', 'Normal', 87.370177514793, 'Menjaga asupan makanan, mengontrol berat badan, melakukan olahraga ringan setiap hari, rajin meminun vitamin', 89, 114, 4, 24, 21, 'Tidak', 'Normal'),
(373, 84, '2018-02-04 00:00:00', 'Normal', 88.44, 'Menjaga asupan makanan, mengontrol berat badan, melakukan olahraga ringan setiap hari, rajin meminun vitamin', 99, 112, 4, 6, 31, 'Tidak', 'Normal'),
(374, 84, '2018-03-15 00:00:00', 'Normal', 87.479289940828, 'Menjaga asupan makanan, mengontrol berat badan, melakukan olahraga ringan setiap hari, rajin meminun vitamin', 90, 115, 4, 10, 31, 'Tidak', 'Normal'),
(375, 84, '2018-05-10 00:00:00', 'Normal', 87.370177514793, 'Menjaga asupan makanan, mengontrol berat badan, melakukan olahraga ringan setiap hari, rajin meminun vitamin', 89, 110, 9, 15, 31, 'Tidak', 'Normal'),
(376, 84, '2018-07-14 00:00:00', 'Normal', 87.479289940828, 'Menjaga asupan makanan, mengontrol berat badan, melakukan olahraga ringan setiap hari, rajin meminun vitamin', 90, 110, 5, 21, 31, 'Tidak', 'Normal'),
(377, 84, '2018-08-24 00:00:00', 'Normal', 93.624059371094, 'Menjaga asupan makanan, mengontrol berat badan, melakukan olahraga ringan setiap hari, rajin meminun vitamin', 88, 112, 3, 27, 31, 'Tidak', 'Normal'),
(378, 156, '2018-01-02 00:00:00', 'Normal', 87.260591715976, 'Menjaga asupan makanan, mengontrol berat badan, melakukan olahraga ringan setiap hari, rajin meminun vitamin', 88, 111, 5, 9, 26, 'Tidak', 'Normal'),
(379, 156, '2018-02-18 00:00:00', 'Normal', 86.366863905325, 'Menjaga asupan makanan, mengontrol berat badan, melakukan olahraga ringan setiap hari, rajin meminun vitamin', 80, 100, 4, 14, 26, 'Tidak', 'Normal'),
(380, 156, '2018-03-23 00:00:00', 'Normal', 93.431591644287, 'Menjaga asupan makanan, mengontrol berat badan, melakukan olahraga ringan setiap hari, rajin meminun vitamin', 85, 112, 3, 20, 26, 'Tidak', 'Normal'),
(381, 142, '2018-02-04 00:00:00', 'Normal', 85.792899408284, 'Menjaga asupan makanan, mengontrol berat badan, melakukan olahraga ringan setiap hari, rajin meminun vitamin', 75, 110, 5, 6, 27, 'Tidak', 'Normal'),
(382, 142, '2018-03-15 00:00:00', 'Normal', 86.366863905325, 'Menjaga asupan makanan, mengontrol berat badan, melakukan olahraga ringan setiap hari, rajin meminun vitamin', 80, 110, 4, 11, 27, 'Tidak', 'Normal'),
(383, 142, '2018-05-10 00:00:00', 'Normal', 92.9655699375, 'Menjaga asupan makanan, mengontrol berat badan, melakukan olahraga ringan setiap hari, rajin meminun vitamin', 78, 109, 3, 17, 27, 'Tidak', 'Normal'),
(384, 142, '2018-07-14 00:00:00', 'Normal', 86.366863905325, 'Menjaga asupan makanan, mengontrol berat badan, melakukan olahraga ringan setiap hari, rajin meminun vitamin', 80, 105, 6, 23, 27, 'Tidak', 'Normal'),
(385, 142, '2018-08-24 00:00:00', 'Normal', 86.023905325444, 'Menjaga asupan makanan, mengontrol berat badan, melakukan olahraga ringan setiap hari, rajin meminun vitamin', 77, 110, 4, 28, 27, 'Tidak', 'Normal'),
(386, 105, '2018-03-11 00:00:00', 'Normal', 85.792899408284, 'Menjaga asupan makanan, mengontrol berat badan, melakukan olahraga ringan setiap hari, rajin meminun vitamin', 75, 100, 5, 6, 29, 'Tidak', 'Normal'),
(387, 105, '2018-04-08 00:00:00', 'Normal', 86.366863905325, 'Menjaga asupan makanan, mengontrol berat badan, melakukan olahraga ringan setiap hari, rajin meminun vitamin', 80, 105, 6, 12, 29, 'Tidak', 'Normal'),
(388, 105, '2018-05-17 00:00:00', 'Normal', 86.92899408284, 'Menjaga asupan makanan, mengontrol berat badan, melakukan olahraga ringan setiap hari, rajin meminun vitamin', 85, 108, 5, 17, 29, 'Tidak', 'Normal'),
(389, 105, '2018-06-14 00:00:00', 'Normal', 86.366863905325, 'Menjaga asupan makanan, mengontrol berat badan, melakukan olahraga ringan setiap hari, rajin meminun vitamin', 80, 110, 8, 24, 29, 'Tidak', 'Normal'),
(390, 31, '2018-02-15 00:00:00', 'Normal', 86.92899408284, 'Menjaga asupan makanan, mengontrol berat badan, melakukan olahraga ringan setiap hari, rajin meminun vitamin', 85, 116, 9, 14, 32, 'Tidak', 'Normal'),
(391, 31, '2018-03-15 00:00:00', 'Normal', 88.854174804688, 'Menjaga asupan makanan, mengontrol berat badan, melakukan olahraga ringan setiap hari, rajin meminun vitamin', 83, 122, 5, 12, 32, 'Tidak', 'Normal'),
(392, 31, '2018-04-15 00:00:00', 'Normal', 86.366863905325, 'Menjaga asupan makanan, mengontrol berat badan, melakukan olahraga ringan setiap hari, rajin meminun vitamin', 80, 120, 6, 16, 32, 'Tidak', 'Normal'),
(393, 129, '2018-01-02 00:00:00', 'Normal', 86.366863905325, 'Menjaga asupan makanan, mengontrol berat badan, melakukan olahraga ringan setiap hari, rajin meminun vitamin', 80, 120, 4, 5, 26, 'Tidak', 'Normal'),
(394, 129, '2018-01-21 00:00:00', 'Normal', 87.04, 'Menjaga asupan makanan, mengontrol berat badan, melakukan olahraga ringan setiap hari, rajin meminun vitamin', 86, 119, 6, 9, 26, 'Tidak', 'Normal'),
(395, 129, '2018-03-11 00:00:00', 'Normal', 93.75, 'Menjaga asupan makanan, mengontrol berat badan, melakukan olahraga ringan setiap hari, rajin meminun vitamin', 90, 115, 3, 14, 26, 'Tidak', 'Normal'),
(396, 129, '2018-04-03 00:00:00', 'Normal', 86.705562130178, 'Menjaga asupan makanan, mengontrol berat badan, melakukan olahraga ringan setiap hari, rajin meminun vitamin', 83, 120, 5, 17, 26, 'Tidak', 'Normal'),
(397, 160, '2018-02-04 00:00:00', 'Normal', 86.366863905325, 'Menjaga asupan makanan, mengontrol berat badan, melakukan olahraga ringan setiap hari, rajin meminun vitamin', 80, 111, 5, 8, 30, 'Tidak', 'Normal'),
(398, 160, '2018-03-15 00:00:00', 'Normal', 86.480236686391, 'Menjaga asupan makanan, mengontrol berat badan, melakukan olahraga ringan setiap hari, rajin meminun vitamin', 81, 109, 7, 14, 30, 'Tidak', 'Normal'),
(399, 160, '2018-05-10 00:00:00', 'Normal', 87.479289940828, 'Menjaga asupan makanan, mengontrol berat badan, melakukan olahraga ringan setiap hari, rajin meminun vitamin', 90, 110, 4, 19, 30, 'Tidak', 'Normal'),
(400, 160, '2018-07-14 00:00:00', 'Normal', 86.366863905325, 'Menjaga asupan makanan, mengontrol berat badan, melakukan olahraga ringan setiap hari, rajin meminun vitamin', 80, 105, 8, 23, 30, 'Tidak', 'Normal'),
(401, 160, '2018-08-24 00:00:00', 'Normal', 93.75, 'Menjaga asupan makanan, mengontrol berat badan, melakukan olahraga ringan setiap hari, rajin meminun vitamin', 90, 109, 3, 28, 30, 'Tidak', 'Normal'),
(402, 123, '2018-01-08 00:00:00', 'Normal', 86.366863905325, 'Menjaga asupan makanan, mengontrol berat badan, melakukan olahraga ringan setiap hari, rajin meminun vitamin', 80, 110, 4, 10, 23, 'Tidak', 'Normal'),
(403, 123, '2018-04-17 00:00:00', 'Normal', 86.593136094675, 'Menjaga asupan makanan, mengontrol berat badan, melakukan olahraga ringan setiap hari, rajin meminun vitamin', 82, 110, 4, 14, 23, 'Tidak', 'Normal'),
(404, 123, '2018-05-14 00:00:00', 'Normal', 86.817514792899, 'Menjaga asupan makanan, mengontrol berat badan, melakukan olahraga ringan setiap hari, rajin meminun vitamin', 84, 114, 6, 18, 23, 'Tidak', 'Normal'),
(405, 114, '2018-02-10 00:00:00', 'Normal', 86.366863905325, 'Menjaga asupan makanan, mengontrol berat badan, melakukan olahraga ringan setiap hari, rajin meminun vitamin', 80, 120, 4, 8, 25, 'Tidak', 'Normal'),
(406, 114, '2018-03-14 00:00:00', 'Normal', 86.92899408284, 'Menjaga asupan makanan, mengontrol berat badan, melakukan olahraga ringan setiap hari, rajin meminun vitamin', 85, 116, 9, 14, 25, 'Tidak', 'Normal'),
(407, 114, '2018-04-29 00:00:00', 'Normal', 88.854174804688, 'Menjaga asupan makanan, mengontrol berat badan, melakukan olahraga ringan setiap hari, rajin meminun vitamin', 83, 122, 5, 12, 25, 'Tidak', 'Normal'),
(408, 114, '2018-06-11 00:00:00', 'Normal', 86.366863905325, 'Menjaga asupan makanan, mengontrol berat badan, melakukan olahraga ringan setiap hari, rajin meminun vitamin', 80, 120, 6, 16, 25, 'Tidak', 'Normal'),
(409, 116, '2018-01-02 00:00:00', 'Normal', 85.792899408284, 'Menjaga asupan makanan, mengontrol berat badan, melakukan olahraga ringan setiap hari, rajin meminun vitamin', 75, 100, 5, 6, 31, 'Tidak', 'Normal'),
(410, 116, '2018-01-21 00:00:00', 'Normal', 86.366863905325, 'Menjaga asupan makanan, mengontrol berat badan, melakukan olahraga ringan setiap hari, rajin meminun vitamin', 80, 105, 6, 12, 31, 'Tidak', 'Normal'),
(411, 116, '2018-03-11 00:00:00', 'Normal', 86.92899408284, 'Menjaga asupan makanan, mengontrol berat badan, melakukan olahraga ringan setiap hari, rajin meminun vitamin', 85, 108, 5, 17, 31, 'Tidak', 'Normal'),
(412, 116, '2018-04-03 00:00:00', 'Normal', 86.366863905325, 'Menjaga asupan makanan, mengontrol berat badan, melakukan olahraga ringan setiap hari, rajin meminun vitamin', 80, 110, 8, 24, 31, 'Tidak', 'Normal'),
(413, 147, '2018-01-21 00:00:00', 'Normal', 87.479289940828, 'Menjaga asupan makanan, mengontrol berat badan, melakukan olahraga ringan setiap hari, rajin meminun vitamin', 90, 120, 5, 8, 21, 'Tidak', 'Normal'),
(414, 147, '2018-03-11 00:00:00', 'Normal', 93.431591644287, 'Menjaga asupan makanan, mengontrol berat badan, melakukan olahraga ringan setiap hari, rajin meminun vitamin', 85, 110, 3, 14, 21, 'Tidak', 'Normal'),
(415, 147, '2018-04-03 00:00:00', 'Normal', 89.534641992188, 'Menjaga asupan makanan, mengontrol berat badan, melakukan olahraga ringan setiap hari, rajin meminun vitamin', 90, 123, 4, 28, 21, 'Tidak', 'Normal'),
(416, 147, '2018-05-02 00:00:00', 'Normal', 87.803786982249, 'Menjaga asupan makanan, mengontrol berat badan, melakukan olahraga ringan setiap hari, rajin meminun vitamin', 93, 120, 7, 32, 21, 'Tidak', 'Normal');

-- --------------------------------------------------------

--
-- Struktur dari tabel `tb_pasien`
--

CREATE TABLE `tb_pasien` (
  `id_pasien` bigint(20) NOT NULL,
  `nik` varchar(16) NOT NULL,
  `nama` varchar(25) NOT NULL,
  `alamat` text NOT NULL,
  `tgl_daftar` timestamp NOT NULL DEFAULT CURRENT_TIMESTAMP,
  `tgl_lahir` date NOT NULL,
  `username` varchar(16) NOT NULL,
  `password` varchar(40) NOT NULL,
  `id_level` bigint(20) NOT NULL
) ENGINE=InnoDB DEFAULT CHARSET=latin1;

--
-- Dumping data untuk tabel `tb_pasien`
--

INSERT INTO `tb_pasien` (`id_pasien`, `nik`, `nama`, `alamat`, `tgl_daftar`, `tgl_lahir`, `username`, `password`, `id_level`) VALUES
(7, '3516074212560000', 'Siti KHALIMAH', 'Dsn Sambisari Rt 12 Rw 05', '2020-06-23 18:37:39', '1994-03-26', '3516074212560000', '6e5555b5380626b5b77792d064650c65', 2),
(8, '3616075211700000', 'NURIYATI', 'Dsn Sambisari Rt 12 Rw 05', '2020-06-23 18:49:32', '1996-03-06', '3616075211700000', 'd5b61988d6f9703f0cacbf6a8fb196fd', 2),
(9, '3516074109690024', 'SRIHARTATIK', 'Dsn Kutorejo Rt 08 Rw 04', '2020-06-25 15:17:02', '1984-05-07', '3516074109690024', '2cf0362d3451ad842771e0e32fdfc105', 2),
(10, '3516077112700053', 'SUTAMAH', 'Dsn Kutorejo Rt 08 Rw 05', '2020-06-25 15:17:32', '1985-12-18', '3516077112700053', 'b6e6e1a09164a62687daa6c4d1a073ca', 2),
(11, '3516075102770003', 'TITIN SUPARNI', 'Dsn Kutorejo Rt 02 Rw 01', '2020-06-25 15:18:11', '1986-02-22', '3516075102770003', 'fba9b6e9a1758904582c62c9e4808f94', 2),
(12, '3516074104890001', 'SITI MASRUROH', 'Dsn Keputran Rt 19 Rw 08', '2020-06-25 15:18:44', '1986-09-23', '3516074104890001', 'ac1be2c0aeee925e0f913dd0e491c296', 2),
(13, '3516075406410001', 'RUKANAH', 'Dsn Keputran Rt 19 Rw 09', '2020-06-25 15:19:10', '1987-04-24', '3516075406410001', '100ef8dc7c34f6d9b4f7564aee4e33c6', 2),
(14, '3516074812720003', 'YATIMAH', 'Dsn Keputran Rt 17 Rw 08', '2020-06-25 15:19:39', '1987-01-25', '3516074812720003', 'f1fc43e618a3be1e33ebadf7d2629ca9', 2),
(15, '3516076606730005', 'SULASTRI', 'Dsn Keputran Rt 18 Rw 08', '2020-06-25 15:20:08', '1988-02-06', '3516076606730005', '8a76397dfdb90967b0a830a9be226b18', 2),
(16, '3516076205820003', 'UMI KULSUM', 'Dsn Keputran Rt 17 Rw 08', '2020-06-25 15:20:30', '1989-07-18', '3516076205820003', '2d25c88ccdd14a87db906e9a398f1bf1', 2),
(17, '3516075501900000', 'IMROR\'ATUS SOLIKAH', 'Dsn Tambaktugu Rt 15 Rw 07', '2020-06-25 15:20:56', '1990-05-25', '3516075501900000', 'c7e2ea92a26549305ebcb4f638bac932', 2),
(18, '3516074709490000', 'MIRAH', 'Dsn Tambaktugu Rt 15 Rw 07', '2020-06-25 15:22:21', '1991-08-03', '3516074709490000', 'a04a854a91d80a5c9fedb85f4f1699a3', 2),
(19, '3516075212350021', 'RASMI', 'Dsn Tambaktugu Rt 16 Rw 07', '2020-06-25 15:29:03', '1992-10-10', '3516075212350021', '204ebe50a79f91ba70fc8ff86256faab', 2),
(20, '3516076204740002', 'ENDANG S', 'Dsn Sambisari Rt 11 Rw 05', '2020-06-25 15:29:57', '1993-01-15', '3516076204740002', '96a744c7213a39f9a49dde9e951d8576', 2),
(21, '3516072309810000', 'SRIYATIN', 'Dsn Sambisari Rt 12 Rw 05', '2020-06-25 15:30:49', '1995-02-05', '3516072309810000', '744c7c110a3472a1d611ed52b794efd1', 2),
(22, '3516071510780013', 'MERIDIAN', 'Dsn Sambisari Rt 12  Rw 05', '2020-06-25 15:31:16', '1996-06-17', '3516071510780013', '5927031abd1b2cabc11d066481675c47', 2),
(23, '3516077112490020', 'SALAMAH', 'Dsn Kutorejo Rt 03 RW 02', '2020-06-25 15:31:47', '1998-08-21', '3516077112490020', '1437a328691c81d15bd35d0a53ade86f', 2),
(24, '3516076404590000', 'DEWI ZULAIKAH', 'Dsn Kutorejo Rt 03 Rw 03', '2020-06-25 15:32:16', '1999-10-24', '3516076404590000', 'e9ed856c6a75923066c4e828645f00c9', 2),
(25, '3516075804610020', 'SUNARKIYAH', 'Dsn kutorejo Rt 04 Rw 02', '2020-06-25 15:32:56', '2000-12-31', '3516075804610020', '9c168bc9e30a17dd3423f6e13c100fa5', 2),
(26, '3516074612810000', 'NANINGSIH', 'Dsn Kutorejo Rt 10 Rw 04', '2020-06-25 15:33:38', '2001-05-13', '3516074612810000', '2304195e59725de4fcc468262bfb808d', 2),
(27, '3516076303840000', 'ANIK S', 'Dsn Kutorejo Rt 08 Rw 04', '2020-06-25 15:34:53', '1994-01-18', '3516076303840000', 'dbbf211b4cc1bddbf3d19358bb94ea8d', 2),
(28, '3516077112420001', 'SAINI', 'Dsn Kutorejo Rt 09 Rw 04', '2020-06-25 15:36:03', '1985-05-22', '3516077112420001', '516df3641a40044b3c1fcda2c9392415', 2),
(29, '3516075812650012', 'LILIK S', 'Dsn Kutorejo Rt 02 RW 01', '2020-06-25 15:36:25', '1987-09-22', '3516075812650012', '972d5b2d35388192576a27f6a396593d', 2),
(30, '3516074210560000', 'HERNIATI', 'Dsn Kutorejo Rt 01 Rw 01', '2020-06-25 15:37:07', '1989-05-12', '3516074210560000', '5f38d0c87e20ce40385e83ae59937aa8', 2),
(31, '3516076506850000', 'LILIK', 'Dsn Keputran Rt 17 Rw 08', '2020-06-25 15:37:38', '1986-07-18', '3516076506850000', '94635ed90e1114b968e44e967942d429', 2),
(32, '3516076103680000', 'SUNIAH', 'Dsn Keputran Rt 19 Rw 09', '2020-06-25 15:38:09', '1990-09-23', '3516076103680000', '5ef83e67020c6e61d3a7ff3c3c84769a', 2),
(33, '3516077112540050', 'SUMINEM', 'Dsn Keputran Rt 21 Rw 09', '2020-06-25 15:38:54', '2000-12-08', '3516077112540050', '2dddc085841d36c0815d98d7f14f0f8d', 2),
(34, '3516074710540000', 'ROMNAH', 'Dsn Keputran Rt21 Rw 09', '2020-06-25 15:39:25', '2001-03-24', '3516074710540000', '8a794bc490c9006ff57d67480180a2b7', 2),
(35, '3516077112470010', 'NGARSANI', 'Dsn Keputran Rt 17 Rw 08', '2020-06-25 15:40:12', '1990-06-28', '3516077112470010', '1c8101c844188365df5c1b7630e7dfd3', 2),
(36, '3516074502600000', 'MISTIAH', 'Dsn Tmbk tugu Rt 16 Rw 07', '2020-06-25 15:40:35', '1999-09-29', '3516074502600000', '2902db5277fcda53d36120465c1c1334', 2),
(37, '3516072404980000', 'DWI INDRI', 'Dsn Sambisari Rt 13 Rw 06', '2020-06-25 15:41:06', '1998-12-31', '3516072404980000', '2a2cc5f159617c63adee9aaa79aaccdd', 2),
(38, '3516076010820000', 'KUMSIYAH', 'Dsn Keputran Rt 19 Rw 09', '2020-06-25 15:41:43', '1997-02-05', '3516076010820000', 'b2ae09554b6ddda66d91b100cafff45b', 2),
(39, '3516075812650003', 'LILIK MARDIATI', 'Dsn Kutorejo Rt 02 RW 01', '2020-06-25 15:43:04', '1996-04-10', '3516075812650003', 'f6a8cf4f57e5480c7f728d6c91bde59e', 2),
(40, '3516071109630001', 'DANUM', 'Dsn Keputran Rt 19 Rw 09', '2020-06-25 15:43:33', '1995-06-29', '3516071109630001', 'cd3554ab05e0c414e06ca399a3766bf6', 2),
(41, '3516074407630005', 'ANAH', 'Dsn Keputran Rt 17 Rw 08', '2020-06-25 15:44:22', '1994-08-30', '3516074407630005', 'e523ce61640aabf417cfd7d193d92398', 2),
(42, '3516077112550013', 'ISTIKOMAH', 'Dsn Kutorejo RT 02 RW 01', '2020-06-25 15:44:52', '1993-10-31', '3516077112550013', 'af94b02118460f07a8b03f9e44d38cb5', 2),
(43, '3516074109500026', 'MUDAWWAMAH', 'Dsn Keputran RT 18 RW 08', '2020-06-25 15:46:11', '1992-05-01', '3516074109500026', '0c44a7489de9efc5f6edf83a6b41ace4', 2),
(44, '3516075011650003', 'RENIKATI', 'Dsn KeputranRT 17 RW 08', '2020-06-25 15:46:39', '1991-10-14', '3516075011650003', 'b6ea861c9cf1227495fd48a770cbd9c3', 2),
(45, '3516076307650001', 'JUMAKIYAH', 'Dsn Tbk Tugu RT 15 RW 07 ', '2020-06-25 15:47:09', '1990-02-28', '3516076307650001', 'd53ab9f1ff65a58a6b79e7893bca2f81', 2),
(46, '3516074903400002', 'TUNAYAH', 'Dsn Sambisari RT 14 RW 06', '2020-06-25 15:47:33', '1989-01-03', '3516074903400002', '3d18c5614ebf4f3e63141c1d93166275', 2),
(47, '3516074109550007', 'SLIKAH', 'Dsn Sambisari RT 13 RW 06', '2020-06-25 15:52:57', '1988-06-11', '3516074109550007', '1f38ee72fa5bb7aec4132bb12e74a6f5', 2),
(48, '3516073112410021', 'SUKEMI', 'Dsn.KutorejoRt.10 Rw.04', '2020-06-25 15:53:27', '1987-08-18', '3516073112410021', '94b79e97ff55fce4f08bc0e6b32bc89b', 2),
(49, '3516075904570001', 'SUMAIJAH', 'Dsn. Keputran Rt.20 Rw.09', '2020-06-25 15:54:01', '1986-11-26', '3516075904570001', 'feaedf5a19d56fab31df584259273bfa', 2),
(50, '3516070908680000', 'ALFIYAH', 'DUSUN KUTOREJO RW 04 RT 008', '2020-06-25 15:54:45', '1985-12-17', '3516070908680000', '04f4c164093dc496c6b432894e2edaaf', 2),
(51, '3516076808750001', 'INDAH ERVI A', 'Dsn Sambisari RT 12 RW 05', '2020-06-25 15:55:46', '1990-08-20', '3516076808750001', '7548de2398570bcc0b8cc60f279fc869', 2),
(52, '3516073112650014', 'ANIS SRI WAHYUNINGSIH', 'DUSUN KEPUTRAN RT 17 RW 08', '2020-06-25 15:57:14', '1992-03-22', '3516073112650014', '5060fc3c6a02a0aeb89e7b2ca3c4d725', 2),
(53, '3516077112540018', 'DWI HERMAWANTI', 'DSN SAMBISARI RT 13 RW 6 ', '2020-06-25 15:57:37', '1986-09-24', '3516077112540018', 'eac4b11b332154797a734df703aaa161', 2),
(54, '3516071803750002', 'DWI RAHAYU', 'DUSUN SAMBISARI RW 06 RT 014', '2020-06-25 16:10:10', '1987-05-26', '3516071803750002', '68d1204fa67c240d98cabe335e1e547f', 2),
(55, '3516070307830002', 'DWI SETYO WAHYU NINGSIH', 'DSN SAMBISARI RT 13 RW 6', '2020-06-25 16:10:50', '1986-07-27', '3516070307830002', 'bc3e4badc4ac6b5023961f4a0a59c0a1', 2),
(56, '3516074710340001', 'ENI MULYATI', 'DUSUN KEPUTRAN RW 08 RT 017', '2020-06-25 16:11:20', '1985-09-28', '3516074710340001', 'a65cacd4b20344252351210cf6513d4c', 2),
(57, '3516071101820003', 'ERNA SETIYOWATI', 'DSN KUTOREJO RT 02 RW 01 ', '2020-06-25 16:12:00', '1988-09-30', '3516071101820003', '3636d383612abf6fb4d4a70cae5f5591', 2),
(58, '3516071109770002', 'ESTI TRISNA WAHYUNINGSIH', 'DUSUN TAMBAK TUGU RW 7 RT 16', '2020-06-25 16:12:28', '1989-04-03', '3516071109770002', 'cb501d207c7e6df4315dca6c30ebc222', 2),
(59, '3516072009640003', 'FARIDATUL MUSFIROH', 'DUSUN KUTOREJO RW 04 RT 009', '2020-06-25 16:12:50', '1990-10-10', '3516072009640003', '0288bd77b63e980edae676658fe5d260', 2),
(60, '3516073112490024', 'GLADIS SUPRAPTI', 'DUSUN KEPUTRAN RW 08 RT 017', '2020-06-25 16:13:18', '1991-02-19', '3516073112490024', '360fb95af1d6f170b8cb45bb8d06970f', 2),
(61, '3516071504600002', 'IDA SULISTIANA', 'DUSUN SAMBI SARI RW 5 RT 12', '2020-06-25 16:13:44', '1992-04-24', '3516071504600002', '799c283ec70fcbc297cbfb2e28aa905a', 2),
(62, '3516077112650044', 'IFA FIANA', 'DUSUN KUTOREJO RW 03 RT 005', '2020-06-25 16:14:08', '1993-05-24', '3516077112650044', 'bca744980d1ece260bfac9e79e809fd5', 2),
(63, '3516074302700002', 'IKE KRISTIANINGSIH', 'DSN. KUTOREJO', '2020-06-25 16:14:32', '1994-08-29', '3516074302700002', '2ad2453be4d534029881ea2fb1dcf18e', 2),
(64, '3516070812440001', 'INDAH PURWATI', 'DUSUN KEPUTRAN RW 09 RT 020', '2020-06-25 16:15:09', '1995-11-07', '3516070812440001', 'ec7081c5316fd47431812c6671d357bd', 2),
(65, '3516070812590007', 'INDAYATI', 'DUSUN KEPUTRAN RW 08 RT 017', '2020-06-25 16:15:32', '1996-02-08', '3516070812590007', '0569a6ca0b7da281bf4186a8d39dd7ed', 2),
(66, '3516071708790003', 'INNA SHOLATUN', 'DUSUN KEPUTRAN RW 09 RT 019', '2020-06-25 16:15:58', '1997-05-19', '3516071708790003', 'e611c7ecdf98f114faa04853b73a067a', 2),
(67, '3516073112520002', 'RENI SETIYAWATI', 'DUSUN KEPUTRAN RW 09 RT 019', '2020-06-26 15:19:39', '1999-12-03', '3516073112520002', '18ec9fb8452a9af99c4310c187bcc220', 2),
(68, '3516071606490002', 'SRI WAHYUNIATI', 'DSN KUTOREJO RT 02 RW 01 ', '2020-06-26 15:30:02', '1991-02-17', '3516071606490002', '85f9b538904f5d87eafab14534b9598a', 2),
(69, '3516070905800002', 'LELY NUR CHOLIFAH', 'DUSUN KUTOREJO RW 03 RT 006', '2020-06-26 15:38:41', '1993-03-22', '3516070905800002', 'fc0f754303a3662509a366bcd143ef71', 2),
(70, '3516077112520014', 'NUR ROIKATUS SOLIKAH', 'DUSUN SAMBISARI RW 06 RT 013', '2020-06-26 15:43:05', '1994-03-02', '3516077112520014', '43936144cd8437274a929782929486e5', 2),
(71, '3516072203740004', 'NUR FARIDA', 'DSN Sambisari RT 07 RW 04', '2020-06-26 15:51:51', '1990-09-08', '3516072203740004', 'db0863f722c4eb0104d67452bb6d0847', 2),
(72, '3516071003750006', 'WIWIK KHOIRUN NIKMATIN', 'DUSUN KEPUTRAN RW 08 RT 018', '2020-06-26 15:57:25', '1995-11-18', '3516071003750006', 'f3cf3236ca3a091f823f4109b6918fec', 2),
(73, '3516070810790010', 'TITIK INDAYANI', 'DUSUN KEPUTRAN RW 08 RT 017', '2020-06-26 16:04:42', '1995-07-30', '3516070810790010', '89fd37859e6f38dff9c183d3820fd0d6', 2),
(74, '3516072408630008', 'YULIATI', 'RT 14 RW 6 DUSUN SAMBISARI', '2020-06-26 16:09:23', '1985-04-25', '3516072408630008', '15ab771b9ecb835d3df23a2f74318bc1', 2),
(75, '3516071702840001', 'SAFERI YUNITA', 'DUSUN SAMBISARI RW 06 RT 013', '2020-06-26 16:13:50', '1998-07-24', '3516071702840001', 'e5c4b29e75ce6fd0dcf15697cac3b10f', 2),
(76, '3516072303860001', 'SITI AMINAH', 'DUSUN KUTOREJO RT 10 RW 04', '2020-06-26 16:14:23', '1994-02-20', '3516072303860001', '680cbbab57bb9388d5219584ad3e71fb', 2),
(77, '3516077112420059', 'SITI CHOLIFAH', 'DUSUN KEPUTRAN RW 08 RT 018', '2020-06-26 16:14:57', '1995-06-25', '3516077112420059', 'd7f80fdad6fcfcfb51b447928db6ba7c', 2),
(78, '3516061308840002', 'INUNG LAILA NURHAYATI', 'DSN KUTOREJO RT 02 RW 01 ', '2020-06-28 12:56:43', '1998-07-28', '3516061308840002', '5731b595f09320e864fe194651c09f20', 2),
(79, '3516073112570046', 'ISNIARTI FITRI PRAWITI', 'DUSUN SAMBI SARI RW 5 RT 12', '2020-06-28 12:57:14', '1999-09-28', '3516073112570046', '57bba740642f0aad3d086e7ac1e81fa4', 2),
(80, '3516072505810001', 'ISRO CHIJAH', 'DUSUN KUTOREJO RW 03 RT 005', '2020-06-28 12:57:42', '1993-01-04', '3516072505810001', '20f1a5b2e8a0251bfd63c0df91e0caca', 2),
(81, '3516071703760004', 'ISYA JULI INDAHYATI', 'DSN SAMBISARI RT 11 RW5 ', '2020-06-28 12:58:14', '1994-03-07', '3516071703760004', 'b3c3dd2ec99a63cb65d970fe02b9acd1', 2),
(82, '3516080505650008', 'JARIYAH', 'DUSUN KEPUTRAN RW 08 RT 017', '2020-06-28 12:58:38', '1994-05-16', '3516080505650008', 'ba164b73ecd95bb00e4c75d57b9b3ab9', 2),
(83, '3516070101560005', 'Siti Munawaroh', 'DUSUN KUTOREJO RW 02 RT 004', '2020-06-28 12:59:11', '1990-07-01', '3516070101560005', '50aa9335e7ee058f8fa3b8424cd17477', 2),
(84, '3516076202570001', 'JUMAIYAH', 'DUSUN KUTOREJO RW 04 RT 009', '2020-06-28 13:00:05', '1987-09-03', '3516076202570001', '97d76b2cc670d06fdaeb101526570f5c', 2),
(85, '3516071212560002', 'JUMAK ATI', 'DUSUN KEPUTRAN RT 17 RW 08', '2020-06-28 13:00:46', '1988-11-20', '3516071212560002', 'f0a841e364d8a0acfa76a989d157fee6', 2),
(86, '3516075102580001', 'JUMIATI', 'DUSUN KUTOREJO RW 02 RT 005', '2020-06-28 13:01:33', '1999-02-01', '3516075102580001', 'a055c199e81861077ca5172453e4321d', 2),
(87, '3516072305810002', 'KARTINAH', 'DUSUN KUTOREJO RW 04 RT 010', '2020-06-28 13:04:33', '1998-04-07', '3516072305810002', '332217dabd03390218054e15c73a0308', 2),
(88, '3516071012530001', 'KHOIRUN NISA', 'DUSUN KEPUTARAN RW 8 RT 17', '2020-06-28 13:06:38', '1997-06-19', '3516071012530001', 'ccb7239dde0765314bb25f958a476d36', 2),
(89, '3523170408800004', 'NIKMATUL K', 'DUSUN KUTOREJO RW 04 RT 008', '2020-06-28 13:07:57', '1996-08-01', '3523170408800004', '4398f336e4a46b810f1e2295b46229e8', 2),
(90, '3516070511520002', 'KHUSNIYAH', 'DUSUN KEPUTRAN RW 09 RT 020', '2020-06-28 13:08:31', '1995-10-06', '3516070511520002', 'f6da960d0c502d7e78e739091037e1d5', 2),
(91, '3516070302530001', 'KURNIA', 'DUSUN TAMBAK TUGU RW 07 RT 016', '2020-06-28 13:09:02', '1994-12-15', '3516070302530001', '23b14510af8606d8306e07c6b52e1b03', 2),
(92, '3516071605500001', 'MARIANAH', 'DUSUN KEPUTRAN RW 08 RT 018', '2020-06-28 13:12:33', '1992-06-01', '3516071605500001', '17f5bbd80e94374a45b8f3c968cec86f', 2),
(93, '3516070928680001', 'MARIANI', 'DUSUN KEPUTRAN RW 08 RT 017', '2020-06-28 13:12:55', '1991-09-11', '3516070928680001', 'cb8ca4f11e49b36e3ed6e083b23bea9d', 2),
(94, '3516073112630067', 'MARKIYAH', 'DUSUN KEPUTRAN RW 09 RT 019', '2020-06-28 13:13:26', '1990-12-21', '3516073112630067', '22c076b8f3228450c5931abcc5aba5a9', 2),
(95, '3516071006720001', 'MASFIAH', 'DUSUN KUTOREJO RT 8 RW 4', '2020-06-28 13:13:52', '1989-04-30', '3516071006720001', '1279d07401760931fdbd28332ae0f4ae', 2),
(96, '3516075212350001', 'MASMIAH', 'DUSUN KUTOREJO RW 02 RT 003', '2020-06-28 13:14:14', '1988-04-01', '3516075212350001', '1a01c55d2d318910ee0e517576bf294a', 2),
(97, '3516071303610002', 'MAYSAROH', 'DUSUN KUTOREJO RT 01', '2020-06-28 13:15:22', '1987-06-08', '3516071303610002', '4b64611096645956614f9b467626418a', 2),
(98, '3516070501730002', 'MISNAH', 'DUSUN SAMBISARI RW 05 RT 012', '2020-06-28 13:15:50', '1986-08-16', '3516070501730002', '7ffc5569cc27954fe4236289fe347286', 2),
(99, '3516070909750002', 'MULIYANI', 'DUSUN KEPUTRAN RW 08 RT 017', '2020-06-28 13:16:30', '1985-10-19', '3516070909750002', '55b98e995c82b9e64d34c22d9ffe8e15', 2),
(100, '3516070810740001', 'SITI MUKAROMAH', 'DSN SAMBISARI RT 13 RW 6 ', '2020-06-28 13:18:55', '1984-12-24', '3516070810740001', '59fe2a8b532b411b115414427729dd71', 2),
(101, '3516072710600001', 'MUNASIH', 'DUSUN KUTOREJO RW 02 RT 003', '2020-06-28 13:19:21', '1985-03-30', '3516072710600001', 'bdf147a8b86016a8124edf5e7d4ab879', 2),
(102, '3516077181630001', 'MURIWATI', 'DSN SAMBISARI RT 11 RW 5 ', '2020-06-28 13:21:09', '1986-09-04', '3516077181630001', '193f1e09b2092a9f461f5b7b4934ed2a', 2),
(103, '3516070501510001', 'MUSLIKAH', 'DUSUN KEPUTRAN RW 09 RT 019', '2020-06-28 13:21:33', '1987-12-15', '3516070501510001', '9525f5c0c68c5530f7afde6776acdba2', 2),
(104, '3516073112560012', 'Fajar Sulistya', 'DUSUN KEPUTRAN RW 08 RT 017', '2020-06-28 13:22:32', '1988-01-29', '3516073112560012', '055d6004457dae2aa790d4b47cbebd3a', 2),
(105, '3516070603480001', 'MUSRIFAH', 'DUSUN KEPUTRAN RW 08 RT 019', '2020-06-28 13:23:20', '1989-01-07', '3516070603480001', 'a07e6894c01fb81d6b0ac4e62ffcda53', 2),
(106, '3516070312930001', 'MUSTIANAH', 'DUSUN KEPUTRAN RW 09 RT 020', '2020-06-28 13:24:15', '1990-11-18', '3516070312930001', '30bba8f174fed1dcafcc63ca3db7d2eb', 2),
(107, '3516073112680007', 'NAIMAH', 'DUSUN KUTOREJO RT 10 RW 4', '2020-06-28 13:24:42', '1991-12-22', '3516073112680007', 'ec32a03edf7724e7950cbad334185946', 2),
(108, '3516073112600025', 'NANIK', 'DUSUN KEPUTRAN RW 09 RT 019', '2020-06-28 13:25:09', '1992-10-23', '3516073112600025', 'caf17df6b1bc13ce06698d83ce1eac87', 2),
(109, '3516070109600013', 'NUR RIKHA', 'DUSUN SAMBISARI RW 05 RT 012', '2020-06-28 13:25:32', '1993-03-24', '3516070109600013', '5007fc9ef3b71929d77ab8eee157b44c', 2),
(110, '3516070704600005', 'NURJANAH', 'DSN SAMBISARI RT 13 RW 6', '2020-06-28 13:26:17', '1995-09-04', '3516070704600005', 'db1b478c6ff986284c6c6cc6a9f62c0d', 2),
(111, '3516071507530004', 'NURUL AVIVAH', 'DSN SAMBISARI RT 13 RW 06', '2020-06-28 13:26:46', '1996-06-18', '3516071507530004', '0ddb8b86de49c4ebb8b48d84d6a6fb1b', 2),
(112, '3516070206460001', 'RASINI', 'DUSUN TAMBAK TUGU RW 07 RT 016', '2020-06-28 13:27:11', '1997-05-20', '3516070206460001', '84ec80fa7c6fdc4055e6fe4c28d94197', 2),
(113, '3516081604640005', 'RATIAH', 'DSN KUTOREJO RT 2 RW 1', '2020-06-28 13:27:36', '1998-07-25', '3516081604640005', 'ce41ec467ee93b60c1c780a183fd7c13', 2),
(114, '3516071209710002', 'RIAMAH', 'DUSUN KEPUTRAN RW 09 RT 021', '2020-06-28 13:28:36', '1993-04-10', '3516071209710002', 'a4f5d29755241037ed89f040700da6d2', 2),
(115, '3516071706590001', 'RINI YULIANINGSIH', 'DSN KUTOREJO RT 01 RW 01 ', '2020-06-28 13:28:59', '1993-07-15', '3516071706590001', 'e38c11fb8d1e1dfbaf2cd200daa94595', 2),
(116, '3516070806850002', 'RIYANI', 'DUSUN KEPUTARAN RW 9 RT 19', '2020-06-28 13:29:24', '1997-04-26', '3516070806850002', '49a4227542c173e2a492b6baede686bc', 2),
(117, '3516070508820001', 'RIZKY FATMATI RAHAYU', 'DUSUN TAMBAK TUGU RW 07 RT 016', '2020-06-28 13:30:23', '1988-08-07', '3516070508820001', '22d074b826a94e5f134e9b25d358231b', 2),
(118, '3519100211840001', 'RUBIAH', 'DUSUN SAMBISARI RW 05 RT 012', '2020-06-30 07:09:40', '1991-05-18', '3519100211840001', '2119b05f19f38c61f849f164977bc6fc', 2),
(119, '3516121001820002', 'RUKEMAH', 'DUSUN KUTOREJO RT 01', '2020-06-30 07:12:43', '1993-01-22', '3516121001820002', 'bd5b7a28697983fc8b921e16f8634523', 2),
(120, '3516076110820003', 'RUSTIATI', 'DUSUN KEPUTRAN RW 08 RT 018', '2020-06-30 07:21:59', '1999-05-23', '3516076110820003', '45e34787e309c2d7cac520fce920e080', 2),
(121, '3516091006520001', 'SIAMAH', 'DUSUN TAMBAK TUGU RT 15 RW 07', '2020-06-30 07:22:28', '1997-07-03', '3516091006520001', '6e8b47576ec585637b913c45c01af575', 2),
(122, '3516075503770002', 'AMINAH', ' DUSUN TAMBAK TUGU RW 07 RT 016', '2020-06-30 07:23:26', '1996-04-04', '3516075503770002', '2a93cb91d14529ad66b750622099852b', 2),
(123, '3516070810790001', 'Mardiyah', 'DUSUN SAMBISARI RW 05 RT 014', '2020-06-30 07:24:20', '1995-03-18', '3516070810790001', '6b212c1e9ef307dd23830ddcf0a161d0', 2),
(124, '3516070103860001', 'SITI NUR AZIZAH', 'DUSUN KUTOREJO RW 04 RT 010', '2020-06-30 07:24:48', '1996-03-03', '3516070103860001', 'c583ffcef6e633fff16e17a9b12ddcdf', 2),
(125, '3516071510780002', 'SITI NURFAIDAH', ' DUSUN TAMBAK TUGU RW 07 RT 016', '2020-06-30 07:25:20', '1997-03-10', '3516071510780002', '2e5dd71df143aa1b8c816e62e2021090', 2),
(126, '3516072414980003', 'SITI SUNDARI', 'DSN KUTOREJO RT 02 RW 01', '2020-06-30 07:26:04', '1996-05-15', '3516072414980003', 'be6104d5f823fc94ea0ba1d494da8eb2', 2),
(127, '3516072806650002', 'SIYAMTI', 'DUSUN KEPUTRAN RW 09 RT 020', '2020-06-30 07:29:15', '1995-05-26', '3516072806650002', '0ff2403322841459389037382ef258f7', 2),
(128, '3516070404310001', 'SOLIKAH', 'DUSUN KEPUTRAN RW 09 RT 020 ', '2020-06-30 07:30:54', '1993-09-05', '3516070404310001', '633d36ba7d822094b3b8db568024de2c', 2),
(129, '3516071905760001', 'SRI MIATUN', 'DUSUN KUTOREJO RW 01 RT 001', '2020-06-30 07:31:17', '1992-03-11', '3516071905760001', '255a60d2ca0a2e9ec005c664b38c6b81', 2),
(130, '3516070203740001', 'SRIATI', 'DUSUN KUTOREJO RT 8 RW 4', '2020-06-30 07:32:13', '1990-12-29', '3516070203740001', '63cf08b6259992abbc6bab699112d6ae', 2),
(131, '3516070211450000', 'SUDARMI', 'DUSUN KUTOREJO RW 02 RT 005', '2020-06-30 07:32:42', '1989-09-13', '3516070211450000', '2498a5ce7cdb44945dcbe8730b83c921', 2),
(132, '3516070203560001', 'SUHARTIK', 'DUSUN KUTOREJO RW 04 RT 010', '2020-06-30 07:35:26', '1988-10-18', '3516070203560001', 'd53c732099883483f8385f1b5e49a7c6', 2),
(133, '3516070304900001', 'SUMANI', 'DUSUN KEPUTRAN RT 18 RW 08', '2020-06-30 07:36:25', '1987-01-22', '3516070304900001', '6bc9f3dadc1c7f17ca2143531e4da1f6', 2),
(134, '3516102102540001', 'SUMILAH', 'DUSUN KEPUTRAN RW 09 RT 019', '2020-06-30 07:38:28', '1986-05-25', '3516102102540001', '62a7c3ad1854b90522e93c04146b846a', 2),
(135, '3524190511700003', 'SUNARSIH', 'DUSUN KUTOREJO RW 03 RT 005', '2020-06-30 07:42:33', '1985-06-12', '3524190511700003', 'cdc795ce02967357d29af2a473a4b97a', 2),
(136, '3516070110790002', 'SUPARLIK', 'DUSUN SAMBISARI RW 6 RT 13', '2020-06-30 07:46:08', '1984-04-18', '3516070110790002', '0b1b89a77b75568e4c157da21caf5065', 2),
(137, '3173011008870020', 'SUPINAH', 'DSN SAMBISARI RT 13 RW 6 ', '2020-06-30 07:46:45', '1987-09-23', '3173011008870020', 'e9772be682f0c12c6c8908c4b179aa03', 2),
(138, '3516073112500080', 'SURINI', 'DSN KUTOREJO RT 02 RW 01 ', '2020-06-30 07:47:15', '1986-03-08', '3516073112500080', 'bffe593690a905a30b464f9397bb0b77', 2),
(139, '3516071705550000', 'SUSANTI', 'DSN KUTOREJO RT 02 RW 01', '2020-06-30 07:47:40', '1988-09-24', '3516071705550000', '17bd7ba14e9c987d1926676f4bf4a773', 2),
(140, '3516075011340000', 'SUSIANI', 'DUSUN KEPUTRAN RW 09 RT 019', '2020-06-30 07:52:17', '1989-02-28', '3516075011340000', 'c9d25797c7c6e6bce8cb003588acf8b7', 2),
(141, '3516074012450003', 'Juwariyah', 'DUSUN KUTOREJO RW 04 RT 008', '2020-06-30 07:53:04', '1990-01-29', '3516074012450003', '1e20dd604d4cae3ab3217aa44a2a25dc', 2),
(142, '3516070109370000', 'SUTRANI', 'DSN SAMBISARI RT 13 RW 6 ', '2020-06-30 07:57:49', '1991-03-31', '3516070109370000', 'd27c3df31a2727306b9d6b0da9ee33d8', 2),
(143, '3516073112620010', 'SUWANTI', 'DUSUN TAMBAK TUGU RW 07 RT 015', '2020-06-30 07:58:45', '1992-08-05', '3516073112620010', '0fc53c16d919faecc002b77696e46d27', 2),
(144, '3516070723038400', 'SUWARTI', 'DUSUN KEPUTRAN RW 09 RT 019', '2020-06-30 07:59:26', '1993-12-10', '3516070723038400', 'c243d3ef1ad9f34c2fda752d1c9fe1a4', 2),
(145, '3516073112410007', 'SUWATIN', 'DUSUN KEPUTRAN RT 20 RW 09', '2020-06-30 08:00:50', '1994-10-29', '3516073112410007', '977a7907b5c9d7e254df9c5e242b57ce', 2),
(146, '3516121001820030', 'TUTIK YULIANTI', 'DUSUN SAMBISARI RT 12 RW 05', '2020-06-30 08:01:19', '1996-07-31', '3516121001820030', '9a0ba09fbbf7013cdce65008b42379c6', 2),
(147, '3516071109630010', 'UMBARI', 'DUSUN KEPUTRAN RT 18 RW 08', '2020-06-30 08:01:42', '1997-06-01', '3516071109630010', 'a9b251228c2e4537ac69044c48d16f01', 2),
(148, '3516074207630006', 'UMI MUSYAFAAH', 'DUSUN KUTOREJO RW 04 RT 008', '2020-06-30 08:02:05', '1998-02-14', '3516074207630006', '047461938a15cbc6b9a51da2a977201b', 2),
(154, '3516073102650010', 'WINARTI', 'DSN SAMBISARI RT 13 RW 6 ', '2020-07-12 11:43:26', '1991-10-07', '3516073102650010', 'a343014b72f58c9945c58a5b6ce468cf', 2),
(155, '3516071003750006', 'WIWIK KHOIRUN NIKMATIN', 'DUSUN KEPUTRAN RW 08 RT 018', '2020-07-12 11:43:53', '1995-11-18', '3516071003750006', 'f3cf3236ca3a091f823f4109b6918fec', 2),
(156, '3516070307830013', 'YAMINAH', 'DUSUN KEPUTRAN RW 09 RT 019', '2020-07-12 11:44:18', '1992-05-18', '3516070307830013', '8f55e215a9052e0980659259da4d62b3', 2),
(157, '3516072101820009', 'YAYUK SRIWIDAYATI', 'DUSUN KUTOREJO RW 04 RT 010', '2020-07-12 11:44:41', '1984-06-20', '3516072101820009', 'a81890fddc05ee9de2f611aa38b8ee2d', 2),
(158, '3516072408630008', 'YULIATI', 'RT 14 RW 6 DUSUN SAMBISARI', '2020-07-12 11:45:05', '1985-04-25', '3516072408630008', '15ab771b9ecb835d3df23a2f74318bc1', 2),
(159, '3516071209670011', 'YULIFAH', 'DSN SAMBISARI RT13 RW 06', '2020-07-12 11:46:05', '1986-11-03', '3516071209670011', 'b377c2f9d05824ad7f4c3c96cac0f7dc', 2),
(160, '3516075804610004', 'SUGIARTI FINA', 'Dsn Kutorejo RT 09 RW 03', '2020-07-12 11:46:31', '1988-06-20', '3516075804610004', 'adbc5c0a3c76f43a890aa589c8215fc6', 2),
(161, '3516071905760021', 'KIKI MUJIATI', 'Dsn Keputran RT 18 RW 08', '2020-07-12 11:46:57', '1989-02-25', '3516071905760021', 'fef667f7e4e848076c388390ba8f3007', 2),
(162, '3516072203740004', 'NUR FARIDA', 'DSN Sambisari RT 07 RW 04', '2020-07-12 11:47:46', '1990-09-08', '3516072203740004', 'db0863f722c4eb0104d67452bb6d0847', 2),
(163, '3516071606490013', 'SUTATIK', 'DSN Sambisari RT 07 RW 04', '2020-07-12 11:48:11', '1991-04-15', '3516071606490013', '2ec44cb3907ecd903ee9b921e2ec8dbd', 2);

-- --------------------------------------------------------

--
-- Struktur dari tabel `tb_solusi`
--

CREATE TABLE `tb_solusi` (
  `id_solusi` bigint(20) NOT NULL,
  `status` enum('Normal','Sedang','Tinggi') NOT NULL,
  `solusi` text NOT NULL
) ENGINE=InnoDB DEFAULT CHARSET=latin1;

--
-- Dumping data untuk tabel `tb_solusi`
--

INSERT INTO `tb_solusi` (`id_solusi`, `status`, `solusi`) VALUES
(1, 'Normal', 'Menjaga asupan makanan, mengontrol berat badan, melakukan olahraga ringan setiap hari, rajin meminun vitamin'),
(2, 'Sedang', 'hindari konsumsi makanan berlemak, hindari makanan tinggi garam, ketika tidur posisi kaki lebih tinggi dari kepala, segera melakukan pemeriksaan lanjutan ke rumah sakit'),
(3, 'Tinggi', 'Segera menghubungi faskes terdekat, dan melakukan pemeriksaan lanjutan ke rumah sakit');

-- --------------------------------------------------------

--
-- Struktur dari tabel `tb_user`
--

CREATE TABLE `tb_user` (
  `id_user` bigint(20) NOT NULL,
  `nama` varchar(20) NOT NULL,
  `username` varchar(20) NOT NULL,
  `password` varchar(40) NOT NULL,
  `id_level` bigint(20) NOT NULL
) ENGINE=InnoDB DEFAULT CHARSET=latin1;

--
-- Dumping data untuk tabel `tb_user`
--

INSERT INTO `tb_user` (`id_user`, `nama`, `username`, `password`, `id_level`) VALUES
(1, 'Wiwik', 'admin', '827ccb0eea8a706c4c34a16891f84e7b', 1),
(3, 'vina', 'vina', '827ccb0eea8a706c4c34a16891f84e7b', 1),
(4, 'anda yani', 'anda', '827ccb0eea8a706c4c34a16891f84e7b', 2),
(5, 'kiki', 'kiki', '827ccb0eea8a706c4c34a16891f84e7b', 2),
(6, 'yasmin', 'yasmin', '827ccb0eea8a706c4c34a16891f84e7b', 2),
(7, 'sunanik', 'sunanik', '827ccb0eea8a706c4c34a16891f84e7b', 2),
(8, 'hurin', 'hurin', '827ccb0eea8a706c4c34a16891f84e7b', 2);

-- --------------------------------------------------------

--
-- Stand-in struktur untuk tampilan `view_rekam`
-- (Lihat di bawah untuk tampilan aktual)
--
CREATE TABLE `view_rekam` (
`id_pasien` bigint(20)
,`kategori_gejala` enum('TDS','TDD','KBB','UK','UI','EDEMA','PROTEINURIA')
,`hasil_konsultasi` enum('Normal','Sedang','Tinggi')
,`persentase` double
,`solusi` text
);

-- --------------------------------------------------------

--
-- Stand-in struktur untuk tampilan `v_aturan`
-- (Lihat di bawah untuk tampilan aktual)
--
CREATE TABLE `v_aturan` (
`status_aturan` enum('Normal','Sedang','Tinggi')
,`cf_aturan` double
,`tdd` varchar(20)
,`tds` varchar(20)
,`ui` varchar(20)
,`kbb` varchar(20)
,`uk` varchar(20)
,`edema` varchar(20)
,`proteinuria` varchar(20)
);

-- --------------------------------------------------------

--
-- Stand-in struktur untuk tampilan `v_kategori_gejala`
-- (Lihat di bawah untuk tampilan aktual)
--
CREATE TABLE `v_kategori_gejala` (
`id_kategori_gejala` bigint(20)
,`id_gejala` bigint(20)
,`kode_gejala` enum('TDS','TDD','KBB','UK','UI','EDEMA','PROTEINURIA')
,`nama_gejala` varchar(30)
,`label_gejala` varchar(10)
,`kategori_gejala` varchar(20)
,`cf_gejala` double
);

-- --------------------------------------------------------

--
-- Struktur untuk view `view_rekam`
--
DROP TABLE IF EXISTS `view_rekam`;

CREATE ALGORITHM=UNDEFINED DEFINER=`root`@`localhost` SQL SECURITY DEFINER VIEW `view_rekam`  AS  select `tb_konsultasi`.`id_pasien` AS `id_pasien`,`tb_detail_konsultasi`.`kategori_gejala` AS `kategori_gejala`,`tb_konsultasi`.`hasil_konsultasi` AS `hasil_konsultasi`,`tb_konsultasi`.`persentase` AS `persentase`,`tb_konsultasi`.`solusi` AS `solusi` from (`tb_konsultasi` join `tb_detail_konsultasi`) where (`tb_konsultasi`.`id_konsultasi` = `tb_detail_konsultasi`.`id_konsultasi`) ;

-- --------------------------------------------------------

--
-- Struktur untuk view `v_aturan`
--
DROP TABLE IF EXISTS `v_aturan`;

CREATE ALGORITHM=UNDEFINED DEFINER=`root`@`localhost` SQL SECURITY DEFINER VIEW `v_aturan`  AS  select `a`.`status_aturan` AS `status_aturan`,`a`.`cf_aturan` AS `cf_aturan`,(select `v_kategori_gejala`.`kategori_gejala` from `v_kategori_gejala` where (`v_kategori_gejala`.`id_kategori_gejala` = (select `tb_detail_aturan`.`id_kategori_gejala` from `tb_detail_aturan` where (`tb_detail_aturan`.`id_aturan` = `a`.`id_aturan`) order by `tb_detail_aturan`.`id_detail_aturan` limit 0,1))) AS `tdd`,(select `v_kategori_gejala`.`kategori_gejala` from `v_kategori_gejala` where (`v_kategori_gejala`.`id_kategori_gejala` = (select `tb_detail_aturan`.`id_kategori_gejala` from `tb_detail_aturan` where (`tb_detail_aturan`.`id_aturan` = `a`.`id_aturan`) order by `tb_detail_aturan`.`id_detail_aturan` limit 1,1))) AS `tds`,(select `v_kategori_gejala`.`kategori_gejala` from `v_kategori_gejala` where (`v_kategori_gejala`.`id_kategori_gejala` = (select `tb_detail_aturan`.`id_kategori_gejala` from `tb_detail_aturan` where (`tb_detail_aturan`.`id_aturan` = `a`.`id_aturan`) order by `tb_detail_aturan`.`id_detail_aturan` limit 2,1))) AS `ui`,(select `v_kategori_gejala`.`kategori_gejala` from `v_kategori_gejala` where (`v_kategori_gejala`.`id_kategori_gejala` = (select `tb_detail_aturan`.`id_kategori_gejala` from `tb_detail_aturan` where (`tb_detail_aturan`.`id_aturan` = `a`.`id_aturan`) order by `tb_detail_aturan`.`id_detail_aturan` limit 3,1))) AS `kbb`,(select `v_kategori_gejala`.`kategori_gejala` from `v_kategori_gejala` where (`v_kategori_gejala`.`id_kategori_gejala` = (select `tb_detail_aturan`.`id_kategori_gejala` from `tb_detail_aturan` where (`tb_detail_aturan`.`id_aturan` = `a`.`id_aturan`) order by `tb_detail_aturan`.`id_detail_aturan` limit 4,1))) AS `uk`,(select `v_kategori_gejala`.`kategori_gejala` from `v_kategori_gejala` where (`v_kategori_gejala`.`id_kategori_gejala` = (select `tb_detail_aturan`.`id_kategori_gejala` from `tb_detail_aturan` where (`tb_detail_aturan`.`id_aturan` = `a`.`id_aturan`) order by `tb_detail_aturan`.`id_detail_aturan` limit 5,1))) AS `edema`,(select `v_kategori_gejala`.`kategori_gejala` from `v_kategori_gejala` where (`v_kategori_gejala`.`id_kategori_gejala` = (select `tb_detail_aturan`.`id_kategori_gejala` from `tb_detail_aturan` where (`tb_detail_aturan`.`id_aturan` = `a`.`id_aturan`) order by `tb_detail_aturan`.`id_detail_aturan` limit 6,1))) AS `proteinuria` from `tb_aturan` `a` ;

-- --------------------------------------------------------

--
-- Struktur untuk view `v_kategori_gejala`
--
DROP TABLE IF EXISTS `v_kategori_gejala`;

CREATE ALGORITHM=UNDEFINED DEFINER=`root`@`localhost` SQL SECURITY DEFINER VIEW `v_kategori_gejala`  AS  select `kg`.`id_kategori_gejala` AS `id_kategori_gejala`,`g`.`id_gejala` AS `id_gejala`,`g`.`kode_gejala` AS `kode_gejala`,`g`.`nama_gejala` AS `nama_gejala`,`g`.`label_gejala` AS `label_gejala`,`kg`.`kategori_gejala` AS `kategori_gejala`,`kg`.`cf_gejala` AS `cf_gejala` from (`tb_gejala` `g` join `tb_kategori_gejala` `kg`) where (`g`.`id_gejala` = `kg`.`id_gejala`) ;

--
-- Indexes for dumped tables
--

--
-- Indeks untuk tabel `tb_aturan`
--
ALTER TABLE `tb_aturan`
  ADD PRIMARY KEY (`id_aturan`);

--
-- Indeks untuk tabel `tb_detail_aturan`
--
ALTER TABLE `tb_detail_aturan`
  ADD PRIMARY KEY (`id_detail_aturan`),
  ADD KEY `id_aturan` (`id_aturan`),
  ADD KEY `id_kategori_gejala` (`id_kategori_gejala`);

--
-- Indeks untuk tabel `tb_detail_konsultasi`
--
ALTER TABLE `tb_detail_konsultasi`
  ADD PRIMARY KEY (`id_detail_konsultasi`),
  ADD KEY `id_konsultasi` (`id_konsultasi`);

--
-- Indeks untuk tabel `tb_gejala`
--
ALTER TABLE `tb_gejala`
  ADD PRIMARY KEY (`id_gejala`),
  ADD UNIQUE KEY `nama_gejala` (`nama_gejala`);

--
-- Indeks untuk tabel `tb_kategori_gejala`
--
ALTER TABLE `tb_kategori_gejala`
  ADD PRIMARY KEY (`id_kategori_gejala`),
  ADD KEY `id_gejala` (`id_gejala`);

--
-- Indeks untuk tabel `tb_konsultasi`
--
ALTER TABLE `tb_konsultasi`
  ADD PRIMARY KEY (`id_konsultasi`),
  ADD KEY `id_pasien` (`id_pasien`);

--
-- Indeks untuk tabel `tb_pasien`
--
ALTER TABLE `tb_pasien`
  ADD PRIMARY KEY (`id_pasien`);

--
-- Indeks untuk tabel `tb_solusi`
--
ALTER TABLE `tb_solusi`
  ADD PRIMARY KEY (`id_solusi`);

--
-- Indeks untuk tabel `tb_user`
--
ALTER TABLE `tb_user`
  ADD PRIMARY KEY (`id_user`);

--
-- AUTO_INCREMENT untuk tabel yang dibuang
--

--
-- AUTO_INCREMENT untuk tabel `tb_aturan`
--
ALTER TABLE `tb_aturan`
  MODIFY `id_aturan` bigint(20) NOT NULL AUTO_INCREMENT, AUTO_INCREMENT=1459;

--
-- AUTO_INCREMENT untuk tabel `tb_detail_aturan`
--
ALTER TABLE `tb_detail_aturan`
  MODIFY `id_detail_aturan` bigint(20) NOT NULL AUTO_INCREMENT, AUTO_INCREMENT=10207;

--
-- AUTO_INCREMENT untuk tabel `tb_detail_konsultasi`
--
ALTER TABLE `tb_detail_konsultasi`
  MODIFY `id_detail_konsultasi` bigint(20) NOT NULL AUTO_INCREMENT;

--
-- AUTO_INCREMENT untuk tabel `tb_gejala`
--
ALTER TABLE `tb_gejala`
  MODIFY `id_gejala` bigint(20) NOT NULL AUTO_INCREMENT, AUTO_INCREMENT=8;

--
-- AUTO_INCREMENT untuk tabel `tb_kategori_gejala`
--
ALTER TABLE `tb_kategori_gejala`
  MODIFY `id_kategori_gejala` bigint(20) NOT NULL AUTO_INCREMENT, AUTO_INCREMENT=24;

--
-- AUTO_INCREMENT untuk tabel `tb_konsultasi`
--
ALTER TABLE `tb_konsultasi`
  MODIFY `id_konsultasi` bigint(20) NOT NULL AUTO_INCREMENT, AUTO_INCREMENT=417;

--
-- AUTO_INCREMENT untuk tabel `tb_pasien`
--
ALTER TABLE `tb_pasien`
  MODIFY `id_pasien` bigint(20) NOT NULL AUTO_INCREMENT, AUTO_INCREMENT=164;

--
-- AUTO_INCREMENT untuk tabel `tb_solusi`
--
ALTER TABLE `tb_solusi`
  MODIFY `id_solusi` bigint(20) NOT NULL AUTO_INCREMENT, AUTO_INCREMENT=4;

--
-- AUTO_INCREMENT untuk tabel `tb_user`
--
ALTER TABLE `tb_user`
  MODIFY `id_user` bigint(20) NOT NULL AUTO_INCREMENT, AUTO_INCREMENT=9;

--
-- Ketidakleluasaan untuk tabel pelimpahan (Dumped Tables)
--

--
-- Ketidakleluasaan untuk tabel `tb_detail_aturan`
--
ALTER TABLE `tb_detail_aturan`
  ADD CONSTRAINT `tb_detail_aturan_ibfk_1` FOREIGN KEY (`id_aturan`) REFERENCES `tb_aturan` (`id_aturan`) ON DELETE CASCADE,
  ADD CONSTRAINT `tb_detail_aturan_ibfk_2` FOREIGN KEY (`id_kategori_gejala`) REFERENCES `tb_kategori_gejala` (`id_kategori_gejala`) ON DELETE CASCADE;

--
-- Ketidakleluasaan untuk tabel `tb_detail_konsultasi`
--
ALTER TABLE `tb_detail_konsultasi`
  ADD CONSTRAINT `tb_detail_konsultasi_ibfk_1` FOREIGN KEY (`id_konsultasi`) REFERENCES `tb_konsultasi` (`id_konsultasi`) ON DELETE CASCADE;

--
-- Ketidakleluasaan untuk tabel `tb_kategori_gejala`
--
ALTER TABLE `tb_kategori_gejala`
  ADD CONSTRAINT `tb_kategori_gejala_ibfk_1` FOREIGN KEY (`id_gejala`) REFERENCES `tb_gejala` (`id_gejala`) ON DELETE CASCADE;

--
-- Ketidakleluasaan untuk tabel `tb_konsultasi`
--
ALTER TABLE `tb_konsultasi`
  ADD CONSTRAINT `tb_konsultasi_ibfk_1` FOREIGN KEY (`id_pasien`) REFERENCES `tb_pasien` (`id_pasien`) ON DELETE CASCADE;
COMMIT;

/*!40101 SET CHARACTER_SET_CLIENT=@OLD_CHARACTER_SET_CLIENT */;
/*!40101 SET CHARACTER_SET_RESULTS=@OLD_CHARACTER_SET_RESULTS */;
/*!40101 SET COLLATION_CONNECTION=@OLD_COLLATION_CONNECTION */;
